// GERADO (arte propria) — silhueta da companhia.
#include "lvgl.h"

static const uint8_t party_img_data[] = {
    0x3c,0x66,0xd7,0x00,0x3c,0x66,0xd7,0x00,0x3c,0x66,0xd7,0x00,0x3c,0x66,0xd7,0x00,0x3c,0x66,0xd7,0x00,
    0x3c,0x66,0xd7,0x00,0x3c,0x66,0xd7,0x00,0x3c,0x66,0xd7,0x00,0x3c,0x66,0xd7,0x00,0x3c,0x66,0xd7,0x00,
    0x3c,0x66,0xd7,0x00,0x3c,0x66,0xd7,0x00,0x3c,0x66,0xd7,0x00,0x3c,0x66,0xd7,0x00,0x3c,0x66,0xd7,0x00,
    0x3c,0x66,0xd7,0x00,0x3c,0x66,0xd7,0x00,0x3c,0x66,0xd7,0x00,0x3c,0x66,0xd7,0x00,0x3c,0x66,0xd7,0x00,
    0x3c,0x66,0xd7,0x00,0x3c,0x66,0xd7,0x00,0x3c,0x66,0xd7,0x00,0x3c,0x66,0xd7,0x00,0x3c,0x66,0xd7,0x00,
    0x3c,0x66,0xd7,0x03,0x3c,0x66,0xd7,0x01,0x3c,0x66,0xd7,0x37,0x3c,0x66,0xd7,0xfb,0x3c,0x66,0xd7,0xfd,
    0x3c,0x66,0xd7,0xfb,0x3c,0x66,0xd7,0xff,0x3c,0x66,0xd7,0x74,0x3c,0x66,0xd7,0x00,0x3c,0x66,0xd7,0x04,
    0x3c,0x66,0xd7,0x00,0x3c,0x66,0xd7,0x00,0x3c,0x66,0xd7,0x00,0x3c,0x66,0xd7,0x00,0x3c,0x66,0xd7,0x00,
    0x3c,0x66,0xd7,0x00,0x3c,0x66,0xd7,0x00,0x3c,0x66,0xd7,0x00,0x3c,0x66,0xd7,0x01,0x3c,0x66,0xd7,0x04,
    0x3c,0x66,0xd7,0x05,0x3c,0x66,0xd7,0x03,0x3c,0x66,0xd7,0x00,0x3c,0x66,0xd7,0x00,0x3c,0x66,0xd7,0x00,
    0x3c,0x66,0xd7,0x00,0x3c,0x66,0xd7,0x00,0x3c,0x66,0xd7,0x00,0x3c,0x66,0xd7,0x00,0x3c,0x66,0xd7,0x00,
    0x3c,0x66,0xd7,0x00,0x3c,0x66,0xd7,0x00,0x3c,0x66,0xd7,0x00,0x3c,0x66,0xd7,0x00,0x3c,0x66,0xd7,0x00,
    0x3c,0x66,0xd7,0x00,0x3c,0x66,0xd7,0x00,0x3c,0x66,0xd7,0x00,0x3c,0x66,0xd7,0x00,0x3c,0x66,0xd7,0x00,
    0x3c,0x66,0xd7,0x00,0x3c,0x66,0xd7,0x00,0x3c,0x66,0xd7,0x00,0x3c,0x66,0xd7,0x00,0x3c,0x66,0xd7,0x00,
    0x3c,0x66,0xd7,0x00,0x3c,0x66,0xd7,0x00,0x3c,0x66,0xd7,0x00,0x3c,0x66,0xd7,0x00,0x3c,0x66,0xd7,0x00,
    0x3c,0x66,0xd7,0x00,0x3c,0x66,0xd7,0x00,0x3c,0x66,0xd7,0x00,0x3c,0x66,0xd7,0x00,0x3c,0x66,0xd7,0x00,
    0x3c,0x66,0xd7,0x00,0x3c,0x66,0xd7,0x00,0x3c,0x66,0xd7,0x00,0x3c,0x66,0xd7,0x00,0x3c,0x66,0xd7,0x00,
    0x3c,0x66,0xd7,0x00,0x3c,0x66,0xd7,0x00,0x3c,0x66,0xd7,0x00,0x3c,0x66,0xd7,0x00,0x3c,0x66,0xd7,0x00,
    0x3c,0x66,0xd7,0x00,0x3c,0x66,0xd7,0x00,0x3c,0x66,0xd7,0x00,0x3c,0x66,0xd7,0x00,0x3c,0x66,0xd7,0x00,
    0x3c,0x66,0xd7,0x00,0x3c,0x66,0xd7,0x00,0x3c,0x66,0xd7,0x00,0x3c,0x66,0xd7,0x00,0x3c,0x66,0xd7,0x00,
    0x3c,0x66,0xd7,0x00,0x3c,0x66,0xd7,0x00,0x3c,0x66,0xd7,0x00,0x3c,0x66,0xd7,0x00,0x3c,0x66,0xd7,0x00,
    0x3c,0x66,0xd7,0x00,0x3c,0x66,0xd7,0x00,0x3c,0x66,0xd7,0x00,0x3c,0x66,0xd7,0x00,0x3c,0x66,0xd7,0x00,
    0x3c,0x66,0xd7,0x00,0x3c,0x66,0xd7,0x00,0x3c,0x66,0xd7,0x00,0x3c,0x66,0xd7,0x00,0x3c,0x66,0xd7,0x00,
    0x3c,0x66,0xd7,0x00,0x3c,0x66,0xd7,0x00,0x3c,0x66,0xd7,0x00,0x3c,0x66,0xd7,0x00,0x3c,0x66,0xd7,0x00,
    0x3c,0x66,0xd7,0x00,0x3c,0x66,0xd7,0x00,0x3c,0x66,0xd7,0x00,0x3c,0x66,0xd7,0x00,0x3c,0x66,0xd7,0x00,
    0x3c,0x66,0xd7,0x00,0x3c,0x66,0xd7,0x00,0x3c,0x66,0xd7,0x00,0x3c,0x66,0xd7,0x00,0x3c,0x66,0xd7,0x00,
    0x3c,0x66,0xd7,0x00,0x3c,0x66,0xd7,0x00,0x3c,0x66,0xd7,0x00,0x3c,0x66,0xd7,0x00,0x3c,0x66,0xd7,0x00,
    0x3c,0x66,0xd7,0x00,0x3c,0x66,0xd7,0x00,0x3c,0x66,0xd7,0x00,0x3c,0x66,0xd7,0x00,0x3c,0x66,0xd7,0x00,
    0x3c,0x66,0xd7,0x00,0x3c,0x66,0xd7,0x00,0x3c,0x66,0xd7,0x00,0x3c,0x66,0xd7,0x00,0x3c,0x66,0xd7,0x00,
    0x3c,0x66,0xd7,0x00,0x3c,0x66,0xd7,0x00,0x3c,0x66,0xd7,0x00,0x3c,0x66,0xd7,0x00,0x3c,0x66,0xd7,0x00,
    0x3c,0x66,0xd7,0x00,0x3c,0x66,0xd7,0x00,0x3c,0x66,0xd7,0x00,0x3c,0x66,0xd7,0x00,0x3c,0x66,0xd7,0x00,
    0x3c,0x66,0xd7,0x00,0x3c,0x66,0xd7,0x00,0x3c,0x66,0xd7,0x00,0x3c,0x66,0xd7,0x00,0x3c,0x66,0xd7,0x00,
    0x3c,0x66,0xd7,0x00,0x3c,0x66,0xd7,0x00,0x3c,0x66,0xd7,0x00,0x3c,0x66,0xd7,0x00,0x3c,0x66,0xd7,0x00,
    0x3c,0x66,0xd7,0x00,0x3c,0x66,0xd7,0x00,0x3c,0x66,0xd7,0x00,0x3c,0x66,0xd7,0x00,0x3c,0x66,0xd7,0x00,
    0x3c,0x66,0xd7,0x00,0x3c,0x66,0xd7,0x00,0x3c,0x66,0xd7,0x00,0x3c,0x66,0xd7,0x00,0x3c,0x66,0xd7,0x00,
    0x3c,0x66,0xd7,0x00,0x3c,0x66,0xd7,0x00,0x3c,0x66,0xd7,0x00,0x3c,0x66,0xd7,0x00,0x3c,0x66,0xd7,0x00,
    0x3c,0x66,0xd7,0x00,0x3c,0x66,0xd7,0x00,0x3c,0x66,0xd7,0x00,0x3c,0x66,0xd7,0x00,0x3c,0x66,0xd7,0x00,
    0x3c,0x66,0xd7,0x00,0x3c,0x66,0xd7,0x00,0x3c,0x66,0xd7,0x00,0x3c,0x66,0xd7,0x00,0x3c,0x66,0xd7,0x00,
    0x3c,0x66,0xd7,0x00,0x3c,0x66,0xd7,0x00,0x3c,0x66,0xd7,0x00,0x3c,0x66,0xd7,0x00,0x3c,0x66,0xd7,0x00,
    0x3c,0x66,0xd7,0x00,0x3c,0x66,0xd7,0x00,0x3c,0x66,0xd7,0x00,0x3c,0x66,0xd7,0x00,0x3c,0x66,0xd7,0x00,
    0x3c,0x66,0xd7,0x00,0x3c,0x66,0xd7,0x00,0x3c,0x66,0xd7,0x00,0x3c,0x66,0xd7,0x00,0x3c,0x66,0xd7,0x00,
    0x3c,0x66,0xd7,0x00,0x3c,0x66,0xd7,0x00,0x3c,0x66,0xd7,0x00,0x3c,0x66,0xd7,0x00,0x3c,0x66,0xd7,0x00,
    0x3c,0x66,0xd7,0x00,0x3c,0x66,0xd7,0x00,0x3c,0x66,0xd7,0x00,0x3c,0x66,0xd7,0x00,0x3c,0x66,0xd7,0x00,
    0x3c,0x66,0xd7,0x00,0x3c,0x66,0xd7,0x00,0x3c,0x66,0xd7,0x00,0x3c,0x66,0xd7,0x00,0x3c,0x66,0xd7,0x00,
    0x3c,0x66,0xd7,0x00,0x3c,0x66,0xd7,0x00,0x3c,0x66,0xd7,0x00,0x3c,0x66,0xd7,0x00,0x3c,0x66,0xd7,0x00,
    0x3c,0x66,0xd7,0x00,0x3c,0x66,0xd7,0x00,0x3c,0x66,0xd7,0x00,0x3c,0x66,0xd7,0x00,0x3c,0x66,0xd7,0x00,
    0x3c,0x66,0xd7,0x00,0x3c,0x66,0xd7,0x00,0x3c,0x66,0xd7,0x00,0x3c,0x66,0xd7,0x00,0x3c,0x66,0xd7,0x00,
    0x3c,0x66,0xd7,0x00,0x3c,0x66,0xd7,0x00,0x3c,0x66,0xd7,0x00,0x3c,0x66,0xd7,0x00,0x3c,0x66,0xd7,0x00,
    0x3c,0x66,0xd7,0x00,0x3c,0x66,0xd7,0x00,0x3c,0x66,0xd7,0x00,0x3c,0x66,0xd7,0x00,0x3c,0x66,0xd7,0x00,
    0x3c,0x66,0xd7,0x00,0x3c,0x66,0xd7,0x00,0x3c,0x66,0xd7,0x00,0x3c,0x66,0xd7,0x00,0x3c,0x66,0xd7,0x00,
    0x3c,0x66,0xd7,0x00,0x3c,0x66,0xd7,0x00,0x3c,0x66,0xd7,0x00,0x3c,0x66,0xd7,0x00,0x3c,0x66,0xd7,0x00,
    0x3c,0x66,0xd7,0x00,0x3c,0x66,0xd7,0x00,0x3c,0x66,0xd7,0x00,0x3c,0x66,0xd7,0x00,0x3c,0x66,0xd7,0x00,
    0x3c,0x66,0xd7,0x00,0x3c,0x66,0xd7,0x00,0x3c,0x66,0xd7,0x00,0x3c,0x66,0xd7,0x00,0x3c,0x66,0xd7,0x00,
    0x3c,0x66,0xd7,0x00,0x3c,0x66,0xd7,0x00,0x3c,0x66,0xd7,0x00,0x3c,0x66,0xd7,0x00,0x3c,0x66,0xd7,0x00,
    0x3c,0x66,0xd7,0x00,0x3c,0x66,0xd7,0x00,0x3c,0x66,0xd7,0x00,0x3c,0x66,0xd7,0x00,0x3c,0x66,0xd7,0x00,
    0x3c,0x66,0xd7,0x00,0x3c,0x66,0xd7,0x00,0x3c,0x66,0xd7,0x00,0x3c,0x66,0xd7,0x00,0x3c,0x66,0xd7,0x00,
    0x3c,0x66,0xd7,0x00,0x3c,0x66,0xd7,0x00,0x3c,0x66,0xd7,0x00,0x3c,0x66,0xd7,0x00,0x3c,0x66,0xd7,0x00,
    0x3c,0x66,0xd7,0x00,0x3c,0x66,0xd7,0x00,0x3c,0x66,0xd7,0x00,0x3c,0x66,0xd7,0x00,0x3c,0x66,0xd7,0x00,
    0x3c,0x66,0xd7,0x00,0x3c,0x66,0xd7,0x00,0x3c,0x66,0xd7,0x00,0x3c,0x66,0xd7,0x00,0x3c,0x66,0xd7,0x00,
    0x3c,0x66,0xd7,0x00,0x3c,0x66,0xd7,0x00,0x3c,0x66,0xd7,0x00,0x3c,0x66,0xd7,0x00,0x3c,0x66,0xd7,0x00,
    0x3c,0x66,0xd7,0x00,0x3c,0x66,0xd7,0x00,0x3c,0x66,0xd7,0x00,0x3c,0x66,0xd7,0x00,0x3c,0x66,0xd7,0x00,
    0x3c,0x66,0xd7,0x00,0x3c,0x66,0xd7,0x00,0x3c,0x66,0xd7,0x00,0x3c,0x66,0xd7,0x00,0x3c,0x66,0xd7,0x00,
    0x3c,0x66,0xd7,0x00,0x3c,0x66,0xd7,0x00,0x3c,0x66,0xd7,0x00,0x3c,0x66,0xd7,0x00,0x3c,0x66,0xd7,0x00,
    0x3c,0x66,0xd7,0x00,0x3c,0x66,0xd7,0x00,0x3c,0x66,0xd7,0x00,0x3c,0x66,0xd7,0x00,0x3c,0x66,0xd7,0x00,
    0x3c,0x66,0xd7,0x00,0x3c,0x66,0xd7,0x00,0x3c,0x66,0xd7,0x00,0x3c,0x66,0xd7,0x00,0x3c,0x66,0xd7,0x00,
    0x3c,0x66,0xd7,0x03,0x3c,0x66,0xd7,0x00,0x3c,0x66,0xd7,0x98,0x3c,0x66,0xd7,0xff,0x3c,0x66,0xd7,0xfb,
    0x3c,0x66,0xd7,0xfd,0x3c,0x66,0xd7,0xff,0x3c,0x66,0xd7,0xd2,0x3c,0x66,0xd7,0x04,0x3c,0x66,0xd7,0x01,
    0x3c,0x66,0xd7,0x00,0x3c,0x66,0xd7,0x00,0x3c,0x66,0xd7,0x00,0x3c,0x66,0xd7,0x00,0x3c,0x66,0xd7,0x00,
    0x3c,0x66,0xd7,0x00,0x3c,0x66,0xd7,0x00,0x3c,0x66,0xd7,0x00,0x3c,0x66,0xd7,0x00,0x3c,0x66,0xd7,0x00,
    0x3c,0x66,0xd7,0x00,0x3c,0x66,0xd7,0x00,0x3c,0x66,0xd7,0x02,0x3c,0x66,0xd7,0x00,0x3c,0x66,0xd7,0x00,
    0x3c,0x66,0xd7,0x00,0x3c,0x66,0xd7,0x00,0x3c,0x66,0xd7,0x00,0x3c,0x66,0xd7,0x00,0x3c,0x66,0xd7,0x00,
    0x3c,0x66,0xd7,0x00,0x3c,0x66,0xd7,0x00,0x3c,0x66,0xd7,0x00,0x3c,0x66,0xd7,0x00,0x3c,0x66,0xd7,0x00,
    0x3c,0x66,0xd7,0x00,0x3c,0x66,0xd7,0x00,0x3c,0x66,0xd7,0x00,0x3c,0x66,0xd7,0x00,0x3c,0x66,0xd7,0x00,
    0x3c,0x66,0xd7,0x00,0x3c,0x66,0xd7,0x00,0x3c,0x66,0xd7,0x00,0x3c,0x66,0xd7,0x00,0x3c,0x66,0xd7,0x00,
    0x3c,0x66,0xd7,0x00,0x3c,0x66,0xd7,0x00,0x3c,0x66,0xd7,0x00,0x3c,0x66,0xd7,0x00,0x3c,0x66,0xd7,0x00,
    0x3c,0x66,0xd7,0x00,0x3c,0x66,0xd7,0x00,0x3c,0x66,0xd7,0x00,0x3c,0x66,0xd7,0x00,0x3c,0x66,0xd7,0x00,
    0x3c,0x66,0xd7,0x00,0x3c,0x66,0xd7,0x00,0x3c,0x66,0xd7,0x00,0x3c,0x66,0xd7,0x00,0x3c,0x66,0xd7,0x00,
    0x3c,0x66,0xd7,0x00,0x3c,0x66,0xd7,0x00,0x3c,0x66,0xd7,0x00,0x3c,0x66,0xd7,0x00,0x3c,0x66,0xd7,0x00,
    0x3c,0x66,0xd7,0x00,0x3c,0x66,0xd7,0x00,0x3c,0x66,0xd7,0x00,0x3c,0x66,0xd7,0x00,0x3c,0x66,0xd7,0x00,
    0x3c,0x66,0xd7,0x00,0x3c,0x66,0xd7,0x00,0x3c,0x66,0xd7,0x00,0x3c,0x66,0xd7,0x00,0x3c,0x66,0xd7,0x00,
    0x3c,0x66,0xd7,0x00,0x3c,0x66,0xd7,0x00,0x3c,0x66,0xd7,0x00,0x3c,0x66,0xd7,0x00,0x3c,0x66,0xd7,0x00,
    0x3c,0x66,0xd7,0x00,0x3c,0x66,0xd7,0x00,0x3c,0x66,0xd7,0x00,0x3c,0x66,0xd7,0x00,0x3c,0x66,0xd7,0x00,
    0x3c,0x66,0xd7,0x00,0x3c,0x66,0xd7,0x00,0x3c,0x66,0xd7,0x00,0x3c,0x66,0xd7,0x00,0x3c,0x66,0xd7,0x00,
    0x3c,0x66,0xd7,0x00,0x3c,0x66,0xd7,0x00,0x3c,0x66,0xd7,0x00,0x3c,0x66,0xd7,0x00,0x3c,0x66,0xd7,0x00,
    0x3c,0x66,0xd7,0x00,0x3c,0x66,0xd7,0x00,0x3c,0x66,0xd7,0x00,0x3c,0x66,0xd7,0x00,0x3c,0x66,0xd7,0x00,
    0x3c,0x66,0xd7,0x00,0x3c,0x66,0xd7,0x00,0x3c,0x66,0xd7,0x00,0x3c,0x66,0xd7,0x00,0x3c,0x66,0xd7,0x00,
    0x3c,0x66,0xd7,0x00,0x3c,0x66,0xd7,0x00,0x3c,0x66,0xd7,0x00,0x3c,0x66,0xd7,0x00,0x3c,0x66,0xd7,0x00,
    0x3c,0x66,0xd7,0x00,0x3c,0x66,0xd7,0x00,0x3c,0x66,0xd7,0x00,0x3c,0x66,0xd7,0x00,0x3c,0x66,0xd7,0x00,
    0x3c,0x66,0xd7,0x00,0x3c,0x66,0xd7,0x00,0x3c,0x66,0xd7,0x00,0x3c,0x66,0xd7,0x00,0x3c,0x66,0xd7,0x00,
    0x3c,0x66,0xd7,0x00,0x3c,0x66,0xd7,0x00,0x3c,0x66,0xd7,0x00,0x3c,0x66,0xd7,0x00,0x3c,0x66,0xd7,0x00,
    0x3c,0x66,0xd7,0x00,0x3c,0x66,0xd7,0x00,0x3c,0x66,0xd7,0x00,0x3c,0x66,0xd7,0x00,0x3c,0x66,0xd7,0x00,
    0x3c,0x66,0xd7,0x00,0x3c,0x66,0xd7,0x00,0x3c,0x66,0xd7,0x00,0x3c,0x66,0xd7,0x00,0x3c,0x66,0xd7,0x00,
    0x3c,0x66,0xd7,0x00,0x3c,0x66,0xd7,0x00,0x3c,0x66,0xd7,0x00,0x3c,0x66,0xd7,0x00,0x3c,0x66,0xd7,0x00,
    0x3c,0x66,0xd7,0x00,0x3c,0x66,0xd7,0x00,0x3c,0x66,0xd7,0x00,0x3c,0x66,0xd7,0x00,0x3c,0x66,0xd7,0x00,
    0x3c,0x66,0xd7,0x00,0x3c,0x66,0xd7,0x00,0x3c,0x66,0xd7,0x00,0x3c,0x66,0xd7,0x00,0x3c,0x66,0xd7,0x00,
    0x3c,0x66,0xd7,0x00,0x3c,0x66,0xd7,0x00,0x3c,0x66,0xd7,0x00,0x3c,0x66,0xd7,0x00,0x3c,0x66,0xd7,0x00,
    0x3c,0x66,0xd7,0x00,0x3c,0x66,0xd7,0x00,0x3c,0x66,0xd7,0x00,0x3c,0x66,0xd7,0x00,0x3c,0x66,0xd7,0x00,
    0x3c,0x66,0xd7,0x00,0x3c,0x66,0xd7,0x00,0x3c,0x66,0xd7,0x00,0x3c,0x66,0xd7,0x00,0x3c,0x66,0xd7,0x00,
    0x3c,0x66,0xd7,0x00,0x3c,0x66,0xd7,0x00,0x3c,0x66,0xd7,0x00,0x3c,0x66,0xd7,0x00,0x3c,0x66,0xd7,0x00,
    0x3c,0x66,0xd7,0x00,0x3c,0x66,0xd7,0x00,0x3c,0x66,0xd7,0x00,0x3c,0x66,0xd7,0x00,0x3c,0x66,0xd7,0x00,
    0x3c,0x66,0xd7,0x00,0x3c,0x66,0xd7,0x00,0x3c,0x66,0xd7,0x00,0x3c,0x66,0xd7,0x00,0x3c,0x66,0xd7,0x00,
    0x3c,0x66,0xd7,0x00,0x3c,0x66,0xd7,0x00,0x3c,0x66,0xd7,0x00,0x3c,0x66,0xd7,0x00,0x3c,0x66,0xd7,0x00,
    0x3c,0x66,0xd7,0x00,0x3c,0x66,0xd7,0x00,0x3c,0x66,0xd7,0x00,0x3c,0x66,0xd7,0x00,0x3c,0x66,0xd7,0x00,
    0x3c,0x66,0xd7,0x00,0x3c,0x66,0xd7,0x00,0x3c,0x66,0xd7,0x00,0x3c,0x66,0xd7,0x00,0x3c,0x66,0xd7,0x00,
    0x3c,0x66,0xd7,0x00,0x3c,0x66,0xd7,0x00,0x3c,0x66,0xd7,0x00,0x3c,0x66,0xd7,0x00,0x3c,0x66,0xd7,0x00,
    0x3c,0x66,0xd7,0x00,0x3c,0x66,0xd7,0x00,0x3c,0x66,0xd7,0x00,0x3c,0x66,0xd7,0x00,0x3c,0x66,0xd7,0x00,
    0x3c,0x66,0xd7,0x00,0x3c,0x66,0xd7,0x00,0x3c,0x66,0xd7,0x00,0x3c,0x66,0xd7,0x00,0x3c,0x66,0xd7,0x00,
    0x3c,0x66,0xd7,0x00,0x3c,0x66,0xd7,0x00,0x3c,0x66,0xd7,0x00,0x3c,0x66,0xd7,0x00,0x3c,0x66,0xd7,0x00,
    0x3c,0x66,0xd7,0x00,0x3c,0x66,0xd7,0x00,0x3c,0x66,0xd7,0x00,0x3c,0x66,0xd7,0x00,0x3c,0x66,0xd7,0x00,
    0x3c,0x66,0xd7,0x00,0x3c,0x66,0xd7,0x00,0x3c,0x66,0xd7,0x00,0x3c,0x66,0xd7,0x00,0x3c,0x66,0xd7,0x00,
    0x3c,0x66,0xd7,0x00,0x3c,0x66,0xd7,0x00,0x3c,0x66,0xd7,0x00,0x3c,0x66,0xd7,0x00,0x3c,0x66,0xd7,0x00,
    0x3c,0x66,0xd7,0x00,0x3c,0x66,0xd7,0x00,0x3c,0x66,0xd7,0x00,0x3c,0x66,0xd7,0x00,0x3c,0x66,0xd7,0x00,
    0x3c,0x66,0xd7,0x00,0x3c,0x66,0xd7,0x00,0x3c,0x66,0xd7,0x00,0x3c,0x66,0xd7,0x00,0x3c,0x66,0xd7,0x00,
    0x3c,0x66,0xd7,0x00,0x3c,0x66,0xd7,0x00,0x3c,0x66,0xd7,0x00,0x3c,0x66,0xd7,0x00,0x3c,0x66,0xd7,0x00,
    0x3c,0x66,0xd7,0x00,0x3c,0x66,0xd7,0x00,0x3c,0x66,0xd7,0x00,0x3c,0x66,0xd7,0x00,0x3c,0x66,0xd7,0x00,
    0x3c,0x66,0xd7,0x00,0x3c,0x66,0xd7,0x00,0x3c,0x66,0xd7,0x00,0x3c,0x66,0xd7,0x00,0x3c,0x66,0xd7,0x00,
    0x3c,0x66,0xd7,0x00,0x3c,0x66,0xd7,0x00,0x3c,0x66,0xd7,0x00,0x3c,0x66,0xd7,0x00,0x3c,0x66,0xd7,0x00,
    0x3c,0x66,0xd7,0x00,0x3c,0x66,0xd7,0x00,0x3c,0x66,0xd7,0x00,0x3c,0x66,0xd7,0x00,0x3c,0x66,0xd7,0x00,
    0x3c,0x66,0xd7,0x00,0x3c,0x66,0xd7,0x00,0x3c,0x66,0xd7,0x00,0x3c,0x66,0xd7,0x00,0x3c,0x66,0xd7,0x00,
    0x3c,0x66,0xd7,0x00,0x3c,0x66,0xd7,0x00,0x3c,0x66,0xd7,0x00,0x3c,0x66,0xd7,0x00,0x3c,0x66,0xd7,0x00,
    0x3c,0x66,0xd7,0x00,0x3c,0x66,0xd7,0x00,0x3c,0x66,0xd7,0x00,0x3c,0x66,0xd7,0x00,0x3c,0x66,0xd7,0x00,
    0x3c,0x66,0xd7,0x00,0x3c,0x66,0xd7,0x00,0x3c,0x66,0xd7,0x00,0x3c,0x66,0xd7,0x00,0x3c,0x66,0xd7,0x00,
    0x3c,0x66,0xd7,0x00,0x3c,0x66,0xd7,0x00,0x3c,0x66,0xd7,0x00,0x3c,0x66,0xd7,0x00,0x3c,0x66,0xd7,0x00,
    0x3c,0x66,0xd7,0x00,0x3c,0x66,0xd7,0x00,0x3c,0x66,0xd7,0x00,0x3c,0x66,0xd7,0x00,0x3c,0x66,0xd7,0x00,
    0x3c,0x66,0xd7,0x00,0x3c,0x66,0xd7,0x00,0x3c,0x66,0xd7,0x00,0x3c,0x66,0xd7,0x00,0x3c,0x66,0xd7,0x01,
    0x3c,0x66,0xd7,0x01,0x3c,0x66,0xd7,0x16,0x3c,0x66,0xd7,0xec,0x3c,0x66,0xd7,0xfe,0x3c,0x66,0xd7,0xfe,
    0x3c,0x66,0xd7,0xff,0x3c,0x66,0xd7,0xfd,0x3c,0x66,0xd7,0xff,0x3c,0x66,0xd7,0x43,0x3c,0x66,0xd7,0x00,
    0x3c,0x66,0xd7,0x03,0x3c,0x66,0xd7,0x00,0x3c,0x66,0xd7,0x00,0x3c,0x66,0xd7,0x00,0x3c,0x66,0xd7,0x00,
    0x3c,0x66,0xd7,0x00,0x3c,0x66,0xd7,0x01,0x3c,0x66,0xd7,0x00,0x3c,0x66,0xd7,0x00,0x3c,0x66,0xd7,0x5c,
    0x3c,0x66,0xd7,0x80,0x3c,0x66,0xd7,0x42,0x3c,0x66,0xd7,0x00,0x3c,0x66,0xd7,0x02,0x3c,0x66,0xd7,0x00,
    0x3c,0x66,0xd7,0x00,0x3c,0x66,0xd7,0x00,0x3c,0x66,0xd7,0x00,0x3c,0x66,0xd7,0x00,0x3c,0x66,0xd7,0x00,
    0x3c,0x66,0xd7,0x00,0x3c,0x66,0xd7,0x00,0x3c,0x66,0xd7,0x00,0x3c,0x66,0xd7,0x00,0x3c,0x66,0xd7,0x00,
    0x3c,0x66,0xd7,0x00,0x3c,0x66,0xd7,0x00,0x3c,0x66,0xd7,0x00,0x3c,0x66,0xd7,0x00,0x3c,0x66,0xd7,0x00,
    0x3c,0x66,0xd7,0x00,0x3c,0x66,0xd7,0x00,0x3c,0x66,0xd7,0x00,0x3c,0x66,0xd7,0x00,0x3c,0x66,0xd7,0x00,
    0x3c,0x66,0xd7,0x00,0x3c,0x66,0xd7,0x00,0x3c,0x66,0xd7,0x00,0x3c,0x66,0xd7,0x00,0x3c,0x66,0xd7,0x00,
    0x3c,0x66,0xd7,0x00,0x3c,0x66,0xd7,0x00,0x3c,0x66,0xd7,0x00,0x3c,0x66,0xd7,0x00,0x3c,0x66,0xd7,0x00,
    0x3c,0x66,0xd7,0x00,0x3c,0x66,0xd7,0x00,0x3c,0x66,0xd7,0x00,0x3c,0x66,0xd7,0x00,0x3c,0x66,0xd7,0x00,
    0x3c,0x66,0xd7,0x00,0x3c,0x66,0xd7,0x00,0x3c,0x66,0xd7,0x00,0x3c,0x66,0xd7,0x00,0x3c,0x66,0xd7,0x00,
    0x3c,0x66,0xd7,0x00,0x3c,0x66,0xd7,0x00,0x3c,0x66,0xd7,0x00,0x3c,0x66,0xd7,0x00,0x3c,0x66,0xd7,0x00,
    0x3c,0x66,0xd7,0x00,0x3c,0x66,0xd7,0x00,0x3c,0x66,0xd7,0x00,0x3c,0x66,0xd7,0x00,0x3c,0x66,0xd7,0x00,
    0x3c,0x66,0xd7,0x00,0x3c,0x66,0xd7,0x00,0x3c,0x66,0xd7,0x00,0x3c,0x66,0xd7,0x00,0x3c,0x66,0xd7,0x00,
    0x3c,0x66,0xd7,0x00,0x3c,0x66,0xd7,0x00,0x3c,0x66,0xd7,0x00,0x3c,0x66,0xd7,0x00,0x3c,0x66,0xd7,0x00,
    0x3c,0x66,0xd7,0x00,0x3c,0x66,0xd7,0x00,0x3c,0x66,0xd7,0x00,0x3c,0x66,0xd7,0x00,0x3c,0x66,0xd7,0x00,
    0x3c,0x66,0xd7,0x00,0x3c,0x66,0xd7,0x00,0x3c,0x66,0xd7,0x00,0x3c,0x66,0xd7,0x00,0x3c,0x66,0xd7,0x00,
    0x3c,0x66,0xd7,0x00,0x3c,0x66,0xd7,0x00,0x3c,0x66,0xd7,0x00,0x3c,0x66,0xd7,0x00,0x3c,0x66,0xd7,0x00,
    0x3c,0x66,0xd7,0x00,0x3c,0x66,0xd7,0x00,0x3c,0x66,0xd7,0x00,0x3c,0x66,0xd7,0x00,0x3c,0x66,0xd7,0x00,
    0x3c,0x66,0xd7,0x00,0x3c,0x66,0xd7,0x00,0x3c,0x66,0xd7,0x00,0x3c,0x66,0xd7,0x00,0x3c,0x66,0xd7,0x00,
    0x3c,0x66,0xd7,0x00,0x3c,0x66,0xd7,0x00,0x3c,0x66,0xd7,0x00,0x3c,0x66,0xd7,0x00,0x3c,0x66,0xd7,0x00,
    0x3c,0x66,0xd7,0x00,0x3c,0x66,0xd7,0x00,0x3c,0x66,0xd7,0x00,0x3c,0x66,0xd7,0x00,0x3c,0x66,0xd7,0x00,
    0x3c,0x66,0xd7,0x00,0x3c,0x66,0xd7,0x00,0x3c,0x66,0xd7,0x00,0x3c,0x66,0xd7,0x00,0x3c,0x66,0xd7,0x00,
    0x3c,0x66,0xd7,0x00,0x3c,0x66,0xd7,0x00,0x3c,0x66,0xd7,0x00,0x3c,0x66,0xd7,0x00,0x3c,0x66,0xd7,0x00,
    0x3c,0x66,0xd7,0x00,0x3c,0x66,0xd7,0x00,0x3c,0x66,0xd7,0x00,0x3c,0x66,0xd7,0x00,0x3c,0x66,0xd7,0x00,
    0x3c,0x66,0xd7,0x00,0x3c,0x66,0xd7,0x00,0x3c,0x66,0xd7,0x00,0x3c,0x66,0xd7,0x00,0x3c,0x66,0xd7,0x00,
    0x3c,0x66,0xd7,0x00,0x3c,0x66,0xd7,0x00,0x3c,0x66,0xd7,0x00,0x3c,0x66,0xd7,0x00,0x3c,0x66,0xd7,0x00,
    0x3c,0x66,0xd7,0x00,0x3c,0x66,0xd7,0x00,0x3c,0x66,0xd7,0x00,0x3c,0x66,0xd7,0x00,0x3c,0x66,0xd7,0x00,
    0x3c,0x66,0xd7,0x00,0x3c,0x66,0xd7,0x00,0x3c,0x66,0xd7,0x00,0x3c,0x66,0xd7,0x00,0x3c,0x66,0xd7,0x00,
    0x3c,0x66,0xd7,0x00,0x3c,0x66,0xd7,0x00,0x3c,0x66,0xd7,0x00,0x3c,0x66,0xd7,0x00,0x3c,0x66,0xd7,0x00,
    0x3c,0x66,0xd7,0x00,0x3c,0x66,0xd7,0x00,0x3c,0x66,0xd7,0x00,0x3c,0x66,0xd7,0x00,0x3c,0x66,0xd7,0x00,
    0x3c,0x66,0xd7,0x00,0x3c,0x66,0xd7,0x00,0x3c,0x66,0xd7,0x00,0x3c,0x66,0xd7,0x00,0x3c,0x66,0xd7,0x00,
    0x3c,0x66,0xd7,0x00,0x3c,0x66,0xd7,0x00,0x3c,0x66,0xd7,0x00,0x3c,0x66,0xd7,0x00,0x3c,0x66,0xd7,0x00,
    0x3c,0x66,0xd7,0x00,0x3c,0x66,0xd7,0x00,0x3c,0x66,0xd7,0x00,0x3c,0x66,0xd7,0x00,0x3c,0x66,0xd7,0x00,
    0x3c,0x66,0xd7,0x00,0x3c,0x66,0xd7,0x00,0x3c,0x66,0xd7,0x00,0x3c,0x66,0xd7,0x00,0x3c,0x66,0xd7,0x00,
    0x3c,0x66,0xd7,0x00,0x3c,0x66,0xd7,0x00,0x3c,0x66,0xd7,0x00,0x3c,0x66,0xd7,0x00,0x3c,0x66,0xd7,0x00,
    0x3c,0x66,0xd7,0x00,0x3c,0x66,0xd7,0x00,0x3c,0x66,0xd7,0x00,0x3c,0x66,0xd7,0x00,0x3c,0x66,0xd7,0x00,
    0x3c,0x66,0xd7,0x00,0x3c,0x66,0xd7,0x00,0x3c,0x66,0xd7,0x00,0x3c,0x66,0xd7,0x00,0x3c,0x66,0xd7,0x00,
    0x3c,0x66,0xd7,0x00,0x3c,0x66,0xd7,0x00,0x3c,0x66,0xd7,0x00,0x3c,0x66,0xd7,0x00,0x3c,0x66,0xd7,0x00,
    0x3c,0x66,0xd7,0x00,0x3c,0x66,0xd7,0x00,0x3c,0x66,0xd7,0x00,0x3c,0x66,0xd7,0x00,0x3c,0x66,0xd7,0x00,
    0x3c,0x66,0xd7,0x00,0x3c,0x66,0xd7,0x00,0x3c,0x66,0xd7,0x00,0x3c,0x66,0xd7,0x00,0x3c,0x66,0xd7,0x00,
    0x3c,0x66,0xd7,0x00,0x3c,0x66,0xd7,0x00,0x3c,0x66,0xd7,0x00,0x3c,0x66,0xd7,0x00,0x3c,0x66,0xd7,0x00,
    0x3c,0x66,0xd7,0x00,0x3c,0x66,0xd7,0x00,0x3c,0x66,0xd7,0x00,0x3c,0x66,0xd7,0x00,0x3c,0x66,0xd7,0x00,
    0x3c,0x66,0xd7,0x00,0x3c,0x66,0xd7,0x00,0x3c,0x66,0xd7,0x00,0x3c,0x66,0xd7,0x00,0x3c,0x66,0xd7,0x00,
    0x3c,0x66,0xd7,0x00,0x3c,0x66,0xd7,0x00,0x3c,0x66,0xd7,0x00,0x3c,0x66,0xd7,0x00,0x3c,0x66,0xd7,0x00,
    0x3c,0x66,0xd7,0x00,0x3c,0x66,0xd7,0x00,0x3c,0x66,0xd7,0x00,0x3c,0x66,0xd7,0x00,0x3c,0x66,0xd7,0x00,
    0x3c,0x66,0xd7,0x00,0x3c,0x66,0xd7,0x00,0x3c,0x66,0xd7,0x00,0x3c,0x66,0xd7,0x00,0x3c,0x66,0xd7,0x00,
    0x3c,0x66,0xd7,0x00,0x3c,0x66,0xd7,0x00,0x3c,0x66,0xd7,0x00,0x3c,0x66,0xd7,0x00,0x3c,0x66,0xd7,0x00,
    0x3c,0x66,0xd7,0x00,0x3c,0x66,0xd7,0x00,0x3c,0x66,0xd7,0x00,0x3c,0x66,0xd7,0x00,0x3c,0x66,0xd7,0x00,
    0x3c,0x66,0xd7,0x00,0x3c,0x66,0xd7,0x00,0x3c,0x66,0xd7,0x00,0x3c,0x66,0xd7,0x00,0x3c,0x66,0xd7,0x00,
    0x3c,0x66,0xd7,0x00,0x3c,0x66,0xd7,0x00,0x3c,0x66,0xd7,0x00,0x3c,0x66,0xd7,0x00,0x3c,0x66,0xd7,0x00,
    0x3c,0x66,0xd7,0x00,0x3c,0x66,0xd7,0x00,0x3c,0x66,0xd7,0x00,0x3c,0x66,0xd7,0x00,0x3c,0x66,0xd7,0x00,
    0x3c,0x66,0xd7,0x00,0x3c,0x66,0xd7,0x00,0x3c,0x66,0xd7,0x00,0x3c,0x66,0xd7,0x00,0x3c,0x66,0xd7,0x00,
    0x3c,0x66,0xd7,0x00,0x3c,0x66,0xd7,0x00,0x3c,0x66,0xd7,0x00,0x3c,0x66,0xd7,0x00,0x3c,0x66,0xd7,0x00,
    0x3c,0x66,0xd7,0x00,0x3c,0x66,0xd7,0x00,0x3c,0x66,0xd7,0x00,0x3c,0x66,0xd7,0x00,0x3c,0x66,0xd7,0x00,
    0x3c,0x66,0xd7,0x00,0x3c,0x66,0xd7,0x00,0x3c,0x66,0xd7,0x00,0x3c,0x66,0xd7,0x00,0x3c,0x66,0xd7,0x00,
    0x3c,0x66,0xd7,0x00,0x3c,0x66,0xd7,0x00,0x3c,0x66,0xd7,0x00,0x3c,0x66,0xd7,0x00,0x3c,0x66,0xd7,0x00,
    0x3c,0x66,0xd7,0x00,0x3c,0x66,0xd7,0x00,0x3c,0x66,0xd7,0x00,0x3c,0x66,0xd7,0x00,0x3c,0x66,0xd7,0x04,
    0x3c,0x66,0xd7,0x00,0x3c,0x66,0xd7,0x73,0x3c,0x66,0xd7,0xff,0x3c,0x66,0xd7,0xfb,0x3c,0x66,0xd7,0xff,
    0x3c,0x66,0xd7,0xff,0x3c,0x66,0xd7,0xfc,0x3c,0x66,0xd7,0xff,0x3c,0x66,0xd7,0xb5,0x3c,0x66,0xd7,0x00,
    0x3c,0x66,0xd7,0x03,0x3c,0x66,0xd7,0x00,0x3c,0x66,0xd7,0x00,0x3c,0x66,0xd7,0x00,0x3c,0x66,0xd7,0x00,
    0x3c,0x66,0xd7,0x00,0x3c,0x66,0xd7,0x02,0x3c,0x66,0xd7,0x03,0x3c,0x66,0xd7,0xa9,0x3c,0x66,0xd7,0xff,
    0x3c,0x66,0xd7,0xff,0x3c,0x66,0xd7,0xff,0x3c,0x66,0xd7,0x74,0x3c,0x66,0xd7,0x00,0x3c,0x66,0xd7,0x03,
    0x3c,0x66,0xd7,0x00,0x3c,0x66,0xd7,0x00,0x3c,0x66,0xd7,0x00,0x3c,0x66,0xd7,0x00,0x3c,0x66,0xd7,0x00,
    0x3c,0x66,0xd7,0x00,0x3c,0x66,0xd7,0x00,0x3c,0x66,0xd7,0x00,0x3c,0x66,0xd7,0x00,0x3c,0x66,0xd7,0x00,
    0x3c,0x66,0xd7,0x00,0x3c,0x66,0xd7,0x00,0x3c,0x66,0xd7,0x00,0x3c,0x66,0xd7,0x00,0x3c,0x66,0xd7,0x00,
    0x3c,0x66,0xd7,0x00,0x3c,0x66,0xd7,0x00,0x3c,0x66,0xd7,0x00,0x3c,0x66,0xd7,0x00,0x3c,0x66,0xd7,0x00,
    0x3c,0x66,0xd7,0x00,0x3c,0x66,0xd7,0x00,0x3c,0x66,0xd7,0x00,0x3c,0x66,0xd7,0x00,0x3c,0x66,0xd7,0x00,
    0x3c,0x66,0xd7,0x00,0x3c,0x66,0xd7,0x00,0x3c,0x66,0xd7,0x00,0x3c,0x66,0xd7,0x00,0x3c,0x66,0xd7,0x00,
    0x3c,0x66,0xd7,0x00,0x3c,0x66,0xd7,0x00,0x3c,0x66,0xd7,0x00,0x3c,0x66,0xd7,0x00,0x3c,0x66,0xd7,0x00,
    0x3c,0x66,0xd7,0x00,0x3c,0x66,0xd7,0x00,0x3c,0x66,0xd7,0x00,0x3c,0x66,0xd7,0x00,0x3c,0x66,0xd7,0x00,
    0x3c,0x66,0xd7,0x00,0x3c,0x66,0xd7,0x00,0x3c,0x66,0xd7,0x00,0x3c,0x66,0xd7,0x00,0x3c,0x66,0xd7,0x00,
    0x3c,0x66,0xd7,0x00,0x3c,0x66,0xd7,0x00,0x3c,0x66,0xd7,0x00,0x3c,0x66,0xd7,0x00,0x3c,0x66,0xd7,0x00,
    0x3c,0x66,0xd7,0x00,0x3c,0x66,0xd7,0x00,0x3c,0x66,0xd7,0x00,0x3c,0x66,0xd7,0x00,0x3c,0x66,0xd7,0x00,
    0x3c,0x66,0xd7,0x00,0x3c,0x66,0xd7,0x00,0x3c,0x66,0xd7,0x00,0x3c,0x66,0xd7,0x00,0x3c,0x66,0xd7,0x00,
    0x3c,0x66,0xd7,0x00,0x3c,0x66,0xd7,0x00,0x3c,0x66,0xd7,0x00,0x3c,0x66,0xd7,0x00,0x3c,0x66,0xd7,0x00,
    0x3c,0x66,0xd7,0x00,0x3c,0x66,0xd7,0x00,0x3c,0x66,0xd7,0x00,0x3c,0x66,0xd7,0x00,0x3c,0x66,0xd7,0x00,
    0x3c,0x66,0xd7,0x00,0x3c,0x66,0xd7,0x00,0x3c,0x66,0xd7,0x00,0x3c,0x66,0xd7,0x00,0x3c,0x66,0xd7,0x00,
    0x3c,0x66,0xd7,0x00,0x3c,0x66,0xd7,0x00,0x3c,0x66,0xd7,0x00,0x3c,0x66,0xd7,0x00,0x3c,0x66,0xd7,0x00,
    0x3c,0x66,0xd7,0x00,0x3c,0x66,0xd7,0x00,0x3c,0x66,0xd7,0x00,0x3c,0x66,0xd7,0x00,0x3c,0x66,0xd7,0x00,
    0x3c,0x66,0xd7,0x00,0x3c,0x66,0xd7,0x00,0x3c,0x66,0xd7,0x00,0x3c,0x66,0xd7,0x00,0x3c,0x66,0xd7,0x00,
    0x3c,0x66,0xd7,0x00,0x3c,0x66,0xd7,0x00,0x3c,0x66,0xd7,0x00,0x3c,0x66,0xd7,0x00,0x3c,0x66,0xd7,0x00,
    0x3c,0x66,0xd7,0x00,0x3c,0x66,0xd7,0x00,0x3c,0x66,0xd7,0x00,0x3c,0x66,0xd7,0x00,0x3c,0x66,0xd7,0x00,
    0x3c,0x66,0xd7,0x00,0x3c,0x66,0xd7,0x00,0x3c,0x66,0xd7,0x00,0x3c,0x66,0xd7,0x00,0x3c,0x66,0xd7,0x00,
    0x3c,0x66,0xd7,0x00,0x3c,0x66,0xd7,0x00,0x3c,0x66,0xd7,0x00,0x3c,0x66,0xd7,0x00,0x3c,0x66,0xd7,0x00,
    0x3c,0x66,0xd7,0x00,0x3c,0x66,0xd7,0x00,0x3c,0x66,0xd7,0x00,0x3c,0x66,0xd7,0x00,0x3c,0x66,0xd7,0x00,
    0x3c,0x66,0xd7,0x00,0x3c,0x66,0xd7,0x00,0x3c,0x66,0xd7,0x00,0x3c,0x66,0xd7,0x00,0x3c,0x66,0xd7,0x00,
    0x3c,0x66,0xd7,0x00,0x3c,0x66,0xd7,0x00,0x3c,0x66,0xd7,0x00,0x3c,0x66,0xd7,0x00,0x3c,0x66,0xd7,0x00,
    0x3c,0x66,0xd7,0x00,0x3c,0x66,0xd7,0x00,0x3c,0x66,0xd7,0x00,0x3c,0x66,0xd7,0x00,0x3c,0x66,0xd7,0x00,
    0x3c,0x66,0xd7,0x00,0x3c,0x66,0xd7,0x00,0x3c,0x66,0xd7,0x00,0x3c,0x66,0xd7,0x00,0x3c,0x66,0xd7,0x00,
    0x3c,0x66,0xd7,0x00,0x3c,0x66,0xd7,0x00,0x3c,0x66,0xd7,0x00,0x3c,0x66,0xd7,0x00,0x3c,0x66,0xd7,0x00,
    0x3c,0x66,0xd7,0x00,0x3c,0x66,0xd7,0x00,0x3c,0x66,0xd7,0x00,0x3c,0x66,0xd7,0x00,0x3c,0x66,0xd7,0x00,
    0x3c,0x66,0xd7,0x00,0x3c,0x66,0xd7,0x00,0x3c,0x66,0xd7,0x00,0x3c,0x66,0xd7,0x00,0x3c,0x66,0xd7,0x00,
    0x3c,0x66,0xd7,0x00,0x3c,0x66,0xd7,0x00,0x3c,0x66,0xd7,0x00,0x3c,0x66,0xd7,0x00,0x3c,0x66,0xd7,0x00,
    0x3c,0x66,0xd7,0x00,0x3c,0x66,0xd7,0x00,0x3c,0x66,0xd7,0x00,0x3c,0x66,0xd7,0x00,0x3c,0x66,0xd7,0x00,
    0x3c,0x66,0xd7,0x00,0x3c,0x66,0xd7,0x00,0x3c,0x66,0xd7,0x00,0x3c,0x66,0xd7,0x00,0x3c,0x66,0xd7,0x00,
    0x3c,0x66,0xd7,0x00,0x3c,0x66,0xd7,0x00,0x3c,0x66,0xd7,0x00,0x3c,0x66,0xd7,0x00,0x3c,0x66,0xd7,0x00,
    0x3c,0x66,0xd7,0x00,0x3c,0x66,0xd7,0x00,0x3c,0x66,0xd7,0x00,0x3c,0x66,0xd7,0x00,0x3c,0x66,0xd7,0x00,
    0x3c,0x66,0xd7,0x00,0x3c,0x66,0xd7,0x00,0x3c,0x66,0xd7,0x00,0x3c,0x66,0xd7,0x00,0x3c,0x66,0xd7,0x00,
    0x3c,0x66,0xd7,0x00,0x3c,0x66,0xd7,0x00,0x3c,0x66,0xd7,0x00,0x3c,0x66,0xd7,0x00,0x3c,0x66,0xd7,0x00,
    0x3c,0x66,0xd7,0x00,0x3c,0x66,0xd7,0x00,0x3c,0x66,0xd7,0x00,0x3c,0x66,0xd7,0x00,0x3c,0x66,0xd7,0x00,
    0x3c,0x66,0xd7,0x00,0x3c,0x66,0xd7,0x00,0x3c,0x66,0xd7,0x00,0x3c,0x66,0xd7,0x00,0x3c,0x66,0xd7,0x00,
    0x3c,0x66,0xd7,0x00,0x3c,0x66,0xd7,0x00,0x3c,0x66,0xd7,0x00,0x3c,0x66,0xd7,0x00,0x3c,0x66,0xd7,0x00,
    0x3c,0x66,0xd7,0x00,0x3c,0x66,0xd7,0x00,0x3c,0x66,0xd7,0x00,0x3c,0x66,0xd7,0x00,0x3c,0x66,0xd7,0x00,
    0x3c,0x66,0xd7,0x00,0x3c,0x66,0xd7,0x00,0x3c,0x66,0xd7,0x00,0x3c,0x66,0xd7,0x00,0x3c,0x66,0xd7,0x00,
    0x3c,0x66,0xd7,0x00,0x3c,0x66,0xd7,0x00,0x3c,0x66,0xd7,0x00,0x3c,0x66,0xd7,0x00,0x3c,0x66,0xd7,0x00,
    0x3c,0x66,0xd7,0x00,0x3c,0x66,0xd7,0x00,0x3c,0x66,0xd7,0x00,0x3c,0x66,0xd7,0x00,0x3c,0x66,0xd7,0x00,
    0x3c,0x66,0xd7,0x00,0x3c,0x66,0xd7,0x00,0x3c,0x66,0xd7,0x00,0x3c,0x66,0xd7,0x00,0x3c,0x66,0xd7,0x00,
    0x3c,0x66,0xd7,0x00,0x3c,0x66,0xd7,0x00,0x3c,0x66,0xd7,0x00,0x3c,0x66,0xd7,0x00,0x3c,0x66,0xd7,0x00,
    0x3c,0x66,0xd7,0x00,0x3c,0x66,0xd7,0x00,0x3c,0x66,0xd7,0x00,0x3c,0x66,0xd7,0x00,0x3c,0x66,0xd7,0x00,
    0x3c,0x66,0xd7,0x00,0x3c,0x66,0xd7,0x00,0x3c,0x66,0xd7,0x00,0x3c,0x66,0xd7,0x00,0x3c,0x66,0xd7,0x00,
    0x3c,0x66,0xd7,0x00,0x3c,0x66,0xd7,0x00,0x3c,0x66,0xd7,0x00,0x3c,0x66,0xd7,0x00,0x3c,0x66,0xd7,0x00,
    0x3c,0x66,0xd7,0x00,0x3c,0x66,0xd7,0x00,0x3c,0x66,0xd7,0x00,0x3c,0x66,0xd7,0x00,0x3c,0x66,0xd7,0x00,
    0x3c,0x66,0xd7,0x00,0x3c,0x66,0xd7,0x00,0x3c,0x66,0xd7,0x00,0x3c,0x66,0xd7,0x00,0x3c,0x66,0xd7,0x00,
    0x3c,0x66,0xd7,0x00,0x3c,0x66,0xd7,0x00,0x3c,0x66,0xd7,0x00,0x3c,0x66,0xd7,0x00,0x3c,0x66,0xd7,0x00,
    0x3c,0x66,0xd7,0x00,0x3c,0x66,0xd7,0x00,0x3c,0x66,0xd7,0x00,0x3c,0x66,0xd7,0x00,0x3c,0x66,0xd7,0x00,
    0x3c,0x66,0xd7,0x00,0x3c,0x66,0xd7,0x00,0x3c,0x66,0xd7,0x00,0x3c,0x66,0xd7,0x00,0x3c,0x66,0xd7,0x00,
    0x3c,0x66,0xd7,0x00,0x3c,0x66,0xd7,0x00,0x3c,0x66,0xd7,0x00,0x3c,0x66,0xd7,0x00,0x3c,0x66,0xd7,0x01,
    0x3c,0x66,0xd7,0x04,0x3c,0x66,0xd7,0xd4,0x3c,0x66,0xd7,0xfe,0x3c,0x66,0xd7,0xfd,0x3c,0x66,0xd7,0xff,
    0x3c,0x66,0xd7,0xff,0x3c,0x66,0xd7,0xfe,0x3c,0x66,0xd7,0xfe,0x3c,0x66,0xd7,0xf6,0x3c,0x66,0xd7,0x23,
    0x3c,0x66,0xd7,0x00,0x3c,0x66,0xd7,0x02,0x3c,0x66,0xd7,0x00,0x3c,0x66,0xd7,0x00,0x3c,0x66,0xd7,0x00,
    0x3c,0x66,0xd7,0x03,0x3c,0x66,0xd7,0x00,0x3c,0x66,0xd7,0x5d,0x3c,0x66,0xd7,0xff,0x3c,0x66,0xd7,0xf9,
    0x3c,0x66,0xd7,0xfa,0x3c,0x66,0xd7,0xfe,0x3c,0x66,0xd7,0xfb,0x3c,0x66,0xd7,0x27,0x3c,0x66,0xd7,0x00,
    0x3c,0x66,0xd7,0x02,0x3c,0x66,0xd7,0x00,0x3c,0x66,0xd7,0x00,0x3c,0x66,0xd7,0x00,0x3c,0x66,0xd7,0x00,
    0x3c,0x66,0xd7,0x00,0x3c,0x66,0xd7,0x00,0x3c,0x66,0xd7,0x00,0x3c,0x66,0xd7,0x00,0x3c,0x66,0xd7,0x00,
    0x3c,0x66,0xd7,0x00,0x3c,0x66,0xd7,0x00,0x3c,0x66,0xd7,0x00,0x3c,0x66,0xd7,0x00,0x3c,0x66,0xd7,0x00,
    0x3c,0x66,0xd7,0x00,0x3c,0x66,0xd7,0x00,0x3c,0x66,0xd7,0x00,0x3c,0x66,0xd7,0x00,0x3c,0x66,0xd7,0x00,
    0x3c,0x66,0xd7,0x00,0x3c,0x66,0xd7,0x00,0x3c,0x66,0xd7,0x00,0x3c,0x66,0xd7,0x00,0x3c,0x66,0xd7,0x00,
    0x3c,0x66,0xd7,0x00,0x3c,0x66,0xd7,0x00,0x3c,0x66,0xd7,0x00,0x3c,0x66,0xd7,0x00,0x3c,0x66,0xd7,0x00,
    0x3c,0x66,0xd7,0x00,0x3c,0x66,0xd7,0x00,0x3c,0x66,0xd7,0x00,0x3c,0x66,0xd7,0x00,0x3c,0x66,0xd7,0x00,
    0x3c,0x66,0xd7,0x00,0x3c,0x66,0xd7,0x00,0x3c,0x66,0xd7,0x00,0x3c,0x66,0xd7,0x00,0x3c,0x66,0xd7,0x00,
    0x3c,0x66,0xd7,0x00,0x3c,0x66,0xd7,0x00,0x3c,0x66,0xd7,0x00,0x3c,0x66,0xd7,0x00,0x3c,0x66,0xd7,0x00,
    0x3c,0x66,0xd7,0x00,0x3c,0x66,0xd7,0x00,0x3c,0x66,0xd7,0x00,0x3c,0x66,0xd7,0x00,0x3c,0x66,0xd7,0x00,
    0x3c,0x66,0xd7,0x00,0x3c,0x66,0xd7,0x00,0x3c,0x66,0xd7,0x00,0x3c,0x66,0xd7,0x00,0x3c,0x66,0xd7,0x00,
    0x3c,0x66,0xd7,0x00,0x3c,0x66,0xd7,0x00,0x3c,0x66,0xd7,0x00,0x3c,0x66,0xd7,0x00,0x3c,0x66,0xd7,0x00,
    0x3c,0x66,0xd7,0x00,0x3c,0x66,0xd7,0x00,0x3c,0x66,0xd7,0x00,0x3c,0x66,0xd7,0x00,0x3c,0x66,0xd7,0x00,
    0x3c,0x66,0xd7,0x00,0x3c,0x66,0xd7,0x00,0x3c,0x66,0xd7,0x00,0x3c,0x66,0xd7,0x00,0x3c,0x66,0xd7,0x00,
    0x3c,0x66,0xd7,0x00,0x3c,0x66,0xd7,0x00,0x3c,0x66,0xd7,0x00,0x3c,0x66,0xd7,0x00,0x3c,0x66,0xd7,0x00,
    0x3c,0x66,0xd7,0x00,0x3c,0x66,0xd7,0x00,0x3c,0x66,0xd7,0x00,0x3c,0x66,0xd7,0x00,0x3c,0x66,0xd7,0x00,
    0x3c,0x66,0xd7,0x00,0x3c,0x66,0xd7,0x00,0x3c,0x66,0xd7,0x00,0x3c,0x66,0xd7,0x00,0x3c,0x66,0xd7,0x00,
    0x3c,0x66,0xd7,0x00,0x3c,0x66,0xd7,0x00,0x3c,0x66,0xd7,0x00,0x3c,0x66,0xd7,0x00,0x3c,0x66,0xd7,0x00,
    0x3c,0x66,0xd7,0x00,0x3c,0x66,0xd7,0x00,0x3c,0x66,0xd7,0x00,0x3c,0x66,0xd7,0x00,0x3c,0x66,0xd7,0x00,
    0x3c,0x66,0xd7,0x00,0x3c,0x66,0xd7,0x00,0x3c,0x66,0xd7,0x00,0x3c,0x66,0xd7,0x00,0x3c,0x66,0xd7,0x00,
    0x3c,0x66,0xd7,0x00,0x3c,0x66,0xd7,0x00,0x3c,0x66,0xd7,0x00,0x3c,0x66,0xd7,0x00,0x3c,0x66,0xd7,0x00,
    0x3c,0x66,0xd7,0x00,0x3c,0x66,0xd7,0x00,0x3c,0x66,0xd7,0x00,0x3c,0x66,0xd7,0x00,0x3c,0x66,0xd7,0x00,
    0x3c,0x66,0xd7,0x00,0x3c,0x66,0xd7,0x00,0x3c,0x66,0xd7,0x00,0x3c,0x66,0xd7,0x00,0x3c,0x66,0xd7,0x00,
    0x3c,0x66,0xd7,0x00,0x3c,0x66,0xd7,0x00,0x3c,0x66,0xd7,0x00,0x3c,0x66,0xd7,0x00,0x3c,0x66,0xd7,0x00,
    0x3c,0x66,0xd7,0x00,0x3c,0x66,0xd7,0x00,0x3c,0x66,0xd7,0x00,0x3c,0x66,0xd7,0x00,0x3c,0x66,0xd7,0x00,
    0x3c,0x66,0xd7,0x00,0x3c,0x66,0xd7,0x00,0x3c,0x66,0xd7,0x00,0x3c,0x66,0xd7,0x00,0x3c,0x66,0xd7,0x00,
    0x3c,0x66,0xd7,0x00,0x3c,0x66,0xd7,0x00,0x3c,0x66,0xd7,0x00,0x3c,0x66,0xd7,0x00,0x3c,0x66,0xd7,0x00,
    0x3c,0x66,0xd7,0x00,0x3c,0x66,0xd7,0x00,0x3c,0x66,0xd7,0x00,0x3c,0x66,0xd7,0x00,0x3c,0x66,0xd7,0x00,
    0x3c,0x66,0xd7,0x00,0x3c,0x66,0xd7,0x00,0x3c,0x66,0xd7,0x00,0x3c,0x66,0xd7,0x00,0x3c,0x66,0xd7,0x00,
    0x3c,0x66,0xd7,0x00,0x3c,0x66,0xd7,0x00,0x3c,0x66,0xd7,0x00,0x3c,0x66,0xd7,0x00,0x3c,0x66,0xd7,0x00,
    0x3c,0x66,0xd7,0x00,0x3c,0x66,0xd7,0x00,0x3c,0x66,0xd7,0x00,0x3c,0x66,0xd7,0x00,0x3c,0x66,0xd7,0x00,
    0x3c,0x66,0xd7,0x00,0x3c,0x66,0xd7,0x00,0x3c,0x66,0xd7,0x00,0x3c,0x66,0xd7,0x00,0x3c,0x66,0xd7,0x00,
    0x3c,0x66,0xd7,0x00,0x3c,0x66,0xd7,0x00,0x3c,0x66,0xd7,0x00,0x3c,0x66,0xd7,0x00,0x3c,0x66,0xd7,0x00,
    0x3c,0x66,0xd7,0x00,0x3c,0x66,0xd7,0x00,0x3c,0x66,0xd7,0x00,0x3c,0x66,0xd7,0x00,0x3c,0x66,0xd7,0x00,
    0x3c,0x66,0xd7,0x00,0x3c,0x66,0xd7,0x00,0x3c,0x66,0xd7,0x00,0x3c,0x66,0xd7,0x00,0x3c,0x66,0xd7,0x00,
    0x3c,0x66,0xd7,0x00,0x3c,0x66,0xd7,0x00,0x3c,0x66,0xd7,0x00,0x3c,0x66,0xd7,0x00,0x3c,0x66,0xd7,0x00,
    0x3c,0x66,0xd7,0x00,0x3c,0x66,0xd7,0x00,0x3c,0x66,0xd7,0x00,0x3c,0x66,0xd7,0x00,0x3c,0x66,0xd7,0x00,
    0x3c,0x66,0xd7,0x00,0x3c,0x66,0xd7,0x00,0x3c,0x66,0xd7,0x00,0x3c,0x66,0xd7,0x00,0x3c,0x66,0xd7,0x00,
    0x3c,0x66,0xd7,0x00,0x3c,0x66,0xd7,0x00,0x3c,0x66,0xd7,0x00,0x3c,0x66,0xd7,0x00,0x3c,0x66,0xd7,0x00,
    0x3c,0x66,0xd7,0x00,0x3c,0x66,0xd7,0x00,0x3c,0x66,0xd7,0x00,0x3c,0x66,0xd7,0x00,0x3c,0x66,0xd7,0x00,
    0x3c,0x66,0xd7,0x00,0x3c,0x66,0xd7,0x00,0x3c,0x66,0xd7,0x00,0x3c,0x66,0xd7,0x00,0x3c,0x66,0xd7,0x00,
    0x3c,0x66,0xd7,0x00,0x3c,0x66,0xd7,0x00,0x3c,0x66,0xd7,0x00,0x3c,0x66,0xd7,0x00,0x3c,0x66,0xd7,0x00,
    0x3c,0x66,0xd7,0x00,0x3c,0x66,0xd7,0x00,0x3c,0x66,0xd7,0x00,0x3c,0x66,0xd7,0x00,0x3c,0x66,0xd7,0x00,
    0x3c,0x66,0xd7,0x00,0x3c,0x66,0xd7,0x00,0x3c,0x66,0xd7,0x00,0x3c,0x66,0xd7,0x00,0x3c,0x66,0xd7,0x00,
    0x3c,0x66,0xd7,0x00,0x3c,0x66,0xd7,0x00,0x3c,0x66,0xd7,0x00,0x3c,0x66,0xd7,0x00,0x3c,0x66,0xd7,0x00,
    0x3c,0x66,0xd7,0x00,0x3c,0x66,0xd7,0x00,0x3c,0x66,0xd7,0x00,0x3c,0x66,0xd7,0x00,0x3c,0x66,0xd7,0x00,
    0x3c,0x66,0xd7,0x00,0x3c,0x66,0xd7,0x00,0x3c,0x66,0xd7,0x00,0x3c,0x66,0xd7,0x00,0x3c,0x66,0xd7,0x00,
    0x3c,0x66,0xd7,0x00,0x3c,0x66,0xd7,0x00,0x3c,0x66,0xd7,0x00,0x3c,0x66,0xd7,0x00,0x3c,0x66,0xd7,0x00,
    0x3c,0x66,0xd7,0x00,0x3c,0x66,0xd7,0x00,0x3c,0x66,0xd7,0x00,0x3c,0x66,0xd7,0x00,0x3c,0x66,0xd7,0x00,
    0x3c,0x66,0xd7,0x00,0x3c,0x66,0xd7,0x00,0x3c,0x66,0xd7,0x00,0x3c,0x66,0xd7,0x00,0x3c,0x66,0xd7,0x00,
    0x3c,0x66,0xd7,0x00,0x3c,0x66,0xd7,0x00,0x3c,0x66,0xd7,0x00,0x3c,0x66,0xd7,0x00,0x3c,0x66,0xd7,0x00,
    0x3c,0x66,0xd7,0x00,0x3c,0x66,0xd7,0x00,0x3c,0x66,0xd7,0x00,0x3c,0x66,0xd7,0x00,0x3c,0x66,0xd7,0x00,
    0x3c,0x66,0xd7,0x00,0x3c,0x66,0xd7,0x00,0x3c,0x66,0xd7,0x00,0x3c,0x66,0xd7,0x00,0x3c,0x66,0xd7,0x00,
    0x3c,0x66,0xd7,0x00,0x3c,0x66,0xd7,0x00,0x3c,0x66,0xd7,0x00,0x3c,0x66,0xd7,0x00,0x3c,0x66,0xd7,0x00,
    0x3c,0x66,0xd7,0x00,0x3c,0x66,0xd7,0x00,0x3c,0x66,0xd7,0x00,0x3c,0x66,0xd7,0x03,0x3c,0x66,0xd7,0x00,
    0x3c,0x66,0xd7,0x41,0x3c,0x66,0xd7,0xfe,0x3c,0x66,0xd7,0xfd,0x3c,0x66,0xd7,0xff,0x3c,0x66,0xd7,0xff,
    0x3c,0x66,0xd7,0xff,0x3c,0x66,0xd7,0xff,0x3c,0x66,0xd7,0xfb,0x3c,0x66,0xd7,0xff,0x3c,0x66,0xd7,0x80,
    0x3c,0x66,0xd7,0x00,0x3c,0x66,0xd7,0x04,0x3c,0x66,0xd7,0x00,0x3c,0x66,0xd7,0x00,0x3c,0x66,0xd7,0x00,
    0x3c,0x66,0xd7,0x04,0x3c,0x66,0xd7,0x00,0x3c,0x66,0xd7,0x8b,0x3c,0x66,0xd7,0xfc,0x3c,0x66,0xd7,0xfa,
    0x3c,0x66,0xd7,0xff,0x3c,0x66,0xd7,0xfb,0x3c,0x66,0xd7,0xff,0x3c,0x66,0xd7,0x48,0x3c,0x66,0xd7,0x00,
    0x3c,0x66,0xd7,0x03,0x3c,0x66,0xd7,0x00,0x3c,0x66,0xd7,0x00,0x3c,0x66,0xd7,0x00,0x3c,0x66,0xd7,0x00,
    0x3c,0x66,0xd7,0x00,0x3c,0x66,0xd7,0x00,0x3c,0x66,0xd7,0x00,0x3c,0x66,0xd7,0x00,0x3c,0x66,0xd7,0x00,
    0x3c,0x66,0xd7,0x00,0x3c,0x66,0xd7,0x00,0x3c,0x66,0xd7,0x00,0x3c,0x66,0xd7,0x00,0x3c,0x66,0xd7,0x00,
    0x3c,0x66,0xd7,0x00,0x3c,0x66,0xd7,0x00,0x3c,0x66,0xd7,0x00,0x3c,0x66,0xd7,0x00,0x3c,0x66,0xd7,0x00,
    0x3c,0x66,0xd7,0x00,0x3c,0x66,0xd7,0x00,0x3c,0x66,0xd7,0x00,0x3c,0x66,0xd7,0x00,0x3c,0x66,0xd7,0x00,
    0x3c,0x66,0xd7,0x00,0x3c,0x66,0xd7,0x00,0x3c,0x66,0xd7,0x00,0x3c,0x66,0xd7,0x00,0x3c,0x66,0xd7,0x00,
    0x3c,0x66,0xd7,0x00,0x3c,0x66,0xd7,0x00,0x3c,0x66,0xd7,0x00,0x3c,0x66,0xd7,0x00,0x3c,0x66,0xd7,0x00,
    0x3c,0x66,0xd7,0x00,0x3c,0x66,0xd7,0x00,0x3c,0x66,0xd7,0x00,0x3c,0x66,0xd7,0x00,0x3c,0x66,0xd7,0x00,
    0x3c,0x66,0xd7,0x00,0x3c,0x66,0xd7,0x00,0x3c,0x66,0xd7,0x00,0x3c,0x66,0xd7,0x00,0x3c,0x66,0xd7,0x00,
    0x3c,0x66,0xd7,0x00,0x3c,0x66,0xd7,0x00,0x3c,0x66,0xd7,0x00,0x3c,0x66,0xd7,0x00,0x3c,0x66,0xd7,0x00,
    0x3c,0x66,0xd7,0x00,0x3c,0x66,0xd7,0x00,0x3c,0x66,0xd7,0x00,0x3c,0x66,0xd7,0x00,0x3c,0x66,0xd7,0x00,
    0x3c,0x66,0xd7,0x00,0x3c,0x66,0xd7,0x00,0x3c,0x66,0xd7,0x00,0x3c,0x66,0xd7,0x00,0x3c,0x66,0xd7,0x00,
    0x3c,0x66,0xd7,0x00,0x3c,0x66,0xd7,0x00,0x3c,0x66,0xd7,0x00,0x3c,0x66,0xd7,0x00,0x3c,0x66,0xd7,0x00,
    0x3c,0x66,0xd7,0x00,0x3c,0x66,0xd7,0x00,0x3c,0x66,0xd7,0x00,0x3c,0x66,0xd7,0x00,0x3c,0x66,0xd7,0x00,
    0x3c,0x66,0xd7,0x00,0x3c,0x66,0xd7,0x00,0x3c,0x66,0xd7,0x00,0x3c,0x66,0xd7,0x00,0x3c,0x66,0xd7,0x00,
    0x3c,0x66,0xd7,0x00,0x3c,0x66,0xd7,0x00,0x3c,0x66,0xd7,0x00,0x3c,0x66,0xd7,0x00,0x3c,0x66,0xd7,0x00,
    0x3c,0x66,0xd7,0x00,0x3c,0x66,0xd7,0x00,0x3c,0x66,0xd7,0x00,0x3c,0x66,0xd7,0x00,0x3c,0x66,0xd7,0x00,
    0x3c,0x66,0xd7,0x00,0x3c,0x66,0xd7,0x00,0x3c,0x66,0xd7,0x00,0x3c,0x66,0xd7,0x00,0x3c,0x66,0xd7,0x00,
    0x3c,0x66,0xd7,0x00,0x3c,0x66,0xd7,0x00,0x3c,0x66,0xd7,0x00,0x3c,0x66,0xd7,0x00,0x3c,0x66,0xd7,0x00,
    0x3c,0x66,0xd7,0x00,0x3c,0x66,0xd7,0x00,0x3c,0x66,0xd7,0x00,0x3c,0x66,0xd7,0x00,0x3c,0x66,0xd7,0x00,
    0x3c,0x66,0xd7,0x00,0x3c,0x66,0xd7,0x00,0x3c,0x66,0xd7,0x00,0x3c,0x66,0xd7,0x00,0x3c,0x66,0xd7,0x00,
    0x3c,0x66,0xd7,0x00,0x3c,0x66,0xd7,0x00,0x3c,0x66,0xd7,0x00,0x3c,0x66,0xd7,0x00,0x3c,0x66,0xd7,0x00,
    0x3c,0x66,0xd7,0x00,0x3c,0x66,0xd7,0x00,0x3c,0x66,0xd7,0x00,0x3c,0x66,0xd7,0x00,0x3c,0x66,0xd7,0x00,
    0x3c,0x66,0xd7,0x00,0x3c,0x66,0xd7,0x00,0x3c,0x66,0xd7,0x00,0x3c,0x66,0xd7,0x00,0x3c,0x66,0xd7,0x00,
    0x3c,0x66,0xd7,0x00,0x3c,0x66,0xd7,0x00,0x3c,0x66,0xd7,0x00,0x3c,0x66,0xd7,0x00,0x3c,0x66,0xd7,0x00,
    0x3c,0x66,0xd7,0x00,0x3c,0x66,0xd7,0x00,0x3c,0x66,0xd7,0x00,0x3c,0x66,0xd7,0x00,0x3c,0x66,0xd7,0x00,
    0x3c,0x66,0xd7,0x00,0x3c,0x66,0xd7,0x00,0x3c,0x66,0xd7,0x00,0x3c,0x66,0xd7,0x00,0x3c,0x66,0xd7,0x00,
    0x3c,0x66,0xd7,0x00,0x3c,0x66,0xd7,0x00,0x3c,0x66,0xd7,0x00,0x3c,0x66,0xd7,0x00,0x3c,0x66,0xd7,0x00,
    0x3c,0x66,0xd7,0x00,0x3c,0x66,0xd7,0x00,0x3c,0x66,0xd7,0x00,0x3c,0x66,0xd7,0x00,0x3c,0x66,0xd7,0x00,
    0x3c,0x66,0xd7,0x00,0x3c,0x66,0xd7,0x00,0x3c,0x66,0xd7,0x00,0x3c,0x66,0xd7,0x00,0x3c,0x66,0xd7,0x00,
    0x3c,0x66,0xd7,0x00,0x3c,0x66,0xd7,0x00,0x3c,0x66,0xd7,0x00,0x3c,0x66,0xd7,0x00,0x3c,0x66,0xd7,0x00,
    0x3c,0x66,0xd7,0x00,0x3c,0x66,0xd7,0x00,0x3c,0x66,0xd7,0x00,0x3c,0x66,0xd7,0x00,0x3c,0x66,0xd7,0x00,
    0x3c,0x66,0xd7,0x00,0x3c,0x66,0xd7,0x00,0x3c,0x66,0xd7,0x00,0x3c,0x66,0xd7,0x00,0x3c,0x66,0xd7,0x00,
    0x3c,0x66,0xd7,0x00,0x3c,0x66,0xd7,0x00,0x3c,0x66,0xd7,0x00,0x3c,0x66,0xd7,0x00,0x3c,0x66,0xd7,0x00,
    0x3c,0x66,0xd7,0x00,0x3c,0x66,0xd7,0x00,0x3c,0x66,0xd7,0x00,0x3c,0x66,0xd7,0x00,0x3c,0x66,0xd7,0x00,
    0x3c,0x66,0xd7,0x00,0x3c,0x66,0xd7,0x00,0x3c,0x66,0xd7,0x00,0x3c,0x66,0xd7,0x00,0x3c,0x66,0xd7,0x00,
    0x3c,0x66,0xd7,0x00,0x3c,0x66,0xd7,0x00,0x3c,0x66,0xd7,0x00,0x3c,0x66,0xd7,0x00,0x3c,0x66,0xd7,0x00,
    0x3c,0x66,0xd7,0x00,0x3c,0x66,0xd7,0x00,0x3c,0x66,0xd7,0x00,0x3c,0x66,0xd7,0x00,0x3c,0x66,0xd7,0x00,
    0x3c,0x66,0xd7,0x00,0x3c,0x66,0xd7,0x00,0x3c,0x66,0xd7,0x00,0x3c,0x66,0xd7,0x00,0x3c,0x66,0xd7,0x00,
    0x3c,0x66,0xd7,0x00,0x3c,0x66,0xd7,0x00,0x3c,0x66,0xd7,0x00,0x3c,0x66,0xd7,0x00,0x3c,0x66,0xd7,0x00,
    0x3c,0x66,0xd7,0x00,0x3c,0x66,0xd7,0x00,0x3c,0x66,0xd7,0x00,0x3c,0x66,0xd7,0x00,0x3c,0x66,0xd7,0x00,
    0x3c,0x66,0xd7,0x00,0x3c,0x66,0xd7,0x00,0x3c,0x66,0xd7,0x00,0x3c,0x66,0xd7,0x00,0x3c,0x66,0xd7,0x00,
    0x3c,0x66,0xd7,0x00,0x3c,0x66,0xd7,0x00,0x3c,0x66,0xd7,0x00,0x3c,0x66,0xd7,0x00,0x3c,0x66,0xd7,0x00,
    0x3c,0x66,0xd7,0x00,0x3c,0x66,0xd7,0x00,0x3c,0x66,0xd7,0x00,0x3c,0x66,0xd7,0x00,0x3c,0x66,0xd7,0x00,
    0x3c,0x66,0xd7,0x00,0x3c,0x66,0xd7,0x00,0x3c,0x66,0xd7,0x00,0x3c,0x66,0xd7,0x00,0x3c,0x66,0xd7,0x00,
    0x3c,0x66,0xd7,0x00,0x3c,0x66,0xd7,0x00,0x3c,0x66,0xd7,0x00,0x3c,0x66,0xd7,0x00,0x3c,0x66,0xd7,0x00,
    0x3c,0x66,0xd7,0x00,0x3c,0x66,0xd7,0x00,0x3c,0x66,0xd7,0x00,0x3c,0x66,0xd7,0x00,0x3c,0x66,0xd7,0x00,
    0x3c,0x66,0xd7,0x00,0x3c,0x66,0xd7,0x00,0x3c,0x66,0xd7,0x00,0x3c,0x66,0xd7,0x00,0x3c,0x66,0xd7,0x00,
    0x3c,0x66,0xd7,0x00,0x3c,0x66,0xd7,0x00,0x3c,0x66,0xd7,0x00,0x3c,0x66,0xd7,0x00,0x3c,0x66,0xd7,0x00,
    0x3c,0x66,0xd7,0x00,0x3c,0x66,0xd7,0x00,0x3c,0x66,0xd7,0x00,0x3c,0x66,0xd7,0x00,0x3c,0x66,0xd7,0x00,
    0x3c,0x66,0xd7,0x00,0x3c,0x66,0xd7,0x00,0x3c,0x66,0xd7,0x00,0x3c,0x66,0xd7,0x00,0x3c,0x66,0xd7,0x00,
    0x3c,0x66,0xd7,0x00,0x3c,0x66,0xd7,0x00,0x3c,0x66,0xd7,0x00,0x3c,0x66,0xd7,0x00,0x3c,0x66,0xd7,0x00,
    0x3c,0x66,0xd7,0x00,0x3c,0x66,0xd7,0x00,0x3c,0x66,0xd7,0x00,0x3c,0x66,0xd7,0x00,0x3c,0x66,0xd7,0x00,
    0x3c,0x66,0xd7,0x00,0x3c,0x66,0xd7,0x00,0x3c,0x66,0xd7,0x00,0x3c,0x66,0xd7,0x00,0x3c,0x66,0xd7,0x00,
    0x3c,0x66,0xd7,0x00,0x3c,0x66,0xd7,0x00,0x3c,0x66,0xd7,0x00,0x3c,0x66,0xd7,0x03,0x3c,0x66,0xd7,0x00,
    0x3c,0x66,0xd7,0xa6,0x3c,0x66,0xd7,0xff,0x3c,0x66,0xd7,0xfb,0x3c,0x66,0xd7,0xff,0x3c,0x66,0xd7,0xff,
    0x3c,0x66,0xd7,0xff,0x3c,0x66,0xd7,0xff,0x3c,0x66,0xd7,0xfd,0x3c,0x66,0xd7,0xff,0x3c,0x66,0xd7,0xdc,
    0x3c,0x66,0xd7,0x08,0x3c,0x66,0xd7,0x01,0x3c,0x66,0xd7,0x01,0x3c,0x66,0xd7,0x00,0x3c,0x66,0xd7,0x00,
    0x3c,0x66,0xd7,0x03,0x3c,0x66,0xd7,0x00,0x3c,0x66,0xd7,0x42,0x3c,0x66,0xd7,0xff,0x3c,0x66,0xd7,0xfe,
    0x3c,0x66,0xd7,0xfd,0x3c,0x66,0xd7,0xff,0x3c,0x66,0xd7,0xeb,0x3c,0x66,0xd7,0x18,0x3c,0x66,0xd7,0x01,
    0x3c,0x66,0xd7,0x01,0x3c,0x66,0xd7,0x00,0x3c,0x66,0xd7,0x00,0x3c,0x66,0xd7,0x00,0x3c,0x66,0xd7,0x00,
    0x3c,0x66,0xd7,0x00,0x3c,0x66,0xd7,0x00,0x3c,0x66,0xd7,0x00,0x3c,0x66,0xd7,0x00,0x3c,0x66,0xd7,0x00,
    0x3c,0x66,0xd7,0x00,0x3c,0x66,0xd7,0x00,0x3c,0x66,0xd7,0x00,0x3c,0x66,0xd7,0x00,0x3c,0x66,0xd7,0x00,
    0x3c,0x66,0xd7,0x00,0x3c,0x66,0xd7,0x00,0x3c,0x66,0xd7,0x00,0x3c,0x66,0xd7,0x00,0x3c,0x66,0xd7,0x00,
    0x3c,0x66,0xd7,0x00,0x3c,0x66,0xd7,0x00,0x3c,0x66,0xd7,0x00,0x3c,0x66,0xd7,0x00,0x3c,0x66,0xd7,0x00,
    0x3c,0x66,0xd7,0x00,0x3c,0x66,0xd7,0x00,0x3c,0x66,0xd7,0x00,0x3c,0x66,0xd7,0x00,0x3c,0x66,0xd7,0x00,
    0x3c,0x66,0xd7,0x00,0x3c,0x66,0xd7,0x00,0x3c,0x66,0xd7,0x00,0x3c,0x66,0xd7,0x00,0x3c,0x66,0xd7,0x00,
    0x3c,0x66,0xd7,0x00,0x3c,0x66,0xd7,0x00,0x3c,0x66,0xd7,0x00,0x3c,0x66,0xd7,0x00,0x3c,0x66,0xd7,0x00,
    0x3c,0x66,0xd7,0x00,0x3c,0x66,0xd7,0x00,0x3c,0x66,0xd7,0x00,0x3c,0x66,0xd7,0x00,0x3c,0x66,0xd7,0x00,
    0x3c,0x66,0xd7,0x00,0x3c,0x66,0xd7,0x00,0x3c,0x66,0xd7,0x00,0x3c,0x66,0xd7,0x00,0x3c,0x66,0xd7,0x00,
    0x3c,0x66,0xd7,0x00,0x3c,0x66,0xd7,0x00,0x3c,0x66,0xd7,0x00,0x3c,0x66,0xd7,0x00,0x3c,0x66,0xd7,0x00,
    0x3c,0x66,0xd7,0x00,0x3c,0x66,0xd7,0x00,0x3c,0x66,0xd7,0x00,0x3c,0x66,0xd7,0x00,0x3c,0x66,0xd7,0x00,
    0x3c,0x66,0xd7,0x00,0x3c,0x66,0xd7,0x00,0x3c,0x66,0xd7,0x00,0x3c,0x66,0xd7,0x00,0x3c,0x66,0xd7,0x00,
    0x3c,0x66,0xd7,0x00,0x3c,0x66,0xd7,0x00,0x3c,0x66,0xd7,0x00,0x3c,0x66,0xd7,0x00,0x3c,0x66,0xd7,0x00,
    0x3c,0x66,0xd7,0x00,0x3c,0x66,0xd7,0x00,0x3c,0x66,0xd7,0x00,0x3c,0x66,0xd7,0x00,0x3c,0x66,0xd7,0x00,
    0x3c,0x66,0xd7,0x00,0x3c,0x66,0xd7,0x00,0x3c,0x66,0xd7,0x00,0x3c,0x66,0xd7,0x00,0x3c,0x66,0xd7,0x00,
    0x3c,0x66,0xd7,0x00,0x3c,0x66,0xd7,0x00,0x3c,0x66,0xd7,0x00,0x3c,0x66,0xd7,0x00,0x3c,0x66,0xd7,0x00,
    0x3c,0x66,0xd7,0x00,0x3c,0x66,0xd7,0x00,0x3c,0x66,0xd7,0x00,0x3c,0x66,0xd7,0x00,0x3c,0x66,0xd7,0x00,
    0x3c,0x66,0xd7,0x00,0x3c,0x66,0xd7,0x00,0x3c,0x66,0xd7,0x00,0x3c,0x66,0xd7,0x00,0x3c,0x66,0xd7,0x00,
    0x3c,0x66,0xd7,0x00,0x3c,0x66,0xd7,0x00,0x3c,0x66,0xd7,0x00,0x3c,0x66,0xd7,0x00,0x3c,0x66,0xd7,0x00,
    0x3c,0x66,0xd7,0x00,0x3c,0x66,0xd7,0x00,0x3c,0x66,0xd7,0x00,0x3c,0x66,0xd7,0x00,0x3c,0x66,0xd7,0x00,
    0x3c,0x66,0xd7,0x00,0x3c,0x66,0xd7,0x00,0x3c,0x66,0xd7,0x00,0x3c,0x66,0xd7,0x00,0x3c,0x66,0xd7,0x00,
    0x3c,0x66,0xd7,0x00,0x3c,0x66,0xd7,0x00,0x3c,0x66,0xd7,0x00,0x3c,0x66,0xd7,0x00,0x3c,0x66,0xd7,0x00,
    0x3c,0x66,0xd7,0x00,0x3c,0x66,0xd7,0x00,0x3c,0x66,0xd7,0x00,0x3c,0x66,0xd7,0x00,0x3c,0x66,0xd7,0x00,
    0x3c,0x66,0xd7,0x00,0x3c,0x66,0xd7,0x00,0x3c,0x66,0xd7,0x00,0x3c,0x66,0xd7,0x00,0x3c,0x66,0xd7,0x00,
    0x3c,0x66,0xd7,0x00,0x3c,0x66,0xd7,0x00,0x3c,0x66,0xd7,0x00,0x3c,0x66,0xd7,0x00,0x3c,0x66,0xd7,0x00,
    0x3c,0x66,0xd7,0x00,0x3c,0x66,0xd7,0x00,0x3c,0x66,0xd7,0x00,0x3c,0x66,0xd7,0x00,0x3c,0x66,0xd7,0x00,
    0x3c,0x66,0xd7,0x00,0x3c,0x66,0xd7,0x00,0x3c,0x66,0xd7,0x00,0x3c,0x66,0xd7,0x00,0x3c,0x66,0xd7,0x00,
    0x3c,0x66,0xd7,0x00,0x3c,0x66,0xd7,0x00,0x3c,0x66,0xd7,0x00,0x3c,0x66,0xd7,0x00,0x3c,0x66,0xd7,0x00,
    0x3c,0x66,0xd7,0x00,0x3c,0x66,0xd7,0x00,0x3c,0x66,0xd7,0x00,0x3c,0x66,0xd7,0x00,0x3c,0x66,0xd7,0x00,
    0x3c,0x66,0xd7,0x00,0x3c,0x66,0xd7,0x00,0x3c,0x66,0xd7,0x00,0x3c,0x66,0xd7,0x00,0x3c,0x66,0xd7,0x00,
    0x3c,0x66,0xd7,0x00,0x3c,0x66,0xd7,0x00,0x3c,0x66,0xd7,0x00,0x3c,0x66,0xd7,0x00,0x3c,0x66,0xd7,0x00,
    0x3c,0x66,0xd7,0x00,0x3c,0x66,0xd7,0x00,0x3c,0x66,0xd7,0x00,0x3c,0x66,0xd7,0x00,0x3c,0x66,0xd7,0x00,
    0x3c,0x66,0xd7,0x00,0x3c,0x66,0xd7,0x00,0x3c,0x66,0xd7,0x00,0x3c,0x66,0xd7,0x00,0x3c,0x66,0xd7,0x00,
    0x3c,0x66,0xd7,0x00,0x3c,0x66,0xd7,0x00,0x3c,0x66,0xd7,0x00,0x3c,0x66,0xd7,0x00,0x3c,0x66,0xd7,0x00,
    0x3c,0x66,0xd7,0x00,0x3c,0x66,0xd7,0x00,0x3c,0x66,0xd7,0x00,0x3c,0x66,0xd7,0x00,0x3c,0x66,0xd7,0x00,
    0x3c,0x66,0xd7,0x00,0x3c,0x66,0xd7,0x00,0x3c,0x66,0xd7,0x00,0x3c,0x66,0xd7,0x00,0x3c,0x66,0xd7,0x00,
    0x3c,0x66,0xd7,0x00,0x3c,0x66,0xd7,0x00,0x3c,0x66,0xd7,0x00,0x3c,0x66,0xd7,0x00,0x3c,0x66,0xd7,0x00,
    0x3c,0x66,0xd7,0x00,0x3c,0x66,0xd7,0x00,0x3c,0x66,0xd7,0x00,0x3c,0x66,0xd7,0x00,0x3c,0x66,0xd7,0x00,
    0x3c,0x66,0xd7,0x00,0x3c,0x66,0xd7,0x00,0x3c,0x66,0xd7,0x00,0x3c,0x66,0xd7,0x00,0x3c,0x66,0xd7,0x00,
    0x3c,0x66,0xd7,0x00,0x3c,0x66,0xd7,0x00,0x3c,0x66,0xd7,0x00,0x3c,0x66,0xd7,0x00,0x3c,0x66,0xd7,0x00,
    0x3c,0x66,0xd7,0x00,0x3c,0x66,0xd7,0x00,0x3c,0x66,0xd7,0x00,0x3c,0x66,0xd7,0x00,0x3c,0x66,0xd7,0x00,
    0x3c,0x66,0xd7,0x00,0x3c,0x66,0xd7,0x00,0x3c,0x66,0xd7,0x00,0x3c,0x66,0xd7,0x00,0x3c,0x66,0xd7,0x00,
    0x3c,0x66,0xd7,0x00,0x3c,0x66,0xd7,0x00,0x3c,0x66,0xd7,0x00,0x3c,0x66,0xd7,0x00,0x3c,0x66,0xd7,0x00,
    0x3c,0x66,0xd7,0x00,0x3c,0x66,0xd7,0x00,0x3c,0x66,0xd7,0x00,0x3c,0x66,0xd7,0x00,0x3c,0x66,0xd7,0x00,
    0x3c,0x66,0xd7,0x00,0x3c,0x66,0xd7,0x00,0x3c,0x66,0xd7,0x00,0x3c,0x66,0xd7,0x00,0x3c,0x66,0xd7,0x00,
    0x3c,0x66,0xd7,0x00,0x3c,0x66,0xd7,0x00,0x3c,0x66,0xd7,0x00,0x3c,0x66,0xd7,0x00,0x3c,0x66,0xd7,0x00,
    0x3c,0x66,0xd7,0x00,0x3c,0x66,0xd7,0x00,0x3c,0x66,0xd7,0x00,0x3c,0x66,0xd7,0x00,0x3c,0x66,0xd7,0x00,
    0x3c,0x66,0xd7,0x00,0x3c,0x66,0xd7,0x00,0x3c,0x66,0xd7,0x00,0x3c,0x66,0xd7,0x00,0x3c,0x66,0xd7,0x00,
    0x3c,0x66,0xd7,0x00,0x3c,0x66,0xd7,0x00,0x3c,0x66,0xd7,0x00,0x3c,0x66,0xd7,0x00,0x3c,0x66,0xd7,0x00,
    0x3c,0x66,0xd7,0x00,0x3c,0x66,0xd7,0x00,0x3c,0x66,0xd7,0x00,0x3c,0x66,0xd7,0x00,0x3c,0x66,0xd7,0x00,
    0x3c,0x66,0xd7,0x00,0x3c,0x66,0xd7,0x00,0x3c,0x66,0xd7,0x00,0x3c,0x66,0xd7,0x00,0x3c,0x66,0xd7,0x00,
    0x3c,0x66,0xd7,0x00,0x3c,0x66,0xd7,0x00,0x3c,0x66,0xd7,0x00,0x3c,0x66,0xd7,0x00,0x3c,0x66,0xd7,0x00,
    0x3c,0x66,0xd7,0x00,0x3c,0x66,0xd7,0x00,0x3c,0x66,0xd7,0x00,0x3c,0x66,0xd7,0x00,0x3c,0x66,0xd7,0x00,
    0x3c,0x66,0xd7,0x00,0x3c,0x66,0xd7,0x00,0x3c,0x66,0xd7,0x02,0x3c,0x66,0xd7,0x00,0x3c,0x66,0xd7,0x23,
    0x3c,0x66,0xd7,0xf7,0x3c,0x66,0xd7,0xfe,0x3c,0x66,0xd7,0xfe,0x3c,0x66,0xd7,0xff,0x3c,0x66,0xd7,0xff,
    0x3c,0x66,0xd7,0xff,0x3c,0x66,0xd7,0xff,0x3c,0x66,0xd7,0xff,0x3c,0x66,0xd7,0xfc,0x3c,0x66,0xd7,0xff,
    0x3c,0x66,0xd7,0x5a,0x3c,0x66,0xd7,0x00,0x3c,0x66,0xd7,0x04,0x3c,0x66,0xd7,0x00,0x3c,0x66,0xd7,0x00,
    0x3c,0x66,0xd7,0x00,0x3c,0x66,0xd7,0x02,0x3c,0x66,0xd7,0x00,0x3c,0x66,0xd7,0x76,0x3c,0x66,0xd7,0xfa,
    0x3c,0x66,0xd7,0xfc,0x3c,0x66,0xd7,0xea,0x3c,0x66,0xd7,0x45,0x3c,0x66,0xd7,0x00,0x3c,0x66,0xd7,0x02,
    0x3c,0x66,0xd7,0x00,0x3c,0x66,0xd7,0x00,0x3c,0x66,0xd7,0x00,0x3c,0x66,0xd7,0x00,0x3c,0x66,0xd7,0x00,
    0x3c,0x66,0xd7,0x00,0x3c,0x66,0xd7,0x00,0x3c,0x66,0xd7,0x00,0x3c,0x66,0xd7,0x00,0x3c,0x66,0xd7,0x00,
    0x3c,0x66,0xd7,0x00,0x3c,0x66,0xd7,0x00,0x3c,0x66,0xd7,0x00,0x3c,0x66,0xd7,0x00,0x3c,0x66,0xd7,0x00,
    0x3c,0x66,0xd7,0x00,0x3c,0x66,0xd7,0x00,0x3c,0x66,0xd7,0x00,0x3c,0x66,0xd7,0x00,0x3c,0x66,0xd7,0x00,
    0x3c,0x66,0xd7,0x00,0x3c,0x66,0xd7,0x00,0x3c,0x66,0xd7,0x00,0x3c,0x66,0xd7,0x00,0x3c,0x66,0xd7,0x00,
    0x3c,0x66,0xd7,0x00,0x3c,0x66,0xd7,0x00,0x3c,0x66,0xd7,0x00,0x3c,0x66,0xd7,0x00,0x3c,0x66,0xd7,0x00,
    0x3c,0x66,0xd7,0x00,0x3c,0x66,0xd7,0x00,0x3c,0x66,0xd7,0x00,0x3c,0x66,0xd7,0x00,0x3c,0x66,0xd7,0x00,
    0x3c,0x66,0xd7,0x00,0x3c,0x66,0xd7,0x00,0x3c,0x66,0xd7,0x00,0x3c,0x66,0xd7,0x00,0x3c,0x66,0xd7,0x00,
    0x3c,0x66,0xd7,0x00,0x3c,0x66,0xd7,0x00,0x3c,0x66,0xd7,0x00,0x3c,0x66,0xd7,0x00,0x3c,0x66,0xd7,0x00,
    0x3c,0x66,0xd7,0x00,0x3c,0x66,0xd7,0x00,0x3c,0x66,0xd7,0x00,0x3c,0x66,0xd7,0x00,0x3c,0x66,0xd7,0x00,
    0x3c,0x66,0xd7,0x00,0x3c,0x66,0xd7,0x00,0x3c,0x66,0xd7,0x00,0x3c,0x66,0xd7,0x00,0x3c,0x66,0xd7,0x00,
    0x3c,0x66,0xd7,0x00,0x3c,0x66,0xd7,0x00,0x3c,0x66,0xd7,0x00,0x3c,0x66,0xd7,0x00,0x3c,0x66,0xd7,0x00,
    0x3c,0x66,0xd7,0x00,0x3c,0x66,0xd7,0x00,0x3c,0x66,0xd7,0x00,0x3c,0x66,0xd7,0x00,0x3c,0x66,0xd7,0x00,
    0x3c,0x66,0xd7,0x00,0x3c,0x66,0xd7,0x00,0x3c,0x66,0xd7,0x00,0x3c,0x66,0xd7,0x00,0x3c,0x66,0xd7,0x00,
    0x3c,0x66,0xd7,0x00,0x3c,0x66,0xd7,0x00,0x3c,0x66,0xd7,0x00,0x3c,0x66,0xd7,0x00,0x3c,0x66,0xd7,0x00,
    0x3c,0x66,0xd7,0x00,0x3c,0x66,0xd7,0x00,0x3c,0x66,0xd7,0x00,0x3c,0x66,0xd7,0x00,0x3c,0x66,0xd7,0x00,
    0x3c,0x66,0xd7,0x00,0x3c,0x66,0xd7,0x00,0x3c,0x66,0xd7,0x00,0x3c,0x66,0xd7,0x00,0x3c,0x66,0xd7,0x00,
    0x3c,0x66,0xd7,0x00,0x3c,0x66,0xd7,0x00,0x3c,0x66,0xd7,0x00,0x3c,0x66,0xd7,0x00,0x3c,0x66,0xd7,0x00,
    0x3c,0x66,0xd7,0x00,0x3c,0x66,0xd7,0x00,0x3c,0x66,0xd7,0x00,0x3c,0x66,0xd7,0x00,0x3c,0x66,0xd7,0x00,
    0x3c,0x66,0xd7,0x00,0x3c,0x66,0xd7,0x00,0x3c,0x66,0xd7,0x00,0x3c,0x66,0xd7,0x00,0x3c,0x66,0xd7,0x00,
    0x3c,0x66,0xd7,0x00,0x3c,0x66,0xd7,0x00,0x3c,0x66,0xd7,0x00,0x3c,0x66,0xd7,0x00,0x3c,0x66,0xd7,0x00,
    0x3c,0x66,0xd7,0x00,0x3c,0x66,0xd7,0x00,0x3c,0x66,0xd7,0x00,0x3c,0x66,0xd7,0x00,0x3c,0x66,0xd7,0x00,
    0x3c,0x66,0xd7,0x00,0x3c,0x66,0xd7,0x00,0x3c,0x66,0xd7,0x00,0x3c,0x66,0xd7,0x00,0x3c,0x66,0xd7,0x00,
    0x3c,0x66,0xd7,0x00,0x3c,0x66,0xd7,0x00,0x3c,0x66,0xd7,0x00,0x3c,0x66,0xd7,0x00,0x3c,0x66,0xd7,0x00,
    0x3c,0x66,0xd7,0x00,0x3c,0x66,0xd7,0x00,0x3c,0x66,0xd7,0x00,0x3c,0x66,0xd7,0x00,0x3c,0x66,0xd7,0x00,
    0x3c,0x66,0xd7,0x00,0x3c,0x66,0xd7,0x00,0x3c,0x66,0xd7,0x00,0x3c,0x66,0xd7,0x00,0x3c,0x66,0xd7,0x00,
    0x3c,0x66,0xd7,0x00,0x3c,0x66,0xd7,0x00,0x3c,0x66,0xd7,0x00,0x3c,0x66,0xd7,0x00,0x3c,0x66,0xd7,0x00,
    0x3c,0x66,0xd7,0x00,0x3c,0x66,0xd7,0x00,0x3c,0x66,0xd7,0x00,0x3c,0x66,0xd7,0x00,0x3c,0x66,0xd7,0x00,
    0x3c,0x66,0xd7,0x00,0x3c,0x66,0xd7,0x00,0x3c,0x66,0xd7,0x00,0x3c,0x66,0xd7,0x00,0x3c,0x66,0xd7,0x00,
    0x3c,0x66,0xd7,0x00,0x3c,0x66,0xd7,0x00,0x3c,0x66,0xd7,0x00,0x3c,0x66,0xd7,0x00,0x3c,0x66,0xd7,0x00,
    0x3c,0x66,0xd7,0x00,0x3c,0x66,0xd7,0x00,0x3c,0x66,0xd7,0x00,0x3c,0x66,0xd7,0x00,0x3c,0x66,0xd7,0x00,
    0x3c,0x66,0xd7,0x00,0x3c,0x66,0xd7,0x00,0x3c,0x66,0xd7,0x00,0x3c,0x66,0xd7,0x00,0x3c,0x66,0xd7,0x00,
    0x3c,0x66,0xd7,0x00,0x3c,0x66,0xd7,0x00,0x3c,0x66,0xd7,0x00,0x3c,0x66,0xd7,0x00,0x3c,0x66,0xd7,0x00,
    0x3c,0x66,0xd7,0x00,0x3c,0x66,0xd7,0x00,0x3c,0x66,0xd7,0x00,0x3c,0x66,0xd7,0x00,0x3c,0x66,0xd7,0x00,
    0x3c,0x66,0xd7,0x00,0x3c,0x66,0xd7,0x00,0x3c,0x66,0xd7,0x00,0x3c,0x66,0xd7,0x00,0x3c,0x66,0xd7,0x00,
    0x3c,0x66,0xd7,0x00,0x3c,0x66,0xd7,0x00,0x3c,0x66,0xd7,0x00,0x3c,0x66,0xd7,0x00,0x3c,0x66,0xd7,0x00,
    0x3c,0x66,0xd7,0x00,0x3c,0x66,0xd7,0x00,0x3c,0x66,0xd7,0x00,0x3c,0x66,0xd7,0x00,0x3c,0x66,0xd7,0x00,
    0x3c,0x66,0xd7,0x00,0x3c,0x66,0xd7,0x00,0x3c,0x66,0xd7,0x00,0x3c,0x66,0xd7,0x00,0x3c,0x66,0xd7,0x00,
    0x3c,0x66,0xd7,0x00,0x3c,0x66,0xd7,0x00,0x3c,0x66,0xd7,0x00,0x3c,0x66,0xd7,0x00,0x3c,0x66,0xd7,0x00,
    0x3c,0x66,0xd7,0x00,0x3c,0x66,0xd7,0x00,0x3c,0x66,0xd7,0x00,0x3c,0x66,0xd7,0x00,0x3c,0x66,0xd7,0x00,
    0x3c,0x66,0xd7,0x00,0x3c,0x66,0xd7,0x00,0x3c,0x66,0xd7,0x00,0x3c,0x66,0xd7,0x00,0x3c,0x66,0xd7,0x00,
    0x3c,0x66,0xd7,0x00,0x3c,0x66,0xd7,0x00,0x3c,0x66,0xd7,0x00,0x3c,0x66,0xd7,0x00,0x3c,0x66,0xd7,0x00,
    0x3c,0x66,0xd7,0x00,0x3c,0x66,0xd7,0x00,0x3c,0x66,0xd7,0x00,0x3c,0x66,0xd7,0x00,0x3c,0x66,0xd7,0x00,
    0x3c,0x66,0xd7,0x00,0x3c,0x66,0xd7,0x00,0x3c,0x66,0xd7,0x00,0x3c,0x66,0xd7,0x00,0x3c,0x66,0xd7,0x00,
    0x3c,0x66,0xd7,0x00,0x3c,0x66,0xd7,0x00,0x3c,0x66,0xd7,0x00,0x3c,0x66,0xd7,0x00,0x3c,0x66,0xd7,0x00,
    0x3c,0x66,0xd7,0x00,0x3c,0x66,0xd7,0x00,0x3c,0x66,0xd7,0x00,0x3c,0x66,0xd7,0x00,0x3c,0x66,0xd7,0x00,
    0x3c,0x66,0xd7,0x00,0x3c,0x66,0xd7,0x00,0x3c,0x66,0xd7,0x00,0x3c,0x66,0xd7,0x00,0x3c,0x66,0xd7,0x00,
    0x3c,0x66,0xd7,0x00,0x3c,0x66,0xd7,0x00,0x3c,0x66,0xd7,0x00,0x3c,0x66,0xd7,0x00,0x3c,0x66,0xd7,0x00,
    0x3c,0x66,0xd7,0x00,0x3c,0x66,0xd7,0x00,0x3c,0x66,0xd7,0x00,0x3c,0x66,0xd7,0x00,0x3c,0x66,0xd7,0x00,
    0x3c,0x66,0xd7,0x00,0x3c,0x66,0xd7,0x00,0x3c,0x66,0xd7,0x00,0x3c,0x66,0xd7,0x00,0x3c,0x66,0xd7,0x00,
    0x3c,0x66,0xd7,0x00,0x3c,0x66,0xd7,0x00,0x3c,0x66,0xd7,0x00,0x3c,0x66,0xd7,0x00,0x3c,0x66,0xd7,0x00,
    0x3c,0x66,0xd7,0x00,0x3c,0x66,0xd7,0x00,0x3c,0x66,0xd7,0x00,0x3c,0x66,0xd7,0x00,0x3c,0x66,0xd7,0x00,
    0x3c,0x66,0xd7,0x00,0x3c,0x66,0xd7,0x00,0x3c,0x66,0xd7,0x00,0x3c,0x66,0xd7,0x00,0x3c,0x66,0xd7,0x00,
    0x3c,0x66,0xd7,0x00,0x3c,0x66,0xd7,0x00,0x3c,0x66,0xd7,0x00,0x3c,0x66,0xd7,0x00,0x3c,0x66,0xd7,0x00,
    0x3c,0x66,0xd7,0x00,0x3c,0x66,0xd7,0x00,0x3c,0x66,0xd7,0x04,0x3c,0x66,0xd7,0x00,0x3c,0x66,0xd7,0x80,
    0x3c,0x66,0xd7,0xff,0x3c,0x66,0xd7,0xfb,0x3c,0x66,0xd7,0xff,0x3c,0x66,0xd7,0xff,0x3c,0x66,0xd7,0xff,
    0x3c,0x66,0xd7,0xff,0x3c,0x66,0xd7,0xff,0x3c,0x66,0xd7,0xff,0x3c,0x66,0xd7,0xfc,0x3c,0x66,0xd7,0xff,
    0x3c,0x66,0xd7,0xbe,0x3c,0x66,0xd7,0x00,0x3c,0x66,0xd7,0x02,0x3c,0x66,0xd7,0x00,0x3c,0x66,0xd7,0x00,
    0x3c,0x66,0xd7,0x00,0x3c,0x66,0xd7,0x01,0x3c,0x66,0xd7,0x01,0x3c,0x66,0xd7,0x05,0x3c,0x66,0xd7,0xea,
    0x3c,0x66,0xd7,0xff,0x3c,0x66,0xd7,0xb9,0x3c,0x66,0xd7,0x00,0x3c,0x66,0xd7,0x03,0x3c,0x66,0xd7,0x00,
    0x3c,0x66,0xd7,0x00,0x3c,0x66,0xd7,0x00,0x3c,0x66,0xd7,0x00,0x3c,0x66,0xd7,0x00,0x3c,0x66,0xd7,0x00,
    0x3c,0x66,0xd7,0x00,0x3c,0x66,0xd7,0x00,0x3c,0x66,0xd7,0x00,0x3c,0x66,0xd7,0x00,0x3c,0x66,0xd7,0x00,
    0x3c,0x66,0xd7,0x00,0x3c,0x66,0xd7,0x00,0x3c,0x66,0xd7,0x00,0x3c,0x66,0xd7,0x00,0x3c,0x66,0xd7,0x00,
    0x3c,0x66,0xd7,0x00,0x3c,0x66,0xd7,0x00,0x3c,0x66,0xd7,0x00,0x3c,0x66,0xd7,0x00,0x3c,0x66,0xd7,0x00,
    0x3c,0x66,0xd7,0x00,0x3c,0x66,0xd7,0x00,0x3c,0x66,0xd7,0x00,0x3c,0x66,0xd7,0x00,0x3c,0x66,0xd7,0x00,
    0x3c,0x66,0xd7,0x00,0x3c,0x66,0xd7,0x00,0x3c,0x66,0xd7,0x00,0x3c,0x66,0xd7,0x00,0x3c,0x66,0xd7,0x00,
    0x3c,0x66,0xd7,0x00,0x3c,0x66,0xd7,0x00,0x3c,0x66,0xd7,0x00,0x3c,0x66,0xd7,0x00,0x3c,0x66,0xd7,0x00,
    0x3c,0x66,0xd7,0x00,0x3c,0x66,0xd7,0x00,0x3c,0x66,0xd7,0x00,0x3c,0x66,0xd7,0x00,0x3c,0x66,0xd7,0x00,
    0x3c,0x66,0xd7,0x00,0x3c,0x66,0xd7,0x00,0x3c,0x66,0xd7,0x00,0x3c,0x66,0xd7,0x00,0x3c,0x66,0xd7,0x00,
    0x3c,0x66,0xd7,0x00,0x3c,0x66,0xd7,0x00,0x3c,0x66,0xd7,0x00,0x3c,0x66,0xd7,0x00,0x3c,0x66,0xd7,0x00,
    0x3c,0x66,0xd7,0x00,0x3c,0x66,0xd7,0x00,0x3c,0x66,0xd7,0x00,0x3c,0x66,0xd7,0x00,0x3c,0x66,0xd7,0x00,
    0x3c,0x66,0xd7,0x00,0x3c,0x66,0xd7,0x00,0x3c,0x66,0xd7,0x00,0x3c,0x66,0xd7,0x00,0x3c,0x66,0xd7,0x00,
    0x3c,0x66,0xd7,0x00,0x3c,0x66,0xd7,0x00,0x3c,0x66,0xd7,0x00,0x3c,0x66,0xd7,0x00,0x3c,0x66,0xd7,0x00,
    0x3c,0x66,0xd7,0x00,0x3c,0x66,0xd7,0x00,0x3c,0x66,0xd7,0x00,0x3c,0x66,0xd7,0x00,0x3c,0x66,0xd7,0x00,
    0x3c,0x66,0xd7,0x00,0x3c,0x66,0xd7,0x00,0x3c,0x66,0xd7,0x00,0x3c,0x66,0xd7,0x00,0x3c,0x66,0xd7,0x00,
    0x3c,0x66,0xd7,0x00,0x3c,0x66,0xd7,0x00,0x3c,0x66,0xd7,0x00,0x3c,0x66,0xd7,0x00,0x3c,0x66,0xd7,0x00,
    0x3c,0x66,0xd7,0x00,0x3c,0x66,0xd7,0x00,0x3c,0x66,0xd7,0x00,0x3c,0x66,0xd7,0x00,0x3c,0x66,0xd7,0x00,
    0x3c,0x66,0xd7,0x00,0x3c,0x66,0xd7,0x00,0x3c,0x66,0xd7,0x00,0x3c,0x66,0xd7,0x00,0x3c,0x66,0xd7,0x00,
    0x3c,0x66,0xd7,0x00,0x3c,0x66,0xd7,0x00,0x3c,0x66,0xd7,0x00,0x3c,0x66,0xd7,0x00,0x3c,0x66,0xd7,0x00,
    0x3c,0x66,0xd7,0x00,0x3c,0x66,0xd7,0x00,0x3c,0x66,0xd7,0x00,0x3c,0x66,0xd7,0x00,0x3c,0x66,0xd7,0x00,
    0x3c,0x66,0xd7,0x00,0x3c,0x66,0xd7,0x00,0x3c,0x66,0xd7,0x00,0x3c,0x66,0xd7,0x00,0x3c,0x66,0xd7,0x00,
    0x3c,0x66,0xd7,0x00,0x3c,0x66,0xd7,0x00,0x3c,0x66,0xd7,0x00,0x3c,0x66,0xd7,0x00,0x3c,0x66,0xd7,0x00,
    0x3c,0x66,0xd7,0x00,0x3c,0x66,0xd7,0x00,0x3c,0x66,0xd7,0x00,0x3c,0x66,0xd7,0x00,0x3c,0x66,0xd7,0x00,
    0x3c,0x66,0xd7,0x00,0x3c,0x66,0xd7,0x00,0x3c,0x66,0xd7,0x00,0x3c,0x66,0xd7,0x00,0x3c,0x66,0xd7,0x00,
    0x3c,0x66,0xd7,0x00,0x3c,0x66,0xd7,0x00,0x3c,0x66,0xd7,0x00,0x3c,0x66,0xd7,0x00,0x3c,0x66,0xd7,0x00,
    0x3c,0x66,0xd7,0x00,0x3c,0x66,0xd7,0x00,0x3c,0x66,0xd7,0x00,0x3c,0x66,0xd7,0x00,0x3c,0x66,0xd7,0x00,
    0x3c,0x66,0xd7,0x00,0x3c,0x66,0xd7,0x00,0x3c,0x66,0xd7,0x00,0x3c,0x66,0xd7,0x00,0x3c,0x66,0xd7,0x00,
    0x3c,0x66,0xd7,0x00,0x3c,0x66,0xd7,0x00,0x3c,0x66,0xd7,0x00,0x3c,0x66,0xd7,0x00,0x3c,0x66,0xd7,0x00,
    0x3c,0x66,0xd7,0x00,0x3c,0x66,0xd7,0x00,0x3c,0x66,0xd7,0x00,0x3c,0x66,0xd7,0x00,0x3c,0x66,0xd7,0x00,
    0x3c,0x66,0xd7,0x00,0x3c,0x66,0xd7,0x00,0x3c,0x66,0xd7,0x00,0x3c,0x66,0xd7,0x00,0x3c,0x66,0xd7,0x00,
    0x3c,0x66,0xd7,0x00,0x3c,0x66,0xd7,0x00,0x3c,0x66,0xd7,0x00,0x3c,0x66,0xd7,0x00,0x3c,0x66,0xd7,0x00,
    0x3c,0x66,0xd7,0x00,0x3c,0x66,0xd7,0x00,0x3c,0x66,0xd7,0x00,0x3c,0x66,0xd7,0x00,0x3c,0x66,0xd7,0x00,
    0x3c,0x66,0xd7,0x00,0x3c,0x66,0xd7,0x00,0x3c,0x66,0xd7,0x00,0x3c,0x66,0xd7,0x00,0x3c,0x66,0xd7,0x00,
    0x3c,0x66,0xd7,0x00,0x3c,0x66,0xd7,0x00,0x3c,0x66,0xd7,0x00,0x3c,0x66,0xd7,0x00,0x3c,0x66,0xd7,0x00,
    0x3c,0x66,0xd7,0x00,0x3c,0x66,0xd7,0x00,0x3c,0x66,0xd7,0x00,0x3c,0x66,0xd7,0x00,0x3c,0x66,0xd7,0x00,
    0x3c,0x66,0xd7,0x00,0x3c,0x66,0xd7,0x00,0x3c,0x66,0xd7,0x00,0x3c,0x66,0xd7,0x00,0x3c,0x66,0xd7,0x00,
    0x3c,0x66,0xd7,0x00,0x3c,0x66,0xd7,0x00,0x3c,0x66,0xd7,0x00,0x3c,0x66,0xd7,0x00,0x3c,0x66,0xd7,0x00,
    0x3c,0x66,0xd7,0x00,0x3c,0x66,0xd7,0x00,0x3c,0x66,0xd7,0x00,0x3c,0x66,0xd7,0x00,0x3c,0x66,0xd7,0x00,
    0x3c,0x66,0xd7,0x00,0x3c,0x66,0xd7,0x00,0x3c,0x66,0xd7,0x00,0x3c,0x66,0xd7,0x00,0x3c,0x66,0xd7,0x00,
    0x3c,0x66,0xd7,0x00,0x3c,0x66,0xd7,0x00,0x3c,0x66,0xd7,0x00,0x3c,0x66,0xd7,0x00,0x3c,0x66,0xd7,0x00,
    0x3c,0x66,0xd7,0x00,0x3c,0x66,0xd7,0x00,0x3c,0x66,0xd7,0x00,0x3c,0x66,0xd7,0x00,0x3c,0x66,0xd7,0x00,
    0x3c,0x66,0xd7,0x00,0x3c,0x66,0xd7,0x00,0x3c,0x66,0xd7,0x00,0x3c,0x66,0xd7,0x00,0x3c,0x66,0xd7,0x00,
    0x3c,0x66,0xd7,0x00,0x3c,0x66,0xd7,0x00,0x3c,0x66,0xd7,0x00,0x3c,0x66,0xd7,0x00,0x3c,0x66,0xd7,0x00,
    0x3c,0x66,0xd7,0x00,0x3c,0x66,0xd7,0x00,0x3c,0x66,0xd7,0x00,0x3c,0x66,0xd7,0x00,0x3c,0x66,0xd7,0x00,
    0x3c,0x66,0xd7,0x00,0x3c,0x66,0xd7,0x00,0x3c,0x66,0xd7,0x00,0x3c,0x66,0xd7,0x00,0x3c,0x66,0xd7,0x00,
    0x3c,0x66,0xd7,0x00,0x3c,0x66,0xd7,0x00,0x3c,0x66,0xd7,0x00,0x3c,0x66,0xd7,0x00,0x3c,0x66,0xd7,0x00,
    0x3c,0x66,0xd7,0x00,0x3c,0x66,0xd7,0x00,0x3c,0x66,0xd7,0x00,0x3c,0x66,0xd7,0x00,0x3c,0x66,0xd7,0x00,
    0x3c,0x66,0xd7,0x00,0x3c,0x66,0xd7,0x00,0x3c,0x66,0xd7,0x00,0x3c,0x66,0xd7,0x00,0x3c,0x66,0xd7,0x00,
    0x3c,0x66,0xd7,0x00,0x3c,0x66,0xd7,0x00,0x3c,0x66,0xd7,0x00,0x3c,0x66,0xd7,0x00,0x3c,0x66,0xd7,0x00,
    0x3c,0x66,0xd7,0x00,0x3c,0x66,0xd7,0x00,0x3c,0x66,0xd7,0x00,0x3c,0x66,0xd7,0x00,0x3c,0x66,0xd7,0x00,
    0x3c,0x66,0xd7,0x00,0x3c,0x66,0xd7,0x00,0x3c,0x66,0xd7,0x00,0x3c,0x66,0xd7,0x00,0x3c,0x66,0xd7,0x00,
    0x3c,0x66,0xd7,0x00,0x3c,0x66,0xd7,0x00,0x3c,0x66,0xd7,0x00,0x3c,0x66,0xd7,0x00,0x3c,0x66,0xd7,0x00,
    0x3c,0x66,0xd7,0x00,0x3c,0x66,0xd7,0x00,0x3c,0x66,0xd7,0x00,0x3c,0x66,0xd7,0x00,0x3c,0x66,0xd7,0x00,
    0x3c,0x66,0xd7,0x00,0x3c,0x66,0xd7,0x00,0x3c,0x66,0xd7,0x00,0x3c,0x66,0xd7,0x00,0x3c,0x66,0xd7,0x00,
    0x3c,0x66,0xd7,0x00,0x3c,0x66,0xd7,0x01,0x3c,0x66,0xd7,0x01,0x3c,0x66,0xd7,0x09,0x3c,0x66,0xd7,0xdc,
    0x3c,0x66,0xd7,0xff,0x3c,0x66,0xd7,0xfd,0x3c,0x66,0xd7,0xff,0x3c,0x66,0xd7,0xff,0x3c,0x66,0xd7,0xff,
    0x3c,0x66,0xd7,0xff,0x3c,0x66,0xd7,0xff,0x3c,0x66,0xd7,0xff,0x3c,0x66,0xd7,0xff,0x3c,0x66,0xd7,0xfe,
    0x3c,0x66,0xd7,0xfb,0x3c,0x66,0xd7,0x2b,0x3c,0x66,0xd7,0x01,0x3c,0x66,0xd7,0x02,0x3c,0x66,0xd7,0x00,
    0x3c,0x66,0xd7,0x00,0x3c,0x66,0xd7,0x01,0x3c,0x66,0xd7,0x00,0x3c,0x66,0xd7,0x14,0x3c,0x66,0xd7,0xeb,
    0x3c,0x66,0xd7,0xff,0x3c,0x66,0xd7,0xbe,0x3c,0x66,0xd7,0x02,0x3c,0x66,0xd7,0x02,0x3c,0x66,0xd7,0x00,
    0x3c,0x66,0xd7,0x00,0x3c,0x66,0xd7,0x00,0x3c,0x66,0xd7,0x00,0x3c,0x66,0xd7,0x00,0x3c,0x66,0xd7,0x00,
    0x3c,0x66,0xd7,0x00,0x3c,0x66,0xd7,0x00,0x3c,0x66,0xd7,0x00,0x3c,0x66,0xd7,0x00,0x3c,0x66,0xd7,0x00,
    0x3c,0x66,0xd7,0x00,0x3c,0x66,0xd7,0x00,0x3c,0x66,0xd7,0x00,0x3c,0x66,0xd7,0x00,0x3c,0x66,0xd7,0x00,
    0x3c,0x66,0xd7,0x00,0x3c,0x66,0xd7,0x00,0x3c,0x66,0xd7,0x00,0x3c,0x66,0xd7,0x00,0x3c,0x66,0xd7,0x00,
    0x3c,0x66,0xd7,0x00,0x3c,0x66,0xd7,0x00,0x3c,0x66,0xd7,0x00,0x3c,0x66,0xd7,0x00,0x3c,0x66,0xd7,0x00,
    0x3c,0x66,0xd7,0x00,0x3c,0x66,0xd7,0x00,0x3c,0x66,0xd7,0x00,0x3c,0x66,0xd7,0x00,0x3c,0x66,0xd7,0x00,
    0x3c,0x66,0xd7,0x00,0x3c,0x66,0xd7,0x00,0x3c,0x66,0xd7,0x00,0x3c,0x66,0xd7,0x00,0x3c,0x66,0xd7,0x00,
    0x3c,0x66,0xd7,0x00,0x3c,0x66,0xd7,0x00,0x3c,0x66,0xd7,0x00,0x3c,0x66,0xd7,0x00,0x3c,0x66,0xd7,0x00,
    0x3c,0x66,0xd7,0x00,0x3c,0x66,0xd7,0x00,0x3c,0x66,0xd7,0x00,0x3c,0x66,0xd7,0x00,0x3c,0x66,0xd7,0x00,
    0x3c,0x66,0xd7,0x00,0x3c,0x66,0xd7,0x00,0x3c,0x66,0xd7,0x00,0x3c,0x66,0xd7,0x00,0x3c,0x66,0xd7,0x00,
    0x3c,0x66,0xd7,0x00,0x3c,0x66,0xd7,0x00,0x3c,0x66,0xd7,0x00,0x3c,0x66,0xd7,0x00,0x3c,0x66,0xd7,0x00,
    0x3c,0x66,0xd7,0x00,0x3c,0x66,0xd7,0x00,0x3c,0x66,0xd7,0x00,0x3c,0x66,0xd7,0x00,0x3c,0x66,0xd7,0x00,
    0x3c,0x66,0xd7,0x00,0x3c,0x66,0xd7,0x00,0x3c,0x66,0xd7,0x00,0x3c,0x66,0xd7,0x00,0x3c,0x66,0xd7,0x00,
    0x3c,0x66,0xd7,0x00,0x3c,0x66,0xd7,0x00,0x3c,0x66,0xd7,0x00,0x3c,0x66,0xd7,0x00,0x3c,0x66,0xd7,0x00,
    0x3c,0x66,0xd7,0x00,0x3c,0x66,0xd7,0x00,0x3c,0x66,0xd7,0x00,0x3c,0x66,0xd7,0x00,0x3c,0x66,0xd7,0x00,
    0x3c,0x66,0xd7,0x00,0x3c,0x66,0xd7,0x00,0x3c,0x66,0xd7,0x00,0x3c,0x66,0xd7,0x00,0x3c,0x66,0xd7,0x00,
    0x3c,0x66,0xd7,0x00,0x3c,0x66,0xd7,0x00,0x3c,0x66,0xd7,0x00,0x3c,0x66,0xd7,0x00,0x3c,0x66,0xd7,0x01,
    0x3c,0x66,0xd7,0x01,0x3c,0x66,0xd7,0x00,0x3c,0x66,0xd7,0x00,0x3c,0x66,0xd7,0x00,0x3c,0x66,0xd7,0x00,
    0x3c,0x66,0xd7,0x00,0x3c,0x66,0xd7,0x00,0x3c,0x66,0xd7,0x00,0x3c,0x66,0xd7,0x00,0x3c,0x66,0xd7,0x00,
    0x3c,0x66,0xd7,0x00,0x3c,0x66,0xd7,0x00,0x3c,0x66,0xd7,0x00,0x3c,0x66,0xd7,0x00,0x3c,0x66,0xd7,0x00,
    0x3c,0x66,0xd7,0x00,0x3c,0x66,0xd7,0x00,0x3c,0x66,0xd7,0x00,0x3c,0x66,0xd7,0x00,0x3c,0x66,0xd7,0x00,
    0x3c,0x66,0xd7,0x00,0x3c,0x66,0xd7,0x00,0x3c,0x66,0xd7,0x00,0x3c,0x66,0xd7,0x00,0x3c,0x66,0xd7,0x00,
    0x3c,0x66,0xd7,0x00,0x3c,0x66,0xd7,0x00,0x3c,0x66,0xd7,0x00,0x3c,0x66,0xd7,0x00,0x3c,0x66,0xd7,0x00,
    0x3c,0x66,0xd7,0x00,0x3c,0x66,0xd7,0x00,0x3c,0x66,0xd7,0x00,0x3c,0x66,0xd7,0x00,0x3c,0x66,0xd7,0x00,
    0x3c,0x66,0xd7,0x00,0x3c,0x66,0xd7,0x00,0x3c,0x66,0xd7,0x00,0x3c,0x66,0xd7,0x00,0x3c,0x66,0xd7,0x00,
    0x3c,0x66,0xd7,0x00,0x3c,0x66,0xd7,0x00,0x3c,0x66,0xd7,0x00,0x3c,0x66,0xd7,0x00,0x3c,0x66,0xd7,0x00,
    0x3c,0x66,0xd7,0x00,0x3c,0x66,0xd7,0x00,0x3c,0x66,0xd7,0x00,0x3c,0x66,0xd7,0x00,0x3c,0x66,0xd7,0x00,
    0x3c,0x66,0xd7,0x00,0x3c,0x66,0xd7,0x00,0x3c,0x66,0xd7,0x00,0x3c,0x66,0xd7,0x00,0x3c,0x66,0xd7,0x00,
    0x3c,0x66,0xd7,0x00,0x3c,0x66,0xd7,0x00,0x3c,0x66,0xd7,0x00,0x3c,0x66,0xd7,0x00,0x3c,0x66,0xd7,0x00,
    0x3c,0x66,0xd7,0x00,0x3c,0x66,0xd7,0x00,0x3c,0x66,0xd7,0x00,0x3c,0x66,0xd7,0x00,0x3c,0x66,0xd7,0x00,
    0x3c,0x66,0xd7,0x00,0x3c,0x66,0xd7,0x00,0x3c,0x66,0xd7,0x00,0x3c,0x66,0xd7,0x00,0x3c,0x66,0xd7,0x00,
    0x3c,0x66,0xd7,0x00,0x3c,0x66,0xd7,0x00,0x3c,0x66,0xd7,0x00,0x3c,0x66,0xd7,0x00,0x3c,0x66,0xd7,0x00,
    0x3c,0x66,0xd7,0x00,0x3c,0x66,0xd7,0x00,0x3c,0x66,0xd7,0x00,0x3c,0x66,0xd7,0x00,0x3c,0x66,0xd7,0x00,
    0x3c,0x66,0xd7,0x00,0x3c,0x66,0xd7,0x00,0x3c,0x66,0xd7,0x00,0x3c,0x66,0xd7,0x00,0x3c,0x66,0xd7,0x00,
    0x3c,0x66,0xd7,0x00,0x3c,0x66,0xd7,0x00,0x3c,0x66,0xd7,0x00,0x3c,0x66,0xd7,0x00,0x3c,0x66,0xd7,0x00,
    0x3c,0x66,0xd7,0x00,0x3c,0x66,0xd7,0x00,0x3c,0x66,0xd7,0x00,0x3c,0x66,0xd7,0x00,0x3c,0x66,0xd7,0x00,
    0x3c,0x66,0xd7,0x00,0x3c,0x66,0xd7,0x00,0x3c,0x66,0xd7,0x00,0x3c,0x66,0xd7,0x00,0x3c,0x66,0xd7,0x00,
    0x3c,0x66,0xd7,0x00,0x3c,0x66,0xd7,0x00,0x3c,0x66,0xd7,0x00,0x3c,0x66,0xd7,0x00,0x3c,0x66,0xd7,0x00,
    0x3c,0x66,0xd7,0x00,0x3c,0x66,0xd7,0x00,0x3c,0x66,0xd7,0x00,0x3c,0x66,0xd7,0x00,0x3c,0x66,0xd7,0x00,
    0x3c,0x66,0xd7,0x00,0x3c,0x66,0xd7,0x00,0x3c,0x66,0xd7,0x00,0x3c,0x66,0xd7,0x00,0x3c,0x66,0xd7,0x00,
    0x3c,0x66,0xd7,0x00,0x3c,0x66,0xd7,0x00,0x3c,0x66,0xd7,0x00,0x3c,0x66,0xd7,0x00,0x3c,0x66,0xd7,0x00,
    0x3c,0x66,0xd7,0x00,0x3c,0x66,0xd7,0x00,0x3c,0x66,0xd7,0x00,0x3c,0x66,0xd7,0x00,0x3c,0x66,0xd7,0x00,
    0x3c,0x66,0xd7,0x00,0x3c,0x66,0xd7,0x00,0x3c,0x66,0xd7,0x00,0x3c,0x66,0xd7,0x00,0x3c,0x66,0xd7,0x00,
    0x3c,0x66,0xd7,0x00,0x3c,0x66,0xd7,0x00,0x3c,0x66,0xd7,0x00,0x3c,0x66,0xd7,0x00,0x3c,0x66,0xd7,0x00,
    0x3c,0x66,0xd7,0x00,0x3c,0x66,0xd7,0x00,0x3c,0x66,0xd7,0x00,0x3c,0x66,0xd7,0x00,0x3c,0x66,0xd7,0x00,
    0x3c,0x66,0xd7,0x00,0x3c,0x66,0xd7,0x00,0x3c,0x66,0xd7,0x00,0x3c,0x66,0xd7,0x00,0x3c,0x66,0xd7,0x00,
    0x3c,0x66,0xd7,0x00,0x3c,0x66,0xd7,0x00,0x3c,0x66,0xd7,0x00,0x3c,0x66,0xd7,0x00,0x3c,0x66,0xd7,0x00,
    0x3c,0x66,0xd7,0x00,0x3c,0x66,0xd7,0x00,0x3c,0x66,0xd7,0x00,0x3c,0x66,0xd7,0x00,0x3c,0x66,0xd7,0x00,
    0x3c,0x66,0xd7,0x00,0x3c,0x66,0xd7,0x00,0x3c,0x66,0xd7,0x00,0x3c,0x66,0xd7,0x00,0x3c,0x66,0xd7,0x00,
    0x3c,0x66,0xd7,0x00,0x3c,0x66,0xd7,0x00,0x3c,0x66,0xd7,0x00,0x3c,0x66,0xd7,0x00,0x3c,0x66,0xd7,0x00,
    0x3c,0x66,0xd7,0x00,0x3c,0x66,0xd7,0x00,0x3c,0x66,0xd7,0x00,0x3c,0x66,0xd7,0x00,0x3c,0x66,0xd7,0x00,
    0x3c,0x66,0xd7,0x00,0x3c,0x66,0xd7,0x00,0x3c,0x66,0xd7,0x00,0x3c,0x66,0xd7,0x00,0x3c,0x66,0xd7,0x00,
    0x3c,0x66,0xd7,0x00,0x3c,0x66,0xd7,0x00,0x3c,0x66,0xd7,0x00,0x3c,0x66,0xd7,0x00,0x3c,0x66,0xd7,0x00,
    0x3c,0x66,0xd7,0x00,0x3c,0x66,0xd7,0x00,0x3c,0x66,0xd7,0x00,0x3c,0x66,0xd7,0x00,0x3c,0x66,0xd7,0x00,
    0x3c,0x66,0xd7,0x00,0x3c,0x66,0xd7,0x03,0x3c,0x66,0xd7,0x00,0x3c,0x66,0xd7,0x4a,0x3c,0x66,0xd7,0xff,
    0x3c,0x66,0xd7,0xfc,0x3c,0x66,0xd7,0xff,0x3c,0x66,0xd7,0xff,0x3c,0x66,0xd7,0xff,0x3c,0x66,0xd7,0xff,
    0x3c,0x66,0xd7,0xff,0x3c,0x66,0xd7,0xff,0x3c,0x66,0xd7,0xff,0x3c,0x66,0xd7,0xff,0x3c,0x66,0xd7,0xfb,
    0x3c,0x66,0xd7,0xff,0x3c,0x66,0xd7,0x8c,0x3c,0x66,0xd7,0x00,0x3c,0x66,0xd7,0x04,0x3c,0x66,0xd7,0x00,
    0x3c,0x66,0xd7,0x00,0x3c,0x66,0xd7,0x01,0x3c,0x66,0xd7,0x00,0x3c,0x66,0xd7,0x11,0x3c,0x66,0xd7,0xeb,
    0x3c,0x66,0xd7,0xff,0x3c,0x66,0xd7,0xbd,0x3c,0x66,0xd7,0x00,0x3c,0x66,0xd7,0x02,0x3c,0x66,0xd7,0x00,
    0x3c,0x66,0xd7,0x00,0x3c,0x66,0xd7,0x00,0x3c,0x66,0xd7,0x00,0x3c,0x66,0xd7,0x00,0x3c,0x66,0xd7,0x00,
    0x3c,0x66,0xd7,0x00,0x3c,0x66,0xd7,0x00,0x3c,0x66,0xd7,0x00,0x3c,0x66,0xd7,0x00,0x3c,0x66,0xd7,0x00,
    0x3c,0x66,0xd7,0x00,0x3c,0x66,0xd7,0x00,0x3c,0x66,0xd7,0x00,0x3c,0x66,0xd7,0x00,0x3c,0x66,0xd7,0x00,
    0x3c,0x66,0xd7,0x00,0x3c,0x66,0xd7,0x00,0x3c,0x66,0xd7,0x00,0x3c,0x66,0xd7,0x00,0x3c,0x66,0xd7,0x00,
    0x3c,0x66,0xd7,0x00,0x3c,0x66,0xd7,0x00,0x3c,0x66,0xd7,0x00,0x3c,0x66,0xd7,0x00,0x3c,0x66,0xd7,0x00,
    0x3c,0x66,0xd7,0x00,0x3c,0x66,0xd7,0x00,0x3c,0x66,0xd7,0x00,0x3c,0x66,0xd7,0x00,0x3c,0x66,0xd7,0x00,
    0x3c,0x66,0xd7,0x00,0x3c,0x66,0xd7,0x00,0x3c,0x66,0xd7,0x00,0x3c,0x66,0xd7,0x00,0x3c,0x66,0xd7,0x00,
    0x3c,0x66,0xd7,0x00,0x3c,0x66,0xd7,0x00,0x3c,0x66,0xd7,0x00,0x3c,0x66,0xd7,0x00,0x3c,0x66,0xd7,0x00,
    0x3c,0x66,0xd7,0x00,0x3c,0x66,0xd7,0x00,0x3c,0x66,0xd7,0x00,0x3c,0x66,0xd7,0x00,0x3c,0x66,0xd7,0x00,
    0x3c,0x66,0xd7,0x00,0x3c,0x66,0xd7,0x00,0x3c,0x66,0xd7,0x00,0x3c,0x66,0xd7,0x00,0x3c,0x66,0xd7,0x00,
    0x3c,0x66,0xd7,0x00,0x3c,0x66,0xd7,0x00,0x3c,0x66,0xd7,0x00,0x3c,0x66,0xd7,0x00,0x3c,0x66,0xd7,0x00,
    0x3c,0x66,0xd7,0x00,0x3c,0x66,0xd7,0x00,0x3c,0x66,0xd7,0x00,0x3c,0x66,0xd7,0x00,0x3c,0x66,0xd7,0x00,
    0x3c,0x66,0xd7,0x00,0x3c,0x66,0xd7,0x00,0x3c,0x66,0xd7,0x00,0x3c,0x66,0xd7,0x00,0x3c,0x66,0xd7,0x00,
    0x3c,0x66,0xd7,0x00,0x3c,0x66,0xd7,0x00,0x3c,0x66,0xd7,0x00,0x3c,0x66,0xd7,0x00,0x3c,0x66,0xd7,0x00,
    0x3c,0x66,0xd7,0x00,0x3c,0x66,0xd7,0x00,0x3c,0x66,0xd7,0x00,0x3c,0x66,0xd7,0x00,0x3c,0x66,0xd7,0x00,
    0x3c,0x66,0xd7,0x00,0x3c,0x66,0xd7,0x00,0x3c,0x66,0xd7,0x00,0x3c,0x66,0xd7,0x00,0x3c,0x66,0xd7,0x00,
    0x3c,0x66,0xd7,0x00,0x3c,0x66,0xd7,0x00,0x3c,0x66,0xd7,0x00,0x3c,0x66,0xd7,0x00,0x3c,0x66,0xd7,0x00,
    0x3c,0x66,0xd7,0x00,0x3c,0x66,0xd7,0x00,0x3c,0x66,0xd7,0x00,0x3c,0x66,0xd7,0x00,0x3c,0x66,0xd7,0x00,
    0x3c,0x66,0xd7,0x00,0x3c,0x66,0xd7,0x00,0x3c,0x66,0xd7,0x00,0x3c,0x66,0xd7,0x00,0x3c,0x66,0xd7,0x00,
    0x3c,0x66,0xd7,0x00,0x3c,0x66,0xd7,0x00,0x3c,0x66,0xd7,0x00,0x3c,0x66,0xd7,0x00,0x3c,0x66,0xd7,0x00,
    0x3c,0x66,0xd7,0x00,0x3c,0x66,0xd7,0x00,0x3c,0x66,0xd7,0x00,0x3c,0x66,0xd7,0x00,0x3c,0x66,0xd7,0x00,
    0x3c,0x66,0xd7,0x00,0x3c,0x66,0xd7,0x00,0x3c,0x66,0xd7,0x00,0x3c,0x66,0xd7,0x00,0x3c,0x66,0xd7,0x00,
    0x3c,0x66,0xd7,0x00,0x3c,0x66,0xd7,0x00,0x3c,0x66,0xd7,0x00,0x3c,0x66,0xd7,0x00,0x3c,0x66,0xd7,0x00,
    0x3c,0x66,0xd7,0x00,0x3c,0x66,0xd7,0x00,0x3c,0x66,0xd7,0x00,0x3c,0x66,0xd7,0x00,0x3c,0x66,0xd7,0x00,
    0x3c,0x66,0xd7,0x00,0x3c,0x66,0xd7,0x00,0x3c,0x66,0xd7,0x00,0x3c,0x66,0xd7,0x00,0x3c,0x66,0xd7,0x00,
    0x3c,0x66,0xd7,0x00,0x3c,0x66,0xd7,0x00,0x3c,0x66,0xd7,0x00,0x3c,0x66,0xd7,0x00,0x3c,0x66,0xd7,0x00,
    0x3c,0x66,0xd7,0x00,0x3c,0x66,0xd7,0x00,0x3c,0x66,0xd7,0x00,0x3c,0x66,0xd7,0x00,0x3c,0x66,0xd7,0x00,
    0x3c,0x66,0xd7,0x00,0x3c,0x66,0xd7,0x00,0x3c,0x66,0xd7,0x00,0x3c,0x66,0xd7,0x00,0x3c,0x66,0xd7,0x00,
    0x3c,0x66,0xd7,0x00,0x3c,0x66,0xd7,0x00,0x3c,0x66,0xd7,0x00,0x3c,0x66,0xd7,0x00,0x3c,0x66,0xd7,0x00,
    0x3c,0x66,0xd7,0x00,0x3c,0x66,0xd7,0x00,0x3c,0x66,0xd7,0x00,0x3c,0x66,0xd7,0x00,0x3c,0x66,0xd7,0x00,
    0x3c,0x66,0xd7,0x00,0x3c,0x66,0xd7,0x00,0x3c,0x66,0xd7,0x00,0x3c,0x66,0xd7,0x00,0x3c,0x66,0xd7,0x00,
    0x3c,0x66,0xd7,0x00,0x3c,0x66,0xd7,0x00,0x3c,0x66,0xd7,0x00,0x3c,0x66,0xd7,0x00,0x3c,0x66,0xd7,0x00,
    0x3c,0x66,0xd7,0x00,0x3c,0x66,0xd7,0x00,0x3c,0x66,0xd7,0x00,0x3c,0x66,0xd7,0x00,0x3c,0x66,0xd7,0x00,
    0x3c,0x66,0xd7,0x00,0x3c,0x66,0xd7,0x00,0x3c,0x66,0xd7,0x00,0x3c,0x66,0xd7,0x00,0x3c,0x66,0xd7,0x00,
    0x3c,0x66,0xd7,0x00,0x3c,0x66,0xd7,0x00,0x3c,0x66,0xd7,0x00,0x3c,0x66,0xd7,0x00,0x3c,0x66,0xd7,0x00,
    0x3c,0x66,0xd7,0x00,0x3c,0x66,0xd7,0x00,0x3c,0x66,0xd7,0x00,0x3c,0x66,0xd7,0x00,0x3c,0x66,0xd7,0x00,
    0x3c,0x66,0xd7,0x00,0x3c,0x66,0xd7,0x00,0x3c,0x66,0xd7,0x00,0x3c,0x66,0xd7,0x00,0x3c,0x66,0xd7,0x00,
    0x3c,0x66,0xd7,0x00,0x3c,0x66,0xd7,0x00,0x3c,0x66,0xd7,0x00,0x3c,0x66,0xd7,0x00,0x3c,0x66,0xd7,0x00,
    0x3c,0x66,0xd7,0x00,0x3c,0x66,0xd7,0x00,0x3c,0x66,0xd7,0x00,0x3c,0x66,0xd7,0x00,0x3c,0x66,0xd7,0x00,
    0x3c,0x66,0xd7,0x00,0x3c,0x66,0xd7,0x00,0x3c,0x66,0xd7,0x00,0x3c,0x66,0xd7,0x00,0x3c,0x66,0xd7,0x00,
    0x3c,0x66,0xd7,0x00,0x3c,0x66,0xd7,0x00,0x3c,0x66,0xd7,0x00,0x3c,0x66,0xd7,0x00,0x3c,0x66,0xd7,0x00,
    0x3c,0x66,0xd7,0x00,0x3c,0x66,0xd7,0x00,0x3c,0x66,0xd7,0x00,0x3c,0x66,0xd7,0x00,0x3c,0x66,0xd7,0x00,
    0x3c,0x66,0xd7,0x00,0x3c,0x66,0xd7,0x00,0x3c,0x66,0xd7,0x00,0x3c,0x66,0xd7,0x00,0x3c,0x66,0xd7,0x00,
    0x3c,0x66,0xd7,0x00,0x3c,0x66,0xd7,0x00,0x3c,0x66,0xd7,0x00,0x3c,0x66,0xd7,0x00,0x3c,0x66,0xd7,0x00,
    0x3c,0x66,0xd7,0x00,0x3c,0x66,0xd7,0x00,0x3c,0x66,0xd7,0x00,0x3c,0x66,0xd7,0x00,0x3c,0x66,0xd7,0x00,
    0x3c,0x66,0xd7,0x00,0x3c,0x66,0xd7,0x00,0x3c,0x66,0xd7,0x00,0x3c,0x66,0xd7,0x00,0x3c,0x66,0xd7,0x00,
    0x3c,0x66,0xd7,0x00,0x3c,0x66,0xd7,0x00,0x3c,0x66,0xd7,0x00,0x3c,0x66,0xd7,0x00,0x3c,0x66,0xd7,0x00,
    0x3c,0x66,0xd7,0x00,0x3c,0x66,0xd7,0x00,0x3c,0x66,0xd7,0x00,0x3c,0x66,0xd7,0x00,0x3c,0x66,0xd7,0x00,
    0x3c,0x66,0xd7,0x00,0x3c,0x66,0xd7,0x00,0x3c,0x66,0xd7,0x00,0x3c,0x66,0xd7,0x00,0x3c,0x66,0xd7,0x00,
    0x3c,0x66,0xd7,0x00,0x3c,0x66,0xd7,0x00,0x3c,0x66,0xd7,0x00,0x3c,0x66,0xd7,0x00,0x3c,0x66,0xd7,0x00,
    0x3c,0x66,0xd7,0x00,0x3c,0x66,0xd7,0x00,0x3c,0x66,0xd7,0x00,0x3c,0x66,0xd7,0x00,0x3c,0x66,0xd7,0x00,
    0x3c,0x66,0xd7,0x00,0x3c,0x66,0xd7,0x00,0x3c,0x66,0xd7,0x00,0x3c,0x66,0xd7,0x00,0x3c,0x66,0xd7,0x00,
    0x3c,0x66,0xd7,0x00,0x3c,0x66,0xd7,0x00,0x3c,0x66,0xd7,0x00,0x3c,0x66,0xd7,0x00,0x3c,0x66,0xd7,0x00,
    0x3c,0x66,0xd7,0x00,0x3c,0x66,0xd7,0x00,0x3c,0x66,0xd7,0x00,0x3c,0x66,0xd7,0x00,0x3c,0x66,0xd7,0x00,
    0x3c,0x66,0xd7,0x00,0x3c,0x66,0xd7,0x02,0x3c,0x66,0xd7,0x00,0x3c,0x66,0xd7,0xbc,0x3c,0x66,0xd7,0xff,
    0x3c,0x66,0xd7,0xfc,0x3c,0x66,0xd7,0xff,0x3c,0x66,0xd7,0xff,0x3c,0x66,0xd7,0xff,0x3c,0x66,0xd7,0xff,
    0x3c,0x66,0xd7,0xff,0x3c,0x66,0xd7,0xff,0x3c,0x66,0xd7,0xff,0x3c,0x66,0xd7,0xff,0x3c,0x66,0xd7,0xfe,
    0x3c,0x66,0xd7,0xfe,0x3c,0x66,0xd7,0xe9,0x3c,0x66,0xd7,0x14,0x3c,0x66,0xd7,0x01,0x3c,0x66,0xd7,0x01,
    0x3c,0x66,0xd7,0x00,0x3c,0x66,0xd7,0x01,0x3c,0x66,0xd7,0x00,0x3c,0x66,0xd7,0x11,0x3c,0x66,0xd7,0xeb,
    0x3c,0x66,0xd7,0xff,0x3c,0x66,0xd7,0xbd,0x3c,0x66,0xd7,0x00,0x3c,0x66,0xd7,0x02,0x3c,0x66,0xd7,0x00,
    0x3c,0x66,0xd7,0x00,0x3c,0x66,0xd7,0x00,0x3c,0x66,0xd7,0x00,0x3c,0x66,0xd7,0x00,0x3c,0x66,0xd7,0x00,
    0x3c,0x66,0xd7,0x00,0x3c,0x66,0xd7,0x00,0x3c,0x66,0xd7,0x00,0x3c,0x66,0xd7,0x00,0x3c,0x66,0xd7,0x00,
    0x3c,0x66,0xd7,0x00,0x3c,0x66,0xd7,0x00,0x3c,0x66,0xd7,0x00,0x3c,0x66,0xd7,0x00,0x3c,0x66,0xd7,0x00,
    0x3c,0x66,0xd7,0x00,0x3c,0x66,0xd7,0x00,0x3c,0x66,0xd7,0x00,0x3c,0x66,0xd7,0x00,0x3c,0x66,0xd7,0x00,
    0x3c,0x66,0xd7,0x00,0x3c,0x66,0xd7,0x00,0x3c,0x66,0xd7,0x00,0x3c,0x66,0xd7,0x00,0x3c,0x66,0xd7,0x00,
    0x3c,0x66,0xd7,0x00,0x3c,0x66,0xd7,0x00,0x3c,0x66,0xd7,0x00,0x3c,0x66,0xd7,0x00,0x3c,0x66,0xd7,0x00,
    0x3c,0x66,0xd7,0x00,0x3c,0x66,0xd7,0x00,0x3c,0x66,0xd7,0x00,0x3c,0x66,0xd7,0x00,0x3c,0x66,0xd7,0x00,
    0x3c,0x66,0xd7,0x00,0x3c,0x66,0xd7,0x00,0x3c,0x66,0xd7,0x00,0x3c,0x66,0xd7,0x00,0x3c,0x66,0xd7,0x00,
    0x3c,0x66,0xd7,0x00,0x3c,0x66,0xd7,0x00,0x3c,0x66,0xd7,0x00,0x3c,0x66,0xd7,0x00,0x3c,0x66,0xd7,0x00,
    0x3c,0x66,0xd7,0x00,0x3c,0x66,0xd7,0x00,0x3c,0x66,0xd7,0x00,0x3c,0x66,0xd7,0x00,0x3c,0x66,0xd7,0x00,
    0x3c,0x66,0xd7,0x00,0x3c,0x66,0xd7,0x00,0x3c,0x66,0xd7,0x00,0x3c,0x66,0xd7,0x00,0x3c,0x66,0xd7,0x00,
    0x3c,0x66,0xd7,0x00,0x3c,0x66,0xd7,0x00,0x3c,0x66,0xd7,0x00,0x3c,0x66,0xd7,0x00,0x3c,0x66,0xd7,0x00,
    0x3c,0x66,0xd7,0x00,0x3c,0x66,0xd7,0x00,0x3c,0x66,0xd7,0x00,0x3c,0x66,0xd7,0x00,0x3c,0x66,0xd7,0x00,
    0x3c,0x66,0xd7,0x00,0x3c,0x66,0xd7,0x00,0x3c,0x66,0xd7,0x00,0x3c,0x66,0xd7,0x00,0x3c,0x66,0xd7,0x00,
    0x3c,0x66,0xd7,0x00,0x3c,0x66,0xd7,0x00,0x3c,0x66,0xd7,0x00,0x3c,0x66,0xd7,0x00,0x3c,0x66,0xd7,0x00,
    0x3c,0x66,0xd7,0x00,0x3c,0x66,0xd7,0x00,0x3c,0x66,0xd7,0x00,0x3c,0x66,0xd7,0x00,0x3c,0x66,0xd7,0x00,
    0x3c,0x66,0xd7,0x00,0x3c,0x66,0xd7,0x00,0x3c,0x66,0xd7,0x01,0x3c,0x66,0xd7,0x00,0x3c,0x66,0xd7,0x0e,
    0x3c,0x66,0xd7,0x19,0x3c,0x66,0xd7,0x00,0x3c,0x66,0xd7,0x01,0x3c,0x66,0xd7,0x00,0x3c,0x66,0xd7,0x00,
    0x3c,0x66,0xd7,0x00,0x3c,0x66,0xd7,0x00,0x3c,0x66,0xd7,0x00,0x3c,0x66,0xd7,0x00,0x3c,0x66,0xd7,0x00,
    0x3c,0x66,0xd7,0x00,0x3c,0x66,0xd7,0x00,0x3c,0x66,0xd7,0x00,0x3c,0x66,0xd7,0x00,0x3c,0x66,0xd7,0x00,
    0x3c,0x66,0xd7,0x00,0x3c,0x66,0xd7,0x00,0x3c,0x66,0xd7,0x00,0x3c,0x66,0xd7,0x00,0x3c,0x66,0xd7,0x00,
    0x3c,0x66,0xd7,0x00,0x3c,0x66,0xd7,0x00,0x3c,0x66,0xd7,0x00,0x3c,0x66,0xd7,0x00,0x3c,0x66,0xd7,0x00,
    0x3c,0x66,0xd7,0x00,0x3c,0x66,0xd7,0x00,0x3c,0x66,0xd7,0x00,0x3c,0x66,0xd7,0x00,0x3c,0x66,0xd7,0x00,
    0x3c,0x66,0xd7,0x00,0x3c,0x66,0xd7,0x00,0x3c,0x66,0xd7,0x00,0x3c,0x66,0xd7,0x00,0x3c,0x66,0xd7,0x00,
    0x3c,0x66,0xd7,0x00,0x3c,0x66,0xd7,0x00,0x3c,0x66,0xd7,0x00,0x3c,0x66,0xd7,0x00,0x3c,0x66,0xd7,0x00,
    0x3c,0x66,0xd7,0x00,0x3c,0x66,0xd7,0x00,0x3c,0x66,0xd7,0x00,0x3c,0x66,0xd7,0x00,0x3c,0x66,0xd7,0x00,
    0x3c,0x66,0xd7,0x00,0x3c,0x66,0xd7,0x00,0x3c,0x66,0xd7,0x00,0x3c,0x66,0xd7,0x00,0x3c,0x66,0xd7,0x00,
    0x3c,0x66,0xd7,0x00,0x3c,0x66,0xd7,0x00,0x3c,0x66,0xd7,0x00,0x3c,0x66,0xd7,0x00,0x3c,0x66,0xd7,0x00,
    0x3c,0x66,0xd7,0x00,0x3c,0x66,0xd7,0x00,0x3c,0x66,0xd7,0x00,0x3c,0x66,0xd7,0x00,0x3c,0x66,0xd7,0x00,
    0x3c,0x66,0xd7,0x00,0x3c,0x66,0xd7,0x00,0x3c,0x66,0xd7,0x00,0x3c,0x66,0xd7,0x00,0x3c,0x66,0xd7,0x00,
    0x3c,0x66,0xd7,0x00,0x3c,0x66,0xd7,0x00,0x3c,0x66,0xd7,0x00,0x3c,0x66,0xd7,0x00,0x3c,0x66,0xd7,0x00,
    0x3c,0x66,0xd7,0x00,0x3c,0x66,0xd7,0x00,0x3c,0x66,0xd7,0x00,0x3c,0x66,0xd7,0x00,0x3c,0x66,0xd7,0x00,
    0x3c,0x66,0xd7,0x00,0x3c,0x66,0xd7,0x00,0x3c,0x66,0xd7,0x00,0x3c,0x66,0xd7,0x00,0x3c,0x66,0xd7,0x00,
    0x3c,0x66,0xd7,0x00,0x3c,0x66,0xd7,0x00,0x3c,0x66,0xd7,0x00,0x3c,0x66,0xd7,0x00,0x3c,0x66,0xd7,0x00,
    0x3c,0x66,0xd7,0x00,0x3c,0x66,0xd7,0x00,0x3c,0x66,0xd7,0x00,0x3c,0x66,0xd7,0x00,0x3c,0x66,0xd7,0x00,
    0x3c,0x66,0xd7,0x00,0x3c,0x66,0xd7,0x00,0x3c,0x66,0xd7,0x00,0x3c,0x66,0xd7,0x00,0x3c,0x66,0xd7,0x00,
    0x3c,0x66,0xd7,0x00,0x3c,0x66,0xd7,0x00,0x3c,0x66,0xd7,0x00,0x3c,0x66,0xd7,0x00,0x3c,0x66,0xd7,0x00,
    0x3c,0x66,0xd7,0x00,0x3c,0x66,0xd7,0x00,0x3c,0x66,0xd7,0x00,0x3c,0x66,0xd7,0x00,0x3c,0x66,0xd7,0x00,
    0x3c,0x66,0xd7,0x00,0x3c,0x66,0xd7,0x00,0x3c,0x66,0xd7,0x00,0x3c,0x66,0xd7,0x00,0x3c,0x66,0xd7,0x00,
    0x3c,0x66,0xd7,0x00,0x3c,0x66,0xd7,0x00,0x3c,0x66,0xd7,0x00,0x3c,0x66,0xd7,0x00,0x3c,0x66,0xd7,0x00,
    0x3c,0x66,0xd7,0x00,0x3c,0x66,0xd7,0x00,0x3c,0x66,0xd7,0x00,0x3c,0x66,0xd7,0x00,0x3c,0x66,0xd7,0x00,
    0x3c,0x66,0xd7,0x00,0x3c,0x66,0xd7,0x00,0x3c,0x66,0xd7,0x00,0x3c,0x66,0xd7,0x00,0x3c,0x66,0xd7,0x00,
    0x3c,0x66,0xd7,0x00,0x3c,0x66,0xd7,0x00,0x3c,0x66,0xd7,0x00,0x3c,0x66,0xd7,0x00,0x3c,0x66,0xd7,0x00,
    0x3c,0x66,0xd7,0x00,0x3c,0x66,0xd7,0x00,0x3c,0x66,0xd7,0x00,0x3c,0x66,0xd7,0x00,0x3c,0x66,0xd7,0x00,
    0x3c,0x66,0xd7,0x00,0x3c,0x66,0xd7,0x00,0x3c,0x66,0xd7,0x00,0x3c,0x66,0xd7,0x00,0x3c,0x66,0xd7,0x00,
    0x3c,0x66,0xd7,0x00,0x3c,0x66,0xd7,0x00,0x3c,0x66,0xd7,0x00,0x3c,0x66,0xd7,0x00,0x3c,0x66,0xd7,0x00,
    0x3c,0x66,0xd7,0x00,0x3c,0x66,0xd7,0x00,0x3c,0x66,0xd7,0x00,0x3c,0x66,0xd7,0x00,0x3c,0x66,0xd7,0x00,
    0x3c,0x66,0xd7,0x00,0x3c,0x66,0xd7,0x00,0x3c,0x66,0xd7,0x00,0x3c,0x66,0xd7,0x00,0x3c,0x66,0xd7,0x00,
    0x3c,0x66,0xd7,0x00,0x3c,0x66,0xd7,0x00,0x3c,0x66,0xd7,0x00,0x3c,0x66,0xd7,0x00,0x3c,0x66,0xd7,0x00,
    0x3c,0x66,0xd7,0x00,0x3c,0x66,0xd7,0x00,0x3c,0x66,0xd7,0x00,0x3c,0x66,0xd7,0x00,0x3c,0x66,0xd7,0x00,
    0x3c,0x66,0xd7,0x00,0x3c,0x66,0xd7,0x00,0x3c,0x66,0xd7,0x00,0x3c,0x66,0xd7,0x00,0x3c,0x66,0xd7,0x00,
    0x3c,0x66,0xd7,0x00,0x3c,0x66,0xd7,0x00,0x3c,0x66,0xd7,0x00,0x3c,0x66,0xd7,0x00,0x3c,0x66,0xd7,0x00,
    0x3c,0x66,0xd7,0x00,0x3c,0x66,0xd7,0x00,0x3c,0x66,0xd7,0x00,0x3c,0x66,0xd7,0x00,0x3c,0x66,0xd7,0x00,
    0x3c,0x66,0xd7,0x00,0x3c,0x66,0xd7,0x00,0x3c,0x66,0xd7,0x00,0x3c,0x66,0xd7,0x00,0x3c,0x66,0xd7,0x00,
    0x3c,0x66,0xd7,0x02,0x3c,0x66,0xd7,0x00,0x3c,0x66,0xd7,0x2b,0x3c,0x66,0xd7,0xfb,0x3c,0x66,0xd7,0xfe,
    0x3c,0x66,0xd7,0xff,0x3c,0x66,0xd7,0xff,0x3c,0x66,0xd7,0xff,0x3c,0x66,0xd7,0xff,0x3c,0x66,0xd7,0xff,
    0x3c,0x66,0xd7,0xff,0x3c,0x66,0xd7,0xff,0x3c,0x66,0xd7,0xff,0x3c,0x66,0xd7,0xff,0x3c,0x66,0xd7,0xff,
    0x3c,0x66,0xd7,0xfc,0x3c,0x66,0xd7,0xff,0x3c,0x66,0xd7,0x65,0x3c,0x66,0xd7,0x00,0x3c,0x66,0xd7,0x04,
    0x3c,0x66,0xd7,0x00,0x3c,0x66,0xd7,0x01,0x3c,0x66,0xd7,0x00,0x3c,0x66,0xd7,0x11,0x3c,0x66,0xd7,0xeb,
    0x3c,0x66,0xd7,0xff,0x3c,0x66,0xd7,0xbd,0x3c,0x66,0xd7,0x00,0x3c,0x66,0xd7,0x02,0x3c,0x66,0xd7,0x00,
    0x3c,0x66,0xd7,0x00,0x3c,0x66,0xd7,0x00,0x3c,0x66,0xd7,0x00,0x3c,0x66,0xd7,0x00,0x3c,0x66,0xd7,0x00,
    0x3c,0x66,0xd7,0x00,0x3c,0x66,0xd7,0x00,0x3c,0x66,0xd7,0x00,0x3c,0x66,0xd7,0x00,0x3c,0x66,0xd7,0x00,
    0x3c,0x66,0xd7,0x00,0x3c,0x66,0xd7,0x00,0x3c,0x66,0xd7,0x00,0x3c,0x66,0xd7,0x00,0x3c,0x66,0xd7,0x00,
    0x3c,0x66,0xd7,0x00,0x3c,0x66,0xd7,0x00,0x3c,0x66,0xd7,0x00,0x3c,0x66,0xd7,0x00,0x3c,0x66,0xd7,0x00,
    0x3c,0x66,0xd7,0x00,0x3c,0x66,0xd7,0x00,0x3c,0x66,0xd7,0x00,0x3c,0x66,0xd7,0x00,0x3c,0x66,0xd7,0x00,
    0x3c,0x66,0xd7,0x00,0x3c,0x66,0xd7,0x00,0x3c,0x66,0xd7,0x00,0x3c,0x66,0xd7,0x00,0x3c,0x66,0xd7,0x00,
    0x3c,0x66,0xd7,0x00,0x3c,0x66,0xd7,0x00,0x3c,0x66,0xd7,0x00,0x3c,0x66,0xd7,0x00,0x3c,0x66,0xd7,0x00,
    0x3c,0x66,0xd7,0x00,0x3c,0x66,0xd7,0x00,0x3c,0x66,0xd7,0x00,0x3c,0x66,0xd7,0x00,0x3c,0x66,0xd7,0x00,
    0x3c,0x66,0xd7,0x00,0x3c,0x66,0xd7,0x00,0x3c,0x66,0xd7,0x00,0x3c,0x66,0xd7,0x00,0x3c,0x66,0xd7,0x00,
    0x3c,0x66,0xd7,0x00,0x3c,0x66,0xd7,0x00,0x3c,0x66,0xd7,0x00,0x3c,0x66,0xd7,0x00,0x3c,0x66,0xd7,0x00,
    0x3c,0x66,0xd7,0x00,0x3c,0x66,0xd7,0x00,0x3c,0x66,0xd7,0x00,0x3c,0x66,0xd7,0x00,0x3c,0x66,0xd7,0x00,
    0x3c,0x66,0xd7,0x00,0x3c,0x66,0xd7,0x00,0x3c,0x66,0xd7,0x00,0x3c,0x66,0xd7,0x00,0x3c,0x66,0xd7,0x00,
    0x3c,0x66,0xd7,0x00,0x3c,0x66,0xd7,0x00,0x3c,0x66,0xd7,0x00,0x3c,0x66,0xd7,0x00,0x3c,0x66,0xd7,0x00,
    0x3c,0x66,0xd7,0x00,0x3c,0x66,0xd7,0x00,0x3c,0x66,0xd7,0x00,0x3c,0x66,0xd7,0x00,0x3c,0x66,0xd7,0x00,
    0x3c,0x66,0xd7,0x00,0x3c,0x66,0xd7,0x00,0x3c,0x66,0xd7,0x00,0x3c,0x66,0xd7,0x00,0x3c,0x66,0xd7,0x00,
    0x3c,0x66,0xd7,0x00,0x3c,0x66,0xd7,0x00,0x3c,0x66,0xd7,0x00,0x3c,0x66,0xd7,0x00,0x3c,0x66,0xd7,0x00,
    0x3c,0x66,0xd7,0x00,0x3c,0x66,0xd7,0x00,0x3c,0x66,0xd7,0x04,0x3c,0x66,0xd7,0x01,0x3c,0x66,0xd7,0x6d,
    0x3c,0x66,0xd7,0xaa,0x3c,0x66,0xd7,0x00,0x3c,0x66,0xd7,0x03,0x3c,0x66,0xd7,0x00,0x3c,0x66,0xd7,0x00,
    0x3c,0x66,0xd7,0x00,0x3c,0x66,0xd7,0x00,0x3c,0x66,0xd7,0x00,0x3c,0x66,0xd7,0x00,0x3c,0x66,0xd7,0x00,
    0x3c,0x66,0xd7,0x00,0x3c,0x66,0xd7,0x00,0x3c,0x66,0xd7,0x00,0x3c,0x66,0xd7,0x00,0x3c,0x66,0xd7,0x00,
    0x3c,0x66,0xd7,0x00,0x3c,0x66,0xd7,0x00,0x3c,0x66,0xd7,0x00,0x3c,0x66,0xd7,0x00,0x3c,0x66,0xd7,0x00,
    0x3c,0x66,0xd7,0x00,0x3c,0x66,0xd7,0x00,0x3c,0x66,0xd7,0x00,0x3c,0x66,0xd7,0x00,0x3c,0x66,0xd7,0x00,
    0x3c,0x66,0xd7,0x00,0x3c,0x66,0xd7,0x00,0x3c,0x66,0xd7,0x00,0x3c,0x66,0xd7,0x00,0x3c,0x66,0xd7,0x00,
    0x3c,0x66,0xd7,0x00,0x3c,0x66,0xd7,0x00,0x3c,0x66,0xd7,0x00,0x3c,0x66,0xd7,0x00,0x3c,0x66,0xd7,0x00,
    0x3c,0x66,0xd7,0x00,0x3c,0x66,0xd7,0x00,0x3c,0x66,0xd7,0x00,0x3c,0x66,0xd7,0x00,0x3c,0x66,0xd7,0x00,
    0x3c,0x66,0xd7,0x00,0x3c,0x66,0xd7,0x00,0x3c,0x66,0xd7,0x00,0x3c,0x66,0xd7,0x00,0x3c,0x66,0xd7,0x00,
    0x3c,0x66,0xd7,0x00,0x3c,0x66,0xd7,0x00,0x3c,0x66,0xd7,0x00,0x3c,0x66,0xd7,0x00,0x3c,0x66,0xd7,0x00,
    0x3c,0x66,0xd7,0x00,0x3c,0x66,0xd7,0x00,0x3c,0x66,0xd7,0x00,0x3c,0x66,0xd7,0x00,0x3c,0x66,0xd7,0x00,
    0x3c,0x66,0xd7,0x00,0x3c,0x66,0xd7,0x00,0x3c,0x66,0xd7,0x00,0x3c,0x66,0xd7,0x00,0x3c,0x66,0xd7,0x00,
    0x3c,0x66,0xd7,0x00,0x3c,0x66,0xd7,0x00,0x3c,0x66,0xd7,0x00,0x3c,0x66,0xd7,0x00,0x3c,0x66,0xd7,0x00,
    0x3c,0x66,0xd7,0x00,0x3c,0x66,0xd7,0x00,0x3c,0x66,0xd7,0x00,0x3c,0x66,0xd7,0x00,0x3c,0x66,0xd7,0x00,
    0x3c,0x66,0xd7,0x00,0x3c,0x66,0xd7,0x00,0x3c,0x66,0xd7,0x00,0x3c,0x66,0xd7,0x00,0x3c,0x66,0xd7,0x00,
    0x3c,0x66,0xd7,0x00,0x3c,0x66,0xd7,0x00,0x3c,0x66,0xd7,0x00,0x3c,0x66,0xd7,0x00,0x3c,0x66,0xd7,0x00,
    0x3c,0x66,0xd7,0x00,0x3c,0x66,0xd7,0x00,0x3c,0x66,0xd7,0x00,0x3c,0x66,0xd7,0x00,0x3c,0x66,0xd7,0x00,
    0x3c,0x66,0xd7,0x00,0x3c,0x66,0xd7,0x00,0x3c,0x66,0xd7,0x00,0x3c,0x66,0xd7,0x00,0x3c,0x66,0xd7,0x00,
    0x3c,0x66,0xd7,0x00,0x3c,0x66,0xd7,0x00,0x3c,0x66,0xd7,0x00,0x3c,0x66,0xd7,0x00,0x3c,0x66,0xd7,0x00,
    0x3c,0x66,0xd7,0x00,0x3c,0x66,0xd7,0x00,0x3c,0x66,0xd7,0x00,0x3c,0x66,0xd7,0x00,0x3c,0x66,0xd7,0x00,
    0x3c,0x66,0xd7,0x00,0x3c,0x66,0xd7,0x00,0x3c,0x66,0xd7,0x00,0x3c,0x66,0xd7,0x00,0x3c,0x66,0xd7,0x00,
    0x3c,0x66,0xd7,0x00,0x3c,0x66,0xd7,0x00,0x3c,0x66,0xd7,0x00,0x3c,0x66,0xd7,0x00,0x3c,0x66,0xd7,0x00,
    0x3c,0x66,0xd7,0x00,0x3c,0x66,0xd7,0x00,0x3c,0x66,0xd7,0x00,0x3c,0x66,0xd7,0x00,0x3c,0x66,0xd7,0x00,
    0x3c,0x66,0xd7,0x00,0x3c,0x66,0xd7,0x00,0x3c,0x66,0xd7,0x00,0x3c,0x66,0xd7,0x00,0x3c,0x66,0xd7,0x00,
    0x3c,0x66,0xd7,0x00,0x3c,0x66,0xd7,0x00,0x3c,0x66,0xd7,0x00,0x3c,0x66,0xd7,0x00,0x3c,0x66,0xd7,0x00,
    0x3c,0x66,0xd7,0x00,0x3c,0x66,0xd7,0x00,0x3c,0x66,0xd7,0x00,0x3c,0x66,0xd7,0x00,0x3c,0x66,0xd7,0x00,
    0x3c,0x66,0xd7,0x00,0x3c,0x66,0xd7,0x00,0x3c,0x66,0xd7,0x00,0x3c,0x66,0xd7,0x00,0x3c,0x66,0xd7,0x00,
    0x3c,0x66,0xd7,0x00,0x3c,0x66,0xd7,0x00,0x3c,0x66,0xd7,0x00,0x3c,0x66,0xd7,0x00,0x3c,0x66,0xd7,0x00,
    0x3c,0x66,0xd7,0x00,0x3c,0x66,0xd7,0x00,0x3c,0x66,0xd7,0x00,0x3c,0x66,0xd7,0x00,0x3c,0x66,0xd7,0x00,
    0x3c,0x66,0xd7,0x00,0x3c,0x66,0xd7,0x00,0x3c,0x66,0xd7,0x00,0x3c,0x66,0xd7,0x00,0x3c,0x66,0xd7,0x00,
    0x3c,0x66,0xd7,0x00,0x3c,0x66,0xd7,0x00,0x3c,0x66,0xd7,0x00,0x3c,0x66,0xd7,0x00,0x3c,0x66,0xd7,0x00,
    0x3c,0x66,0xd7,0x00,0x3c,0x66,0xd7,0x00,0x3c,0x66,0xd7,0x00,0x3c,0x66,0xd7,0x00,0x3c,0x66,0xd7,0x00,
    0x3c,0x66,0xd7,0x00,0x3c,0x66,0xd7,0x00,0x3c,0x66,0xd7,0x00,0x3c,0x66,0xd7,0x00,0x3c,0x66,0xd7,0x00,
    0x3c,0x66,0xd7,0x00,0x3c,0x66,0xd7,0x00,0x3c,0x66,0xd7,0x00,0x3c,0x66,0xd7,0x00,0x3c,0x66,0xd7,0x00,
    0x3c,0x66,0xd7,0x00,0x3c,0x66,0xd7,0x00,0x3c,0x66,0xd7,0x00,0x3c,0x66,0xd7,0x00,0x3c,0x66,0xd7,0x00,
    0x3c,0x66,0xd7,0x00,0x3c,0x66,0xd7,0x00,0x3c,0x66,0xd7,0x00,0x3c,0x66,0xd7,0x00,0x3c,0x66,0xd7,0x00,
    0x3c,0x66,0xd7,0x00,0x3c,0x66,0xd7,0x00,0x3c,0x66,0xd7,0x00,0x3c,0x66,0xd7,0x00,0x3c,0x66,0xd7,0x00,
    0x3c,0x66,0xd7,0x04,0x3c,0x66,0xd7,0x00,0x3c,0x66,0xd7,0x8d,0x3c,0x66,0xd7,0xff,0x3c,0x66,0xd7,0xfb,
    0x3c,0x66,0xd7,0xff,0x3c,0x66,0xd7,0xff,0x3c,0x66,0xd7,0xff,0x3c,0x66,0xd7,0xff,0x3c,0x66,0xd7,0xff,
    0x3c,0x66,0xd7,0xff,0x3c,0x66,0xd7,0xff,0x3c,0x66,0xd7,0xff,0x3c,0x66,0xd7,0xff,0x3c,0x66,0xd7,0xff,
    0x3c,0x66,0xd7,0xfc,0x3c,0x66,0xd7,0xfe,0x3c,0x66,0xd7,0xca,0x3c,0x66,0xd7,0x02,0x3c,0x66,0xd7,0x02,
    0x3c,0x66,0xd7,0x00,0x3c,0x66,0xd7,0x01,0x3c,0x66,0xd7,0x00,0x3c,0x66,0xd7,0x11,0x3c,0x66,0xd7,0xeb,
    0x3c,0x66,0xd7,0xff,0x3c,0x66,0xd7,0xbd,0x3c,0x66,0xd7,0x00,0x3c,0x66,0xd7,0x02,0x3c,0x66,0xd7,0x00,
    0x3c,0x66,0xd7,0x00,0x3c,0x66,0xd7,0x00,0x3c,0x66,0xd7,0x00,0x3c,0x66,0xd7,0x00,0x3c,0x66,0xd7,0x00,
    0x3c,0x66,0xd7,0x00,0x3c,0x66,0xd7,0x00,0x3c,0x66,0xd7,0x00,0x3c,0x66,0xd7,0x00,0x3c,0x66,0xd7,0x00,
    0x3c,0x66,0xd7,0x00,0x3c,0x66,0xd7,0x00,0x3c,0x66,0xd7,0x00,0x3c,0x66,0xd7,0x00,0x3c,0x66,0xd7,0x00,
    0x3c,0x66,0xd7,0x00,0x3c,0x66,0xd7,0x00,0x3c,0x66,0xd7,0x00,0x3c,0x66,0xd7,0x00,0x3c,0x66,0xd7,0x00,
    0x3c,0x66,0xd7,0x00,0x3c,0x66,0xd7,0x00,0x3c,0x66,0xd7,0x00,0x3c,0x66,0xd7,0x00,0x3c,0x66,0xd7,0x00,
    0x3c,0x66,0xd7,0x00,0x3c,0x66,0xd7,0x00,0x3c,0x66,0xd7,0x00,0x3c,0x66,0xd7,0x00,0x3c,0x66,0xd7,0x00,
    0x3c,0x66,0xd7,0x00,0x3c,0x66,0xd7,0x00,0x3c,0x66,0xd7,0x00,0x3c,0x66,0xd7,0x00,0x3c,0x66,0xd7,0x00,
    0x3c,0x66,0xd7,0x00,0x3c,0x66,0xd7,0x00,0x3c,0x66,0xd7,0x00,0x3c,0x66,0xd7,0x00,0x3c,0x66,0xd7,0x00,
    0x3c,0x66,0xd7,0x00,0x3c,0x66,0xd7,0x00,0x3c,0x66,0xd7,0x00,0x3c,0x66,0xd7,0x00,0x3c,0x66,0xd7,0x00,
    0x3c,0x66,0xd7,0x00,0x3c,0x66,0xd7,0x00,0x3c,0x66,0xd7,0x00,0x3c,0x66,0xd7,0x00,0x3c,0x66,0xd7,0x00,
    0x3c,0x66,0xd7,0x00,0x3c,0x66,0xd7,0x00,0x3c,0x66,0xd7,0x00,0x3c,0x66,0xd7,0x00,0x3c,0x66,0xd7,0x00,
    0x3c,0x66,0xd7,0x00,0x3c,0x66,0xd7,0x00,0x3c,0x66,0xd7,0x00,0x3c,0x66,0xd7,0x00,0x3c,0x66,0xd7,0x00,
    0x3c,0x66,0xd7,0x00,0x3c,0x66,0xd7,0x00,0x3c,0x66,0xd7,0x00,0x3c,0x66,0xd7,0x00,0x3c,0x66,0xd7,0x00,
    0x3c,0x66,0xd7,0x00,0x3c,0x66,0xd7,0x00,0x3c,0x66,0xd7,0x00,0x3c,0x66,0xd7,0x00,0x3c,0x66,0xd7,0x00,
    0x3c,0x66,0xd7,0x00,0x3c,0x66,0xd7,0x00,0x3c,0x66,0xd7,0x00,0x3c,0x66,0xd7,0x00,0x3c,0x66,0xd7,0x00,
    0x3c,0x66,0xd7,0x00,0x3c,0x66,0xd7,0x00,0x3c,0x66,0xd7,0x00,0x3c,0x66,0xd7,0x00,0x3c,0x66,0xd7,0x00,
    0x3c,0x66,0xd7,0x00,0x3c,0x66,0xd7,0x00,0x3c,0x66,0xd7,0x02,0x3c,0x66,0xd7,0x00,0x3c,0x66,0xd7,0xba,
    0x3c,0x66,0xd7,0xf7,0x3c,0x66,0xd7,0x09,0x3c,0x66,0xd7,0x00,0x3c,0x66,0xd7,0x01,0x3c,0x66,0xd7,0x00,
    0x3c,0x66,0xd7,0x00,0x3c,0x66,0xd7,0x00,0x3c,0x66,0xd7,0x00,0x3c,0x66,0xd7,0x00,0x3c,0x66,0xd7,0x00,
    0x3c,0x66,0xd7,0x00,0x3c,0x66,0xd7,0x00,0x3c,0x66,0xd7,0x00,0x3c,0x66,0xd7,0x00,0x3c,0x66,0xd7,0x00,
    0x3c,0x66,0xd7,0x00,0x3c,0x66,0xd7,0x00,0x3c,0x66,0xd7,0x00,0x3c,0x66,0xd7,0x00,0x3c,0x66,0xd7,0x00,
    0x3c,0x66,0xd7,0x00,0x3c,0x66,0xd7,0x00,0x3c,0x66,0xd7,0x00,0x3c,0x66,0xd7,0x00,0x3c,0x66,0xd7,0x00,
    0x3c,0x66,0xd7,0x00,0x3c,0x66,0xd7,0x00,0x3c,0x66,0xd7,0x00,0x3c,0x66,0xd7,0x00,0x3c,0x66,0xd7,0x00,
    0x3c,0x66,0xd7,0x00,0x3c,0x66,0xd7,0x00,0x3c,0x66,0xd7,0x00,0x3c,0x66,0xd7,0x00,0x3c,0x66,0xd7,0x00,
    0x3c,0x66,0xd7,0x00,0x3c,0x66,0xd7,0x00,0x3c,0x66,0xd7,0x00,0x3c,0x66,0xd7,0x00,0x3c,0x66,0xd7,0x00,
    0x3c,0x66,0xd7,0x00,0x3c,0x66,0xd7,0x00,0x3c,0x66,0xd7,0x00,0x3c,0x66,0xd7,0x00,0x3c,0x66,0xd7,0x00,
    0x3c,0x66,0xd7,0x00,0x3c,0x66,0xd7,0x00,0x3c,0x66,0xd7,0x00,0x3c,0x66,0xd7,0x00,0x3c,0x66,0xd7,0x00,
    0x3c,0x66,0xd7,0x00,0x3c,0x66,0xd7,0x00,0x3c,0x66,0xd7,0x00,0x3c,0x66,0xd7,0x00,0x3c,0x66,0xd7,0x00,
    0x3c,0x66,0xd7,0x00,0x3c,0x66,0xd7,0x00,0x3c,0x66,0xd7,0x00,0x3c,0x66,0xd7,0x00,0x3c,0x66,0xd7,0x00,
    0x3c,0x66,0xd7,0x00,0x3c,0x66,0xd7,0x00,0x3c,0x66,0xd7,0x00,0x3c,0x66,0xd7,0x00,0x3c,0x66,0xd7,0x00,
    0x3c,0x66,0xd7,0x00,0x3c,0x66,0xd7,0x00,0x3c,0x66,0xd7,0x00,0x3c,0x66,0xd7,0x00,0x3c,0x66,0xd7,0x00,
    0x3c,0x66,0xd7,0x00,0x3c,0x66,0xd7,0x00,0x3c,0x66,0xd7,0x00,0x3c,0x66,0xd7,0x00,0x3c,0x66,0xd7,0x00,
    0x3c,0x66,0xd7,0x00,0x3c,0x66,0xd7,0x00,0x3c,0x66,0xd7,0x00,0x3c,0x66,0xd7,0x00,0x3c,0x66,0xd7,0x00,
    0x3c,0x66,0xd7,0x00,0x3c,0x66,0xd7,0x00,0x3c,0x66,0xd7,0x00,0x3c,0x66,0xd7,0x00,0x3c,0x66,0xd7,0x00,
    0x3c,0x66,0xd7,0x00,0x3c,0x66,0xd7,0x00,0x3c,0x66,0xd7,0x00,0x3c,0x66,0xd7,0x00,0x3c,0x66,0xd7,0x00,
    0x3c,0x66,0xd7,0x00,0x3c,0x66,0xd7,0x00,0x3c,0x66,0xd7,0x00,0x3c,0x66,0xd7,0x00,0x3c,0x66,0xd7,0x00,
    0x3c,0x66,0xd7,0x00,0x3c,0x66,0xd7,0x00,0x3c,0x66,0xd7,0x00,0x3c,0x66,0xd7,0x00,0x3c,0x66,0xd7,0x00,
    0x3c,0x66,0xd7,0x00,0x3c,0x66,0xd7,0x00,0x3c,0x66,0xd7,0x00,0x3c,0x66,0xd7,0x00,0x3c,0x66,0xd7,0x00,
    0x3c,0x66,0xd7,0x00,0x3c,0x66,0xd7,0x00,0x3c,0x66,0xd7,0x00,0x3c,0x66,0xd7,0x00,0x3c,0x66,0xd7,0x00,
    0x3c,0x66,0xd7,0x00,0x3c,0x66,0xd7,0x00,0x3c,0x66,0xd7,0x00,0x3c,0x66,0xd7,0x00,0x3c,0x66,0xd7,0x00,
    0x3c,0x66,0xd7,0x00,0x3c,0x66,0xd7,0x00,0x3c,0x66,0xd7,0x00,0x3c,0x66,0xd7,0x00,0x3c,0x66,0xd7,0x00,
    0x3c,0x66,0xd7,0x00,0x3c,0x66,0xd7,0x00,0x3c,0x66,0xd7,0x00,0x3c,0x66,0xd7,0x00,0x3c,0x66,0xd7,0x00,
    0x3c,0x66,0xd7,0x00,0x3c,0x66,0xd7,0x00,0x3c,0x66,0xd7,0x00,0x3c,0x66,0xd7,0x00,0x3c,0x66,0xd7,0x00,
    0x3c,0x66,0xd7,0x00,0x3c,0x66,0xd7,0x00,0x3c,0x66,0xd7,0x00,0x3c,0x66,0xd7,0x00,0x3c,0x66,0xd7,0x00,
    0x3c,0x66,0xd7,0x00,0x3c,0x66,0xd7,0x00,0x3c,0x66,0xd7,0x00,0x3c,0x66,0xd7,0x00,0x3c,0x66,0xd7,0x00,
    0x3c,0x66,0xd7,0x00,0x3c,0x66,0xd7,0x00,0x3c,0x66,0xd7,0x00,0x3c,0x66,0xd7,0x00,0x3c,0x66,0xd7,0x00,
    0x3c,0x66,0xd7,0x00,0x3c,0x66,0xd7,0x00,0x3c,0x66,0xd7,0x00,0x3c,0x66,0xd7,0x00,0x3c,0x66,0xd7,0x00,
    0x3c,0x66,0xd7,0x00,0x3c,0x66,0xd7,0x00,0x3c,0x66,0xd7,0x00,0x3c,0x66,0xd7,0x00,0x3c,0x66,0xd7,0x00,
    0x3c,0x66,0xd7,0x00,0x3c,0x66,0xd7,0x00,0x3c,0x66,0xd7,0x00,0x3c,0x66,0xd7,0x00,0x3c,0x66,0xd7,0x00,
    0x3c,0x66,0xd7,0x00,0x3c,0x66,0xd7,0x00,0x3c,0x66,0xd7,0x00,0x3c,0x66,0xd7,0x00,0x3c,0x66,0xd7,0x00,
    0x3c,0x66,0xd7,0x00,0x3c,0x66,0xd7,0x00,0x3c,0x66,0xd7,0x00,0x3c,0x66,0xd7,0x00,0x3c,0x66,0xd7,0x00,
    0x3c,0x66,0xd7,0x00,0x3c,0x66,0xd7,0x00,0x3c,0x66,0xd7,0x00,0x3c,0x66,0xd7,0x00,0x3c,0x66,0xd7,0x00,
    0x3c,0x66,0xd7,0x00,0x3c,0x66,0xd7,0x00,0x3c,0x66,0xd7,0x00,0x3c,0x66,0xd7,0x00,0x3c,0x66,0xd7,0x00,
    0x3c,0x66,0xd7,0x00,0x3c,0x66,0xd7,0x00,0x3c,0x66,0xd7,0x00,0x3c,0x66,0xd7,0x00,0x3c,0x66,0xd7,0x01,
    0x3c,0x66,0xd7,0x01,0x3c,0x66,0xd7,0x0c,0x3c,0x66,0xd7,0xe6,0x3c,0x66,0xd7,0xff,0x3c,0x66,0xd7,0xfe,
    0x3c,0x66,0xd7,0xff,0x3c,0x66,0xd7,0xff,0x3c,0x66,0xd7,0xff,0x3c,0x66,0xd7,0xff,0x3c,0x66,0xd7,0xff,
    0x3c,0x66,0xd7,0xff,0x3c,0x66,0xd7,0xff,0x3c,0x66,0xd7,0xff,0x3c,0x66,0xd7,0xff,0x3c,0x66,0xd7,0xff,
    0x3c,0x66,0xd7,0xff,0x3c,0x66,0xd7,0xfd,0x3c,0x66,0xd7,0xfd,0x3c,0x66,0xd7,0x36,0x3c,0x66,0xd7,0x01,
    0x3c,0x66,0xd7,0x03,0x3c,0x66,0xd7,0x01,0x3c,0x66,0xd7,0x00,0x3c,0x66,0xd7,0x11,0x3c,0x66,0xd7,0xeb,
    0x3c,0x66,0xd7,0xff,0x3c,0x66,0xd7,0xbd,0x3c,0x66,0xd7,0x00,0x3c,0x66,0xd7,0x02,0x3c,0x66,0xd7,0x00,
    0x3c,0x66,0xd7,0x00,0x3c,0x66,0xd7,0x00,0x3c,0x66,0xd7,0x00,0x3c,0x66,0xd7,0x00,0x3c,0x66,0xd7,0x00,
    0x3c,0x66,0xd7,0x00,0x3c,0x66,0xd7,0x00,0x3c,0x66,0xd7,0x00,0x3c,0x66,0xd7,0x00,0x3c,0x66,0xd7,0x00,
    0x3c,0x66,0xd7,0x00,0x3c,0x66,0xd7,0x00,0x3c,0x66,0xd7,0x00,0x3c,0x66,0xd7,0x00,0x3c,0x66,0xd7,0x00,
    0x3c,0x66,0xd7,0x00,0x3c,0x66,0xd7,0x00,0x3c,0x66,0xd7,0x00,0x3c,0x66,0xd7,0x00,0x3c,0x66,0xd7,0x00,
    0x3c,0x66,0xd7,0x00,0x3c,0x66,0xd7,0x00,0x3c,0x66,0xd7,0x00,0x3c,0x66,0xd7,0x00,0x3c,0x66,0xd7,0x00,
    0x3c,0x66,0xd7,0x00,0x3c,0x66,0xd7,0x00,0x3c,0x66,0xd7,0x00,0x3c,0x66,0xd7,0x00,0x3c,0x66,0xd7,0x00,
    0x3c,0x66,0xd7,0x00,0x3c,0x66,0xd7,0x00,0x3c,0x66,0xd7,0x00,0x3c,0x66,0xd7,0x00,0x3c,0x66,0xd7,0x00,
    0x3c,0x66,0xd7,0x00,0x3c,0x66,0xd7,0x00,0x3c,0x66,0xd7,0x00,0x3c,0x66,0xd7,0x00,0x3c,0x66,0xd7,0x00,
    0x3c,0x66,0xd7,0x00,0x3c,0x66,0xd7,0x00,0x3c,0x66,0xd7,0x00,0x3c,0x66,0xd7,0x00,0x3c,0x66,0xd7,0x04,
    0x3c,0x66,0xd7,0x04,0x3c,0x66,0xd7,0x03,0x3c,0x66,0xd7,0x00,0x3c,0x66,0xd7,0x00,0x3c,0x66,0xd7,0x00,
    0x3c,0x66,0xd7,0x00,0x3c,0x66,0xd7,0x00,0x3c,0x66,0xd7,0x00,0x3c,0x66,0xd7,0x00,0x3c,0x66,0xd7,0x00,
    0x3c,0x66,0xd7,0x00,0x3c,0x66,0xd7,0x00,0x3c,0x66,0xd7,0x00,0x3c,0x66,0xd7,0x00,0x3c,0x66,0xd7,0x00,
    0x3c,0x66,0xd7,0x00,0x3c,0x66,0xd7,0x00,0x3c,0x66,0xd7,0x00,0x3c,0x66,0xd7,0x00,0x3c,0x66,0xd7,0x00,
    0x3c,0x66,0xd7,0x00,0x3c,0x66,0xd7,0x00,0x3c,0x66,0xd7,0x00,0x3c,0x66,0xd7,0x00,0x3c,0x66,0xd7,0x00,
    0x3c,0x66,0xd7,0x00,0x3c,0x66,0xd7,0x00,0x3c,0x66,0xd7,0x00,0x3c,0x66,0xd7,0x00,0x3c,0x66,0xd7,0x00,
    0x3c,0x66,0xd7,0x00,0x3c,0x66,0xd7,0x00,0x3c,0x66,0xd7,0x00,0x3c,0x66,0xd7,0x00,0x3c,0x66,0xd7,0x00,
    0x3c,0x66,0xd7,0x00,0x3c,0x66,0xd7,0x02,0x3c,0x66,0xd7,0x00,0x3c,0x66,0xd7,0x24,0x3c,0x66,0xd7,0xf4,
    0x3c,0x66,0xd7,0xff,0x3c,0x66,0xd7,0x5a,0x3c,0x66,0xd7,0x00,0x3c,0x66,0xd7,0x04,0x3c,0x66,0xd7,0x00,
    0x3c,0x66,0xd7,0x00,0x3c,0x66,0xd7,0x00,0x3c,0x66,0xd7,0x00,0x3c,0x66,0xd7,0x00,0x3c,0x66,0xd7,0x00,
    0x3c,0x66,0xd7,0x00,0x3c,0x66,0xd7,0x00,0x3c,0x66,0xd7,0x00,0x3c,0x66,0xd7,0x00,0x3c,0x66,0xd7,0x00,
    0x3c,0x66,0xd7,0x00,0x3c,0x66,0xd7,0x00,0x3c,0x66,0xd7,0x00,0x3c,0x66,0xd7,0x00,0x3c,0x66,0xd7,0x00,
    0x3c,0x66,0xd7,0x00,0x3c,0x66,0xd7,0x00,0x3c,0x66,0xd7,0x00,0x3c,0x66,0xd7,0x00,0x3c,0x66,0xd7,0x00,
    0x3c,0x66,0xd7,0x00,0x3c,0x66,0xd7,0x00,0x3c,0x66,0xd7,0x00,0x3c,0x66,0xd7,0x00,0x3c,0x66,0xd7,0x00,
    0x3c,0x66,0xd7,0x00,0x3c,0x66,0xd7,0x00,0x3c,0x66,0xd7,0x00,0x3c,0x66,0xd7,0x00,0x3c,0x66,0xd7,0x00,
    0x3c,0x66,0xd7,0x00,0x3c,0x66,0xd7,0x00,0x3c,0x66,0xd7,0x00,0x3c,0x66,0xd7,0x00,0x3c,0x66,0xd7,0x00,
    0x3c,0x66,0xd7,0x00,0x3c,0x66,0xd7,0x00,0x3c,0x66,0xd7,0x00,0x3c,0x66,0xd7,0x00,0x3c,0x66,0xd7,0x00,
    0x3c,0x66,0xd7,0x00,0x3c,0x66,0xd7,0x00,0x3c,0x66,0xd7,0x00,0x3c,0x66,0xd7,0x00,0x3c,0x66,0xd7,0x00,
    0x3c,0x66,0xd7,0x00,0x3c,0x66,0xd7,0x00,0x3c,0x66,0xd7,0x00,0x3c,0x66,0xd7,0x00,0x3c,0x66,0xd7,0x00,
    0x3c,0x66,0xd7,0x00,0x3c,0x66,0xd7,0x00,0x3c,0x66,0xd7,0x00,0x3c,0x66,0xd7,0x00,0x3c,0x66,0xd7,0x00,
    0x3c,0x66,0xd7,0x00,0x3c,0x66,0xd7,0x00,0x3c,0x66,0xd7,0x00,0x3c,0x66,0xd7,0x00,0x3c,0x66,0xd7,0x00,
    0x3c,0x66,0xd7,0x00,0x3c,0x66,0xd7,0x00,0x3c,0x66,0xd7,0x00,0x3c,0x66,0xd7,0x00,0x3c,0x66,0xd7,0x00,
    0x3c,0x66,0xd7,0x00,0x3c,0x66,0xd7,0x00,0x3c,0x66,0xd7,0x00,0x3c,0x66,0xd7,0x00,0x3c,0x66,0xd7,0x00,
    0x3c,0x66,0xd7,0x00,0x3c,0x66,0xd7,0x00,0x3c,0x66,0xd7,0x00,0x3c,0x66,0xd7,0x00,0x3c,0x66,0xd7,0x00,
    0x3c,0x66,0xd7,0x00,0x3c,0x66,0xd7,0x00,0x3c,0x66,0xd7,0x00,0x3c,0x66,0xd7,0x00,0x3c,0x66,0xd7,0x00,
    0x3c,0x66,0xd7,0x00,0x3c,0x66,0xd7,0x00,0x3c,0x66,0xd7,0x00,0x3c,0x66,0xd7,0x00,0x3c,0x66,0xd7,0x00,
    0x3c,0x66,0xd7,0x00,0x3c,0x66,0xd7,0x00,0x3c,0x66,0xd7,0x00,0x3c,0x66,0xd7,0x00,0x3c,0x66,0xd7,0x00,
    0x3c,0x66,0xd7,0x00,0x3c,0x66,0xd7,0x00,0x3c,0x66,0xd7,0x00,0x3c,0x66,0xd7,0x00,0x3c,0x66,0xd7,0x00,
    0x3c,0x66,0xd7,0x00,0x3c,0x66,0xd7,0x00,0x3c,0x66,0xd7,0x00,0x3c,0x66,0xd7,0x00,0x3c,0x66,0xd7,0x00,
    0x3c,0x66,0xd7,0x00,0x3c,0x66,0xd7,0x00,0x3c,0x66,0xd7,0x00,0x3c,0x66,0xd7,0x00,0x3c,0x66,0xd7,0x00,
    0x3c,0x66,0xd7,0x00,0x3c,0x66,0xd7,0x00,0x3c,0x66,0xd7,0x00,0x3c,0x66,0xd7,0x00,0x3c,0x66,0xd7,0x00,
    0x3c,0x66,0xd7,0x00,0x3c,0x66,0xd7,0x00,0x3c,0x66,0xd7,0x00,0x3c,0x66,0xd7,0x00,0x3c,0x66,0xd7,0x00,
    0x3c,0x66,0xd7,0x00,0x3c,0x66,0xd7,0x00,0x3c,0x66,0xd7,0x00,0x3c,0x66,0xd7,0x00,0x3c,0x66,0xd7,0x00,
    0x3c,0x66,0xd7,0x00,0x3c,0x66,0xd7,0x00,0x3c,0x66,0xd7,0x00,0x3c,0x66,0xd7,0x00,0x3c,0x66,0xd7,0x00,
    0x3c,0x66,0xd7,0x00,0x3c,0x66,0xd7,0x00,0x3c,0x66,0xd7,0x00,0x3c,0x66,0xd7,0x00,0x3c,0x66,0xd7,0x00,
    0x3c,0x66,0xd7,0x00,0x3c,0x66,0xd7,0x00,0x3c,0x66,0xd7,0x00,0x3c,0x66,0xd7,0x00,0x3c,0x66,0xd7,0x00,
    0x3c,0x66,0xd7,0x00,0x3c,0x66,0xd7,0x00,0x3c,0x66,0xd7,0x00,0x3c,0x66,0xd7,0x00,0x3c,0x66,0xd7,0x00,
    0x3c,0x66,0xd7,0x00,0x3c,0x66,0xd7,0x00,0x3c,0x66,0xd7,0x00,0x3c,0x66,0xd7,0x00,0x3c,0x66,0xd7,0x00,
    0x3c,0x66,0xd7,0x00,0x3c,0x66,0xd7,0x00,0x3c,0x66,0xd7,0x00,0x3c,0x66,0xd7,0x00,0x3c,0x66,0xd7,0x00,
    0x3c,0x66,0xd7,0x00,0x3c,0x66,0xd7,0x00,0x3c,0x66,0xd7,0x00,0x3c,0x66,0xd7,0x00,0x3c,0x66,0xd7,0x00,
    0x3c,0x66,0xd7,0x00,0x3c,0x66,0xd7,0x00,0x3c,0x66,0xd7,0x00,0x3c,0x66,0xd7,0x00,0x3c,0x66,0xd7,0x00,
    0x3c,0x66,0xd7,0x00,0x3c,0x66,0xd7,0x00,0x3c,0x66,0xd7,0x00,0x3c,0x66,0xd7,0x00,0x3c,0x66,0xd7,0x00,
    0x3c,0x66,0xd7,0x00,0x3c,0x66,0xd7,0x00,0x3c,0x66,0xd7,0x00,0x3c,0x66,0xd7,0x00,0x3c,0x66,0xd7,0x00,
    0x3c,0x66,0xd7,0x00,0x3c,0x66,0xd7,0x00,0x3c,0x66,0xd7,0x00,0x3c,0x66,0xd7,0x00,0x3c,0x66,0xd7,0x00,
    0x3c,0x66,0xd7,0x00,0x3c,0x66,0xd7,0x00,0x3c,0x66,0xd7,0x00,0x3c,0x66,0xd7,0x00,0x3c,0x66,0xd7,0x04,
    0x3c,0x66,0xd7,0x00,0x3c,0x66,0xd7,0x59,0x3c,0x66,0xd7,0xff,0x3c,0x66,0xd7,0xfc,0x3c,0x66,0xd7,0xff,
    0x3c,0x66,0xd7,0xff,0x3c,0x66,0xd7,0xff,0x3c,0x66,0xd7,0xff,0x3c,0x66,0xd7,0xff,0x3c,0x66,0xd7,0xff,
    0x3c,0x66,0xd7,0xff,0x3c,0x66,0xd7,0xff,0x3c,0x66,0xd7,0xff,0x3c,0x66,0xd7,0xff,0x3c,0x66,0xd7,0xff,
    0x3c,0x66,0xd7,0xff,0x3c,0x66,0xd7,0xfb,0x3c,0x66,0xd7,0xff,0x3c,0x66,0xd7,0x9a,0x3c,0x66,0xd7,0x00,
    0x3c,0x66,0xd7,0x03,0x3c,0x66,0xd7,0x01,0x3c,0x66,0xd7,0x00,0x3c,0x66,0xd7,0x11,0x3c,0x66,0xd7,0xeb,
    0x3c,0x66,0xd7,0xff,0x3c,0x66,0xd7,0xbd,0x3c,0x66,0xd7,0x00,0x3c,0x66,0xd7,0x02,0x3c,0x66,0xd7,0x00,
    0x3c,0x66,0xd7,0x00,0x3c,0x66,0xd7,0x00,0x3c,0x66,0xd7,0x00,0x3c,0x66,0xd7,0x00,0x3c,0x66,0xd7,0x00,
    0x3c,0x66,0xd7,0x00,0x3c,0x66,0xd7,0x00,0x3c,0x66,0xd7,0x00,0x3c,0x66,0xd7,0x00,0x3c,0x66,0xd7,0x00,
    0x3c,0x66,0xd7,0x00,0x3c,0x66,0xd7,0x00,0x3c,0x66,0xd7,0x00,0x3c,0x66,0xd7,0x00,0x3c,0x66,0xd7,0x00,
    0x3c,0x66,0xd7,0x00,0x3c,0x66,0xd7,0x00,0x3c,0x66,0xd7,0x00,0x3c,0x66,0xd7,0x00,0x3c,0x66,0xd7,0x00,
    0x3c,0x66,0xd7,0x00,0x3c,0x66,0xd7,0x00,0x3c,0x66,0xd7,0x00,0x3c,0x66,0xd7,0x00,0x3c,0x66,0xd7,0x00,
    0x3c,0x66,0xd7,0x00,0x3c,0x66,0xd7,0x00,0x3c,0x66,0xd7,0x00,0x3c,0x66,0xd7,0x00,0x3c,0x66,0xd7,0x00,
    0x3c,0x66,0xd7,0x00,0x3c,0x66,0xd7,0x00,0x3c,0x66,0xd7,0x00,0x3c,0x66,0xd7,0x01,0x3c,0x66,0xd7,0x01,
    0x3c,0x66,0xd7,0x00,0x3c,0x66,0xd7,0x00,0x3c,0x66,0xd7,0x00,0x3c,0x66,0xd7,0x00,0x3c,0x66,0xd7,0x00,
    0x3c,0x66,0xd7,0x00,0x3c,0x66,0xd7,0x00,0x3c,0x66,0xd7,0x00,0x3c,0x66,0xd7,0x00,0x3c,0x66,0xd7,0x00,
    0x3c,0x66,0xd7,0x00,0x3c,0x66,0xd7,0x00,0x3c,0x66,0xd7,0x00,0x3c,0x66,0xd7,0x00,0x3c,0x66,0xd7,0x00,
    0x3c,0x66,0xd7,0x00,0x3c,0x66,0xd7,0x00,0x3c,0x66,0xd7,0x00,0x3c,0x66,0xd7,0x00,0x3c,0x66,0xd7,0x00,
    0x3c,0x66,0xd7,0x00,0x3c,0x66,0xd7,0x00,0x3c,0x66,0xd7,0x00,0x3c,0x66,0xd7,0x00,0x3c,0x66,0xd7,0x00,
    0x3c,0x66,0xd7,0x00,0x3c,0x66,0xd7,0x00,0x3c,0x66,0xd7,0x00,0x3c,0x66,0xd7,0x00,0x3c,0x66,0xd7,0x00,
    0x3c,0x66,0xd7,0x00,0x3c,0x66,0xd7,0x00,0x3c,0x66,0xd7,0x00,0x3c,0x66,0xd7,0x00,0x3c,0x66,0xd7,0x00,
    0x3c,0x66,0xd7,0x00,0x3c,0x66,0xd7,0x00,0x3c,0x66,0xd7,0x00,0x3c,0x66,0xd7,0x00,0x3c,0x66,0xd7,0x00,
    0x3c,0x66,0xd7,0x00,0x3c,0x66,0xd7,0x00,0x3c,0x66,0xd7,0x00,0x3c,0x66,0xd7,0x00,0x3c,0x66,0xd7,0x00,
    0x3c,0x66,0xd7,0x00,0x3c,0x66,0xd7,0x04,0x3c,0x66,0xd7,0x00,0x3c,0x66,0xd7,0x74,0x3c,0x66,0xd7,0xff,
    0x3c,0x66,0xd7,0xff,0x3c,0x66,0xd7,0xb5,0x3c,0x66,0xd7,0x00,0x3c,0x66,0xd7,0x02,0x3c,0x66,0xd7,0x00,
    0x3c,0x66,0xd7,0x00,0x3c,0x66,0xd7,0x00,0x3c,0x66,0xd7,0x00,0x3c,0x66,0xd7,0x00,0x3c,0x66,0xd7,0x00,
    0x3c,0x66,0xd7,0x00,0x3c,0x66,0xd7,0x00,0x3c,0x66,0xd7,0x00,0x3c,0x66,0xd7,0x00,0x3c,0x66,0xd7,0x03,
    0x3c,0x66,0xd7,0x02,0x3c,0x66,0xd7,0x00,0x3c,0x66,0xd7,0x00,0x3c,0x66,0xd7,0x00,0x3c,0x66,0xd7,0x00,
    0x3c,0x66,0xd7,0x00,0x3c,0x66,0xd7,0x00,0x3c,0x66,0xd7,0x00,0x3c,0x66,0xd7,0x00,0x3c,0x66,0xd7,0x00,
    0x3c,0x66,0xd7,0x00,0x3c,0x66,0xd7,0x00,0x3c,0x66,0xd7,0x00,0x3c,0x66,0xd7,0x00,0x3c,0x66,0xd7,0x00,
    0x3c,0x66,0xd7,0x00,0x3c,0x66,0xd7,0x00,0x3c,0x66,0xd7,0x00,0x3c,0x66,0xd7,0x00,0x3c,0x66,0xd7,0x00,
    0x3c,0x66,0xd7,0x00,0x3c,0x66,0xd7,0x00,0x3c,0x66,0xd7,0x00,0x3c,0x66,0xd7,0x00,0x3c,0x66,0xd7,0x00,
    0x3c,0x66,0xd7,0x00,0x3c,0x66,0xd7,0x00,0x3c,0x66,0xd7,0x00,0x3c,0x66,0xd7,0x00,0x3c,0x66,0xd7,0x00,
    0x3c,0x66,0xd7,0x00,0x3c,0x66,0xd7,0x00,0x3c,0x66,0xd7,0x00,0x3c,0x66,0xd7,0x00,0x3c,0x66,0xd7,0x00,
    0x3c,0x66,0xd7,0x00,0x3c,0x66,0xd7,0x00,0x3c,0x66,0xd7,0x00,0x3c,0x66,0xd7,0x00,0x3c,0x66,0xd7,0x00,
    0x3c,0x66,0xd7,0x00,0x3c,0x66,0xd7,0x00,0x3c,0x66,0xd7,0x00,0x3c,0x66,0xd7,0x00,0x3c,0x66,0xd7,0x00,
    0x3c,0x66,0xd7,0x00,0x3c,0x66,0xd7,0x00,0x3c,0x66,0xd7,0x00,0x3c,0x66,0xd7,0x00,0x3c,0x66,0xd7,0x00,
    0x3c,0x66,0xd7,0x00,0x3c,0x66,0xd7,0x00,0x3c,0x66,0xd7,0x00,0x3c,0x66,0xd7,0x00,0x3c,0x66,0xd7,0x00,
    0x3c,0x66,0xd7,0x00,0x3c,0x66,0xd7,0x00,0x3c,0x66,0xd7,0x00,0x3c,0x66,0xd7,0x00,0x3c,0x66,0xd7,0x00,
    0x3c,0x66,0xd7,0x00,0x3c,0x66,0xd7,0x00,0x3c,0x66,0xd7,0x00,0x3c,0x66,0xd7,0x00,0x3c,0x66,0xd7,0x00,
    0x3c,0x66,0xd7,0x00,0x3c,0x66,0xd7,0x00,0x3c,0x66,0xd7,0x00,0x3c,0x66,0xd7,0x00,0x3c,0x66,0xd7,0x00,
    0x3c,0x66,0xd7,0x00,0x3c,0x66,0xd7,0x00,0x3c,0x66,0xd7,0x00,0x3c,0x66,0xd7,0x00,0x3c,0x66,0xd7,0x00,
    0x3c,0x66,0xd7,0x00,0x3c,0x66,0xd7,0x00,0x3c,0x66,0xd7,0x00,0x3c,0x66,0xd7,0x00,0x3c,0x66,0xd7,0x00,
    0x3c,0x66,0xd7,0x00,0x3c,0x66,0xd7,0x00,0x3c,0x66,0xd7,0x00,0x3c,0x66,0xd7,0x00,0x3c,0x66,0xd7,0x00,
    0x3c,0x66,0xd7,0x00,0x3c,0x66,0xd7,0x00,0x3c,0x66,0xd7,0x00,0x3c,0x66,0xd7,0x00,0x3c,0x66,0xd7,0x00,
    0x3c,0x66,0xd7,0x00,0x3c,0x66,0xd7,0x00,0x3c,0x66,0xd7,0x00,0x3c,0x66,0xd7,0x00,0x3c,0x66,0xd7,0x00,
    0x3c,0x66,0xd7,0x00,0x3c,0x66,0xd7,0x00,0x3c,0x66,0xd7,0x00,0x3c,0x66,0xd7,0x00,0x3c,0x66,0xd7,0x00,
    0x3c,0x66,0xd7,0x00,0x3c,0x66,0xd7,0x00,0x3c,0x66,0xd7,0x00,0x3c,0x66,0xd7,0x00,0x3c,0x66,0xd7,0x00,
    0x3c,0x66,0xd7,0x00,0x3c,0x66,0xd7,0x00,0x3c,0x66,0xd7,0x00,0x3c,0x66,0xd7,0x00,0x3c,0x66,0xd7,0x00,
    0x3c,0x66,0xd7,0x00,0x3c,0x66,0xd7,0x00,0x3c,0x66,0xd7,0x00,0x3c,0x66,0xd7,0x00,0x3c,0x66,0xd7,0x00,
    0x3c,0x66,0xd7,0x00,0x3c,0x66,0xd7,0x00,0x3c,0x66,0xd7,0x00,0x3c,0x66,0xd7,0x00,0x3c,0x66,0xd7,0x00,
    0x3c,0x66,0xd7,0x00,0x3c,0x66,0xd7,0x00,0x3c,0x66,0xd7,0x00,0x3c,0x66,0xd7,0x00,0x3c,0x66,0xd7,0x00,
    0x3c,0x66,0xd7,0x00,0x3c,0x66,0xd7,0x00,0x3c,0x66,0xd7,0x00,0x3c,0x66,0xd7,0x00,0x3c,0x66,0xd7,0x00,
    0x3c,0x66,0xd7,0x00,0x3c,0x66,0xd7,0x00,0x3c,0x66,0xd7,0x00,0x3c,0x66,0xd7,0x00,0x3c,0x66,0xd7,0x00,
    0x3c,0x66,0xd7,0x00,0x3c,0x66,0xd7,0x00,0x3c,0x66,0xd7,0x00,0x3c,0x66,0xd7,0x00,0x3c,0x66,0xd7,0x00,
    0x3c,0x66,0xd7,0x00,0x3c,0x66,0xd7,0x00,0x3c,0x66,0xd7,0x00,0x3c,0x66,0xd7,0x00,0x3c,0x66,0xd7,0x00,
    0x3c,0x66,0xd7,0x00,0x3c,0x66,0xd7,0x00,0x3c,0x66,0xd7,0x00,0x3c,0x66,0xd7,0x00,0x3c,0x66,0xd7,0x00,
    0x3c,0x66,0xd7,0x00,0x3c,0x66,0xd7,0x00,0x3c,0x66,0xd7,0x00,0x3c,0x66,0xd7,0x00,0x3c,0x66,0xd7,0x00,
    0x3c,0x66,0xd7,0x00,0x3c,0x66,0xd7,0x00,0x3c,0x66,0xd7,0x00,0x3c,0x66,0xd7,0x00,0x3c,0x66,0xd7,0x00,
    0x3c,0x66,0xd7,0x00,0x3c,0x66,0xd7,0x00,0x3c,0x66,0xd7,0x00,0x3c,0x66,0xd7,0x00,0x3c,0x66,0xd7,0x00,
    0x3c,0x66,0xd7,0x00,0x3c,0x66,0xd7,0x00,0x3c,0x66,0xd7,0x00,0x3c,0x66,0xd7,0x00,0x3c,0x66,0xd7,0x02,
    0x3c,0x66,0xd7,0x02,0x3c,0x66,0xd7,0xbf,0x3c,0x66,0xd7,0xff,0x3c,0x66,0xd7,0xfc,0x3c,0x66,0xd7,0xff,
    0x3c,0x66,0xd7,0xff,0x3c,0x66,0xd7,0xff,0x3c,0x66,0xd7,0xff,0x3c,0x66,0xd7,0xff,0x3c,0x66,0xd7,0xff,
    0x3c,0x66,0xd7,0xff,0x3c,0x66,0xd7,0xff,0x3c,0x66,0xd7,0xff,0x3c,0x66,0xd7,0xff,0x3c,0x66,0xd7,0xff,
    0x3c,0x66,0xd7,0xff,0x3c,0x66,0xd7,0xfe,0x3c,0x66,0xd7,0xfe,0x3c,0x66,0xd7,0xeb,0x3c,0x66,0xd7,0x16,
    0x3c,0x66,0xd7,0x01,0x3c,0x66,0xd7,0x02,0x3c,0x66,0xd7,0x00,0x3c,0x66,0xd7,0x11,0x3c,0x66,0xd7,0xeb,
    0x3c,0x66,0xd7,0xff,0x3c,0x66,0xd7,0xbd,0x3c,0x66,0xd7,0x00,0x3c,0x66,0xd7,0x02,0x3c,0x66,0xd7,0x00,
    0x3c,0x66,0xd7,0x00,0x3c,0x66,0xd7,0x00,0x3c,0x66,0xd7,0x00,0x3c,0x66,0xd7,0x00,0x3c,0x66,0xd7,0x00,
    0x3c,0x66,0xd7,0x00,0x3c,0x66,0xd7,0x00,0x3c,0x66,0xd7,0x00,0x3c,0x66,0xd7,0x00,0x3c,0x66,0xd7,0x00,
    0x3c,0x66,0xd7,0x00,0x3c,0x66,0xd7,0x00,0x3c,0x66,0xd7,0x00,0x3c,0x66,0xd7,0x00,0x3c,0x66,0xd7,0x00,
    0x3c,0x66,0xd7,0x00,0x3c,0x66,0xd7,0x00,0x3c,0x66,0xd7,0x00,0x3c,0x66,0xd7,0x00,0x3c,0x66,0xd7,0x00,
    0x3c,0x66,0xd7,0x00,0x3c,0x66,0xd7,0x00,0x3c,0x66,0xd7,0x00,0x3c,0x66,0xd7,0x00,0x3c,0x66,0xd7,0x00,
    0x3c,0x66,0xd7,0x00,0x3c,0x66,0xd7,0x00,0x3c,0x66,0xd7,0x00,0x3c,0x66,0xd7,0x00,0x3c,0x66,0xd7,0x00,
    0x3c,0x66,0xd7,0x00,0x3c,0x66,0xd7,0x03,0x3c,0x66,0xd7,0x02,0x3c,0x66,0xd7,0x00,0x3c,0x66,0xd7,0x00,
    0x3c,0x66,0xd7,0x01,0x3c,0x66,0xd7,0x04,0x3c,0x66,0xd7,0x01,0x3c,0x66,0xd7,0x00,0x3c,0x66,0xd7,0x00,
    0x3c,0x66,0xd7,0x00,0x3c,0x66,0xd7,0x01,0x3c,0x66,0xd7,0x00,0x3c,0x66,0xd7,0x09,0x3c,0x66,0xd7,0x76,
    0x3c,0x66,0xd7,0x80,0x3c,0x66,0xd7,0x5f,0x3c,0x66,0xd7,0x00,0x3c,0x66,0xd7,0x01,0x3c,0x66,0xd7,0x00,
    0x3c,0x66,0xd7,0x00,0x3c,0x66,0xd7,0x00,0x3c,0x66,0xd7,0x00,0x3c,0x66,0xd7,0x00,0x3c,0x66,0xd7,0x00,
    0x3c,0x66,0xd7,0x00,0x3c,0x66,0xd7,0x00,0x3c,0x66,0xd7,0x00,0x3c,0x66,0xd7,0x00,0x3c,0x66,0xd7,0x00,
    0x3c,0x66,0xd7,0x00,0x3c,0x66,0xd7,0x00,0x3c,0x66,0xd7,0x00,0x3c,0x66,0xd7,0x00,0x3c,0x66,0xd7,0x00,
    0x3c,0x66,0xd7,0x00,0x3c,0x66,0xd7,0x00,0x3c,0x66,0xd7,0x00,0x3c,0x66,0xd7,0x00,0x3c,0x66,0xd7,0x00,
    0x3c,0x66,0xd7,0x00,0x3c,0x66,0xd7,0x00,0x3c,0x66,0xd7,0x00,0x3c,0x66,0xd7,0x00,0x3c,0x66,0xd7,0x00,
    0x3c,0x66,0xd7,0x00,0x3c,0x66,0xd7,0x00,0x3c,0x66,0xd7,0x00,0x3c,0x66,0xd7,0x00,0x3c,0x66,0xd7,0x00,
    0x3c,0x66,0xd7,0x00,0x3c,0x66,0xd7,0x01,0x3c,0x66,0xd7,0x04,0x3c,0x66,0xd7,0xd4,0x3c,0x66,0xd7,0xff,
    0x3c,0x66,0xd7,0xfd,0x3c,0x66,0xd7,0xf5,0x3c,0x66,0xd7,0x23,0x3c,0x66,0xd7,0x00,0x3c,0x66,0xd7,0x02,
    0x3c,0x66,0xd7,0x00,0x3c,0x66,0xd7,0x00,0x3c,0x66,0xd7,0x00,0x3c,0x66,0xd7,0x00,0x3c,0x66,0xd7,0x00,
    0x3c,0x66,0xd7,0x00,0x3c,0x66,0xd7,0x00,0x3c,0x66,0xd7,0x00,0x3c,0x66,0xd7,0x00,0x3c,0x66,0xd7,0x00,
    0x3c,0x66,0xd7,0x00,0x3c,0x66,0xd7,0x00,0x3c,0x66,0xd7,0x00,0x3c,0x66,0xd7,0x00,0x3c,0x66,0xd7,0x00,
    0x3c,0x66,0xd7,0x00,0x3c,0x66,0xd7,0x00,0x3c,0x66,0xd7,0x00,0x3c,0x66,0xd7,0x00,0x3c,0x66,0xd7,0x00,
    0x3c,0x66,0xd7,0x00,0x3c,0x66,0xd7,0x00,0x3c,0x66,0xd7,0x00,0x3c,0x66,0xd7,0x00,0x3c,0x66,0xd7,0x00,
    0x3c,0x66,0xd7,0x00,0x3c,0x66,0xd7,0x00,0x3c,0x66,0xd7,0x00,0x3c,0x66,0xd7,0x00,0x3c,0x66,0xd7,0x00,
    0x3c,0x66,0xd7,0x00,0x3c,0x66,0xd7,0x00,0x3c,0x66,0xd7,0x00,0x3c,0x66,0xd7,0x00,0x3c,0x66,0xd7,0x00,
    0x3c,0x66,0xd7,0x00,0x3c,0x66,0xd7,0x00,0x3c,0x66,0xd7,0x00,0x3c,0x66,0xd7,0x00,0x3c,0x66,0xd7,0x00,
    0x3c,0x66,0xd7,0x00,0x3c,0x66,0xd7,0x00,0x3c,0x66,0xd7,0x00,0x3c,0x66,0xd7,0x00,0x3c,0x66,0xd7,0x00,
    0x3c,0x66,0xd7,0x00,0x3c,0x66,0xd7,0x00,0x3c,0x66,0xd7,0x00,0x3c,0x66,0xd7,0x00,0x3c,0x66,0xd7,0x00,
    0x3c,0x66,0xd7,0x00,0x3c,0x66,0xd7,0x00,0x3c,0x66,0xd7,0x00,0x3c,0x66,0xd7,0x00,0x3c,0x66,0xd7,0x00,
    0x3c,0x66,0xd7,0x00,0x3c,0x66,0xd7,0x00,0x3c,0x66,0xd7,0x00,0x3c,0x66,0xd7,0x00,0x3c,0x66,0xd7,0x00,
    0x3c,0x66,0xd7,0x00,0x3c,0x66,0xd7,0x00,0x3c,0x66,0xd7,0x00,0x3c,0x66,0xd7,0x00,0x3c,0x66,0xd7,0x00,
    0x3c,0x66,0xd7,0x00,0x3c,0x66,0xd7,0x00,0x3c,0x66,0xd7,0x00,0x3c,0x66,0xd7,0x00,0x3c,0x66,0xd7,0x00,
    0x3c,0x66,0xd7,0x00,0x3c,0x66,0xd7,0x00,0x3c,0x66,0xd7,0x00,0x3c,0x66,0xd7,0x00,0x3c,0x66,0xd7,0x00,
    0x3c,0x66,0xd7,0x00,0x3c,0x66,0xd7,0x00,0x3c,0x66,0xd7,0x00,0x3c,0x66,0xd7,0x00,0x3c,0x66,0xd7,0x00,
    0x3c,0x66,0xd7,0x00,0x3c,0x66,0xd7,0x00,0x3c,0x66,0xd7,0x00,0x3c,0x66,0xd7,0x00,0x3c,0x66,0xd7,0x00,
    0x3c,0x66,0xd7,0x00,0x3c,0x66,0xd7,0x00,0x3c,0x66,0xd7,0x00,0x3c,0x66,0xd7,0x00,0x3c,0x66,0xd7,0x00,
    0x3c,0x66,0xd7,0x00,0x3c,0x66,0xd7,0x00,0x3c,0x66,0xd7,0x00,0x3c,0x66,0xd7,0x00,0x3c,0x66,0xd7,0x00,
    0x3c,0x66,0xd7,0x00,0x3c,0x66,0xd7,0x00,0x3c,0x66,0xd7,0x00,0x3c,0x66,0xd7,0x00,0x3c,0x66,0xd7,0x00,
    0x3c,0x66,0xd7,0x00,0x3c,0x66,0xd7,0x00,0x3c,0x66,0xd7,0x00,0x3c,0x66,0xd7,0x00,0x3c,0x66,0xd7,0x00,
    0x3c,0x66,0xd7,0x00,0x3c,0x66,0xd7,0x00,0x3c,0x66,0xd7,0x00,0x3c,0x66,0xd7,0x00,0x3c,0x66,0xd7,0x00,
    0x3c,0x66,0xd7,0x00,0x3c,0x66,0xd7,0x00,0x3c,0x66,0xd7,0x00,0x3c,0x66,0xd7,0x00,0x3c,0x66,0xd7,0x00,
    0x3c,0x66,0xd7,0x00,0x3c,0x66,0xd7,0x00,0x3c,0x66,0xd7,0x00,0x3c,0x66,0xd7,0x00,0x3c,0x66,0xd7,0x00,
    0x3c,0x66,0xd7,0x00,0x3c,0x66,0xd7,0x00,0x3c,0x66,0xd7,0x00,0x3c,0x66,0xd7,0x00,0x3c,0x66,0xd7,0x00,
    0x3c,0x66,0xd7,0x00,0x3c,0x66,0xd7,0x00,0x3c,0x66,0xd7,0x00,0x3c,0x66,0xd7,0x00,0x3c,0x66,0xd7,0x00,
    0x3c,0x66,0xd7,0x00,0x3c,0x66,0xd7,0x00,0x3c,0x66,0xd7,0x00,0x3c,0x66,0xd7,0x00,0x3c,0x66,0xd7,0x00,
    0x3c,0x66,0xd7,0x00,0x3c,0x66,0xd7,0x00,0x3c,0x66,0xd7,0x00,0x3c,0x66,0xd7,0x00,0x3c,0x66,0xd7,0x00,
    0x3c,0x66,0xd7,0x00,0x3c,0x66,0xd7,0x00,0x3c,0x66,0xd7,0x00,0x3c,0x66,0xd7,0x00,0x3c,0x66,0xd7,0x00,
    0x3c,0x66,0xd7,0x00,0x3c,0x66,0xd7,0x00,0x3c,0x66,0xd7,0x00,0x3c,0x66,0xd7,0x00,0x3c,0x66,0xd7,0x00,
    0x3c,0x66,0xd7,0x00,0x3c,0x66,0xd7,0x00,0x3c,0x66,0xd7,0x00,0x3c,0x66,0xd7,0x00,0x3c,0x66,0xd7,0x00,
    0x3c,0x66,0xd7,0x00,0x3c,0x66,0xd7,0x00,0x3c,0x66,0xd7,0x00,0x3c,0x66,0xd7,0x00,0x3c,0x66,0xd7,0x00,
    0x3c,0x66,0xd7,0x00,0x3c,0x66,0xd7,0x00,0x3c,0x66,0xd7,0x00,0x3c,0x66,0xd7,0x00,0x3c,0x66,0xd7,0x00,
    0x3c,0x66,0xd7,0x00,0x3c,0x66,0xd7,0x00,0x3c,0x66,0xd7,0x00,0x3c,0x66,0xd7,0x00,0x3c,0x66,0xd7,0x00,
    0x3c,0x66,0xd7,0x00,0x3c,0x66,0xd7,0x00,0x3c,0x66,0xd7,0x00,0x3c,0x66,0xd7,0x00,0x3c,0x66,0xd7,0x00,
    0x3c,0x66,0xd7,0x00,0x3c,0x66,0xd7,0x00,0x3c,0x66,0xd7,0x00,0x3c,0x66,0xd7,0x03,0x3c,0x66,0xd7,0x01,
    0x3c,0x66,0xd7,0x36,0x3c,0x66,0xd7,0xff,0x3c,0x66,0xd7,0xfd,0x3c,0x66,0xd7,0xff,0x3c,0x66,0xd7,0xff,
    0x3c,0x66,0xd7,0xff,0x3c,0x66,0xd7,0xff,0x3c,0x66,0xd7,0xff,0x3c,0x66,0xd7,0xff,0x3c,0x66,0xd7,0xff,
    0x3c,0x66,0xd7,0xff,0x3c,0x66,0xd7,0xff,0x3c,0x66,0xd7,0xff,0x3c,0x66,0xd7,0xff,0x3c,0x66,0xd7,0xff,
    0x3c,0x66,0xd7,0xff,0x3c,0x66,0xd7,0xff,0x3c,0x66,0xd7,0xfb,0x3c,0x66,0xd7,0xff,0x3c,0x66,0xd7,0x73,
    0x3c,0x66,0xd7,0x00,0x3c,0x66,0xd7,0x05,0x3c,0x66,0xd7,0x00,0x3c,0x66,0xd7,0x11,0x3c,0x66,0xd7,0xeb,
    0x3c,0x66,0xd7,0xff,0x3c,0x66,0xd7,0xbd,0x3c,0x66,0xd7,0x00,0x3c,0x66,0xd7,0x02,0x3c,0x66,0xd7,0x00,
    0x3c,0x66,0xd7,0x00,0x3c,0x66,0xd7,0x00,0x3c,0x66,0xd7,0x00,0x3c,0x66,0xd7,0x00,0x3c,0x66,0xd7,0x00,
    0x3c,0x66,0xd7,0x00,0x3c,0x66,0xd7,0x00,0x3c,0x66,0xd7,0x00,0x3c,0x66,0xd7,0x00,0x3c,0x66,0xd7,0x00,
    0x3c,0x66,0xd7,0x00,0x3c,0x66,0xd7,0x00,0x3c,0x66,0xd7,0x00,0x3c,0x66,0xd7,0x00,0x3c,0x66,0xd7,0x00,
    0x3c,0x66,0xd7,0x00,0x3c,0x66,0xd7,0x00,0x3c,0x66,0xd7,0x00,0x3c,0x66,0xd7,0x00,0x3c,0x66,0xd7,0x00,
    0x3c,0x66,0xd7,0x00,0x3c,0x66,0xd7,0x00,0x3c,0x66,0xd7,0x00,0x3c,0x66,0xd7,0x00,0x3c,0x66,0xd7,0x00,
    0x3c,0x66,0xd7,0x00,0x3c,0x66,0xd7,0x00,0x3c,0x66,0xd7,0x00,0x3c,0x66,0xd7,0x00,0x3c,0x66,0xd7,0x01,
    0x3c,0x66,0xd7,0x01,0x3c,0x66,0xd7,0x00,0x3c,0x66,0xd7,0x00,0x3c,0x66,0xd7,0x0f,0x3c,0x66,0xd7,0x10,
    0x3c,0x66,0xd7,0x00,0x3c,0x66,0xd7,0x00,0x3c,0x66,0xd7,0x00,0x3c,0x66,0xd7,0x02,0x3c,0x66,0xd7,0x00,
    0x3c,0x66,0xd7,0x00,0x3c,0x66,0xd7,0x01,0x3c,0x66,0xd7,0x00,0x3c,0x66,0xd7,0x12,0x3c,0x66,0xd7,0xfd,
    0x3c,0x66,0xd7,0xff,0x3c,0x66,0xd7,0xcb,0x3c,0x66,0xd7,0x00,0x3c,0x66,0xd7,0x02,0x3c,0x66,0xd7,0x00,
    0x3c,0x66,0xd7,0x00,0x3c,0x66,0xd7,0x00,0x3c,0x66,0xd7,0x00,0x3c,0x66,0xd7,0x00,0x3c,0x66,0xd7,0x00,
    0x3c,0x66,0xd7,0x00,0x3c,0x66,0xd7,0x00,0x3c,0x66,0xd7,0x00,0x3c,0x66,0xd7,0x00,0x3c,0x66,0xd7,0x00,
    0x3c,0x66,0xd7,0x00,0x3c,0x66,0xd7,0x00,0x3c,0x66,0xd7,0x00,0x3c,0x66,0xd7,0x00,0x3c,0x66,0xd7,0x00,
    0x3c,0x66,0xd7,0x00,0x3c,0x66,0xd7,0x00,0x3c,0x66,0xd7,0x00,0x3c,0x66,0xd7,0x00,0x3c,0x66,0xd7,0x00,
    0x3c,0x66,0xd7,0x00,0x3c,0x66,0xd7,0x00,0x3c,0x66,0xd7,0x00,0x3c,0x66,0xd7,0x00,0x3c,0x66,0xd7,0x00,
    0x3c,0x66,0xd7,0x00,0x3c,0x66,0xd7,0x00,0x3c,0x66,0xd7,0x00,0x3c,0x66,0xd7,0x00,0x3c,0x66,0xd7,0x00,
    0x3c,0x66,0xd7,0x03,0x3c,0x66,0xd7,0x01,0x3c,0x66,0xd7,0x42,0x3c,0x66,0xd7,0xff,0x3c,0x66,0xd7,0xfd,
    0x3c,0x66,0xd7,0xfb,0x3c,0x66,0xd7,0xff,0x3c,0x66,0xd7,0x80,0x3c,0x66,0xd7,0x00,0x3c,0x66,0xd7,0x04,
    0x3c,0x66,0xd7,0x00,0x3c,0x66,0xd7,0x00,0x3c,0x66,0xd7,0x00,0x3c,0x66,0xd7,0x00,0x3c,0x66,0xd7,0x00,
    0x3c,0x66,0xd7,0x00,0x3c,0x66,0xd7,0x00,0x3c,0x66,0xd7,0x01,0x3c,0x66,0xd7,0x00,0x3c,0x66,0xd7,0x4e,
    0x3c,0x66,0xd7,0x31,0x3c,0x66,0xd7,0x00,0x3c,0x66,0xd7,0x02,0x3c,0x66,0xd7,0x00,0x3c,0x66,0xd7,0x00,
    0x3c,0x66,0xd7,0x00,0x3c,0x66,0xd7,0x00,0x3c,0x66,0xd7,0x00,0x3c,0x66,0xd7,0x00,0x3c,0x66,0xd7,0x00,
    0x3c,0x66,0xd7,0x00,0x3c,0x66,0xd7,0x00,0x3c,0x66,0xd7,0x00,0x3c,0x66,0xd7,0x00,0x3c,0x66,0xd7,0x00,
    0x3c,0x66,0xd7,0x00,0x3c,0x66,0xd7,0x00,0x3c,0x66,0xd7,0x00,0x3c,0x66,0xd7,0x00,0x3c,0x66,0xd7,0x00,
    0x3c,0x66,0xd7,0x00,0x3c,0x66,0xd7,0x00,0x3c,0x66,0xd7,0x00,0x3c,0x66,0xd7,0x00,0x3c,0x66,0xd7,0x00,
    0x3c,0x66,0xd7,0x00,0x3c,0x66,0xd7,0x00,0x3c,0x66,0xd7,0x00,0x3c,0x66,0xd7,0x00,0x3c,0x66,0xd7,0x00,
    0x3c,0x66,0xd7,0x00,0x3c,0x66,0xd7,0x00,0x3c,0x66,0xd7,0x00,0x3c,0x66,0xd7,0x00,0x3c,0x66,0xd7,0x00,
    0x3c,0x66,0xd7,0x00,0x3c,0x66,0xd7,0x00,0x3c,0x66,0xd7,0x00,0x3c,0x66,0xd7,0x00,0x3c,0x66,0xd7,0x00,
    0x3c,0x66,0xd7,0x00,0x3c,0x66,0xd7,0x00,0x3c,0x66,0xd7,0x00,0x3c,0x66,0xd7,0x00,0x3c,0x66,0xd7,0x00,
    0x3c,0x66,0xd7,0x00,0x3c,0x66,0xd7,0x00,0x3c,0x66,0xd7,0x00,0x3c,0x66,0xd7,0x00,0x3c,0x66,0xd7,0x00,
    0x3c,0x66,0xd7,0x00,0x3c,0x66,0xd7,0x00,0x3c,0x66,0xd7,0x00,0x3c,0x66,0xd7,0x00,0x3c,0x66,0xd7,0x00,
    0x3c,0x66,0xd7,0x00,0x3c,0x66,0xd7,0x00,0x3c,0x66,0xd7,0x00,0x3c,0x66,0xd7,0x00,0x3c,0x66,0xd7,0x00,
    0x3c,0x66,0xd7,0x00,0x3c,0x66,0xd7,0x00,0x3c,0x66,0xd7,0x00,0x3c,0x66,0xd7,0x00,0x3c,0x66,0xd7,0x00,
    0x3c,0x66,0xd7,0x00,0x3c,0x66,0xd7,0x00,0x3c,0x66,0xd7,0x00,0x3c,0x66,0xd7,0x00,0x3c,0x66,0xd7,0x00,
    0x3c,0x66,0xd7,0x00,0x3c,0x66,0xd7,0x00,0x3c,0x66,0xd7,0x00,0x3c,0x66,0xd7,0x00,0x3c,0x66,0xd7,0x00,
    0x3c,0x66,0xd7,0x00,0x3c,0x66,0xd7,0x00,0x3c,0x66,0xd7,0x00,0x3c,0x66,0xd7,0x00,0x3c,0x66,0xd7,0x00,
    0x3c,0x66,0xd7,0x00,0x3c,0x66,0xd7,0x00,0x3c,0x66,0xd7,0x00,0x3c,0x66,0xd7,0x00,0x3c,0x66,0xd7,0x00,
    0x3c,0x66,0xd7,0x00,0x3c,0x66,0xd7,0x00,0x3c,0x66,0xd7,0x00,0x3c,0x66,0xd7,0x00,0x3c,0x66,0xd7,0x00,
    0x3c,0x66,0xd7,0x00,0x3c,0x66,0xd7,0x00,0x3c,0x66,0xd7,0x00,0x3c,0x66,0xd7,0x00,0x3c,0x66,0xd7,0x00,
    0x3c,0x66,0xd7,0x00,0x3c,0x66,0xd7,0x00,0x3c,0x66,0xd7,0x00,0x3c,0x66,0xd7,0x00,0x3c,0x66,0xd7,0x00,
    0x3c,0x66,0xd7,0x00,0x3c,0x66,0xd7,0x00,0x3c,0x66,0xd7,0x00,0x3c,0x66,0xd7,0x00,0x3c,0x66,0xd7,0x00,
    0x3c,0x66,0xd7,0x00,0x3c,0x66,0xd7,0x00,0x3c,0x66,0xd7,0x00,0x3c,0x66,0xd7,0x00,0x3c,0x66,0xd7,0x00,
    0x3c,0x66,0xd7,0x00,0x3c,0x66,0xd7,0x00,0x3c,0x66,0xd7,0x00,0x3c,0x66,0xd7,0x00,0x3c,0x66,0xd7,0x00,
    0x3c,0x66,0xd7,0x00,0x3c,0x66,0xd7,0x00,0x3c,0x66,0xd7,0x00,0x3c,0x66,0xd7,0x00,0x3c,0x66,0xd7,0x00,
    0x3c,0x66,0xd7,0x00,0x3c,0x66,0xd7,0x00,0x3c,0x66,0xd7,0x00,0x3c,0x66,0xd7,0x00,0x3c,0x66,0xd7,0x00,
    0x3c,0x66,0xd7,0x00,0x3c,0x66,0xd7,0x00,0x3c,0x66,0xd7,0x00,0x3c,0x66,0xd7,0x00,0x3c,0x66,0xd7,0x00,
    0x3c,0x66,0xd7,0x00,0x3c,0x66,0xd7,0x00,0x3c,0x66,0xd7,0x00,0x3c,0x66,0xd7,0x00,0x3c,0x66,0xd7,0x00,
    0x3c,0x66,0xd7,0x00,0x3c,0x66,0xd7,0x00,0x3c,0x66,0xd7,0x00,0x3c,0x66,0xd7,0x00,0x3c,0x66,0xd7,0x00,
    0x3c,0x66,0xd7,0x00,0x3c,0x66,0xd7,0x00,0x3c,0x66,0xd7,0x00,0x3c,0x66,0xd7,0x00,0x3c,0x66,0xd7,0x00,
    0x3c,0x66,0xd7,0x00,0x3c,0x66,0xd7,0x00,0x3c,0x66,0xd7,0x00,0x3c,0x66,0xd7,0x00,0x3c,0x66,0xd7,0x00,
    0x3c,0x66,0xd7,0x00,0x3c,0x66,0xd7,0x00,0x3c,0x66,0xd7,0x00,0x3c,0x66,0xd7,0x00,0x3c,0x66,0xd7,0x00,
    0x3c,0x66,0xd7,0x00,0x3c,0x66,0xd7,0x00,0x3c,0x66,0xd7,0x00,0x3c,0x66,0xd7,0x00,0x3c,0x66,0xd7,0x00,
    0x3c,0x66,0xd7,0x00,0x3c,0x66,0xd7,0x00,0x3c,0x66,0xd7,0x00,0x3c,0x66,0xd7,0x00,0x3c,0x66,0xd7,0x00,
    0x3c,0x66,0xd7,0x00,0x3c,0x66,0xd7,0x00,0x3c,0x66,0xd7,0x00,0x3c,0x66,0xd7,0x03,0x3c,0x66,0xd7,0x00,
    0x3c,0x66,0xd7,0x9a,0x3c,0x66,0xd7,0xff,0x3c,0x66,0xd7,0xfb,0x3c,0x66,0xd7,0xff,0x3c,0x66,0xd7,0xff,
    0x3c,0x66,0xd7,0xff,0x3c,0x66,0xd7,0xff,0x3c,0x66,0xd7,0xff,0x3c,0x66,0xd7,0xff,0x3c,0x66,0xd7,0xff,
    0x3c,0x66,0xd7,0xff,0x3c,0x66,0xd7,0xff,0x3c,0x66,0xd7,0xff,0x3c,0x66,0xd7,0xff,0x3c,0x66,0xd7,0xff,
    0x3c,0x66,0xd7,0xff,0x3c,0x66,0xd7,0xff,0x3c,0x66,0xd7,0xfd,0x3c,0x66,0xd7,0xfe,0x3c,0x66,0xd7,0xd4,
    0x3c,0x66,0xd7,0x04,0x3c,0x66,0xd7,0x02,0x3c,0x66,0xd7,0x00,0x3c,0x66,0xd7,0x11,0x3c,0x66,0xd7,0xeb,
    0x3c,0x66,0xd7,0xff,0x3c,0x66,0xd7,0xbd,0x3c,0x66,0xd7,0x00,0x3c,0x66,0xd7,0x02,0x3c,0x66,0xd7,0x00,
    0x3c,0x66,0xd7,0x00,0x3c,0x66,0xd7,0x00,0x3c,0x66,0xd7,0x00,0x3c,0x66,0xd7,0x00,0x3c,0x66,0xd7,0x00,
    0x3c,0x66,0xd7,0x00,0x3c,0x66,0xd7,0x00,0x3c,0x66,0xd7,0x00,0x3c,0x66,0xd7,0x00,0x3c,0x66,0xd7,0x00,
    0x3c,0x66,0xd7,0x00,0x3c,0x66,0xd7,0x00,0x3c,0x66,0xd7,0x00,0x3c,0x66,0xd7,0x00,0x3c,0x66,0xd7,0x00,
    0x3c,0x66,0xd7,0x00,0x3c,0x66,0xd7,0x00,0x3c,0x66,0xd7,0x00,0x3c,0x66,0xd7,0x00,0x3c,0x66,0xd7,0x00,
    0x3c,0x66,0xd7,0x00,0x3c,0x66,0xd7,0x00,0x3c,0x66,0xd7,0x00,0x3c,0x66,0xd7,0x00,0x3c,0x66,0xd7,0x00,
    0x3c,0x66,0xd7,0x00,0x3c,0x66,0xd7,0x00,0x3c,0x66,0xd7,0x00,0x3c,0x66,0xd7,0x01,0x3c,0x66,0xd7,0x00,
    0x3c,0x66,0xd7,0x00,0x3c,0x66,0xd7,0x62,0x3c,0x66,0xd7,0xbc,0x3c,0x66,0xd7,0xea,0x3c,0x66,0xd7,0xed,
    0x3c,0x66,0xd7,0xc9,0x3c,0x66,0xd7,0x80,0x3c,0x66,0xd7,0x0f,0x3c,0x66,0xd7,0x00,0x3c,0x66,0xd7,0x02,
    0x3c,0x66,0xd7,0x00,0x3c,0x66,0xd7,0x01,0x3c,0x66,0xd7,0x00,0x3c,0x66,0xd7,0x11,0x3c,0x66,0xd7,0xe7,
    0x3c,0x66,0xd7,0xfb,0x3c,0x66,0xd7,0xba,0x3c,0x66,0xd7,0x00,0x3c,0x66,0xd7,0x02,0x3c,0x66,0xd7,0x00,
    0x3c,0x66,0xd7,0x00,0x3c,0x66,0xd7,0x00,0x3c,0x66,0xd7,0x00,0x3c,0x66,0xd7,0x00,0x3c,0x66,0xd7,0x00,
    0x3c,0x66,0xd7,0x00,0x3c,0x66,0xd7,0x00,0x3c,0x66,0xd7,0x00,0x3c,0x66,0xd7,0x00,0x3c,0x66,0xd7,0x00,
    0x3c,0x66,0xd7,0x00,0x3c,0x66,0xd7,0x00,0x3c,0x66,0xd7,0x00,0x3c,0x66,0xd7,0x00,0x3c,0x66,0xd7,0x00,
    0x3c,0x66,0xd7,0x00,0x3c,0x66,0xd7,0x00,0x3c,0x66,0xd7,0x00,0x3c,0x66,0xd7,0x00,0x3c,0x66,0xd7,0x00,
    0x3c,0x66,0xd7,0x00,0x3c,0x66,0xd7,0x00,0x3c,0x66,0xd7,0x00,0x3c,0x66,0xd7,0x00,0x3c,0x66,0xd7,0x00,
    0x3c,0x66,0xd7,0x00,0x3c,0x66,0xd7,0x00,0x3c,0x66,0xd7,0x00,0x3c,0x66,0xd7,0x00,0x3c,0x66,0xd7,0x00,
    0x3c,0x66,0xd7,0x03,0x3c,0x66,0xd7,0x00,0x3c,0x66,0xd7,0xa1,0x3c,0x66,0xd7,0xff,0x3c,0x66,0xd7,0xfb,
    0x3c,0x66,0xd7,0xfd,0x3c,0x66,0xd7,0xff,0x3c,0x66,0xd7,0xdb,0x3c,0x66,0xd7,0x04,0x3c,0x66,0xd7,0x01,
    0x3c,0x66,0xd7,0x00,0x3c,0x66,0xd7,0x00,0x3c,0x66,0xd7,0x00,0x3c,0x66,0xd7,0x00,0x3c,0x66,0xd7,0x00,
    0x3c,0x66,0xd7,0x00,0x3c,0x66,0xd7,0x00,0x3c,0x66,0xd7,0x03,0x3c,0x66,0xd7,0x00,0x3c,0x66,0xd7,0xb6,
    0x3c,0x66,0xd7,0xd1,0x3c,0x66,0xd7,0x00,0x3c,0x66,0xd7,0x02,0x3c,0x66,0xd7,0x00,0x3c,0x66,0xd7,0x00,
    0x3c,0x66,0xd7,0x00,0x3c,0x66,0xd7,0x00,0x3c,0x66,0xd7,0x00,0x3c,0x66,0xd7,0x00,0x3c,0x66,0xd7,0x00,
    0x3c,0x66,0xd7,0x00,0x3c,0x66,0xd7,0x00,0x3c,0x66,0xd7,0x00,0x3c,0x66,0xd7,0x00,0x3c,0x66,0xd7,0x00,
    0x3c,0x66,0xd7,0x00,0x3c,0x66,0xd7,0x00,0x3c,0x66,0xd7,0x00,0x3c,0x66,0xd7,0x00,0x3c,0x66,0xd7,0x00,
    0x3c,0x66,0xd7,0x00,0x3c,0x66,0xd7,0x00,0x3c,0x66,0xd7,0x00,0x3c,0x66,0xd7,0x00,0x3c,0x66,0xd7,0x00,
    0x3c,0x66,0xd7,0x00,0x3c,0x66,0xd7,0x00,0x3c,0x66,0xd7,0x00,0x3c,0x66,0xd7,0x00,0x3c,0x66,0xd7,0x00,
    0x3c,0x66,0xd7,0x00,0x3c,0x66,0xd7,0x00,0x3c,0x66,0xd7,0x00,0x3c,0x66,0xd7,0x00,0x3c,0x66,0xd7,0x00,
    0x3c,0x66,0xd7,0x00,0x3c,0x66,0xd7,0x00,0x3c,0x66,0xd7,0x00,0x3c,0x66,0xd7,0x00,0x3c,0x66,0xd7,0x00,
    0x3c,0x66,0xd7,0x00,0x3c,0x66,0xd7,0x00,0x3c,0x66,0xd7,0x00,0x3c,0x66,0xd7,0x00,0x3c,0x66,0xd7,0x00,
    0x3c,0x66,0xd7,0x00,0x3c,0x66,0xd7,0x00,0x3c,0x66,0xd7,0x00,0x3c,0x66,0xd7,0x00,0x3c,0x66,0xd7,0x00,
    0x3c,0x66,0xd7,0x00,0x3c,0x66,0xd7,0x00,0x3c,0x66,0xd7,0x00,0x3c,0x66,0xd7,0x00,0x3c,0x66,0xd7,0x00,
    0x3c,0x66,0xd7,0x00,0x3c,0x66,0xd7,0x00,0x3c,0x66,0xd7,0x00,0x3c,0x66,0xd7,0x00,0x3c,0x66,0xd7,0x00,
    0x3c,0x66,0xd7,0x00,0x3c,0x66,0xd7,0x00,0x3c,0x66,0xd7,0x00,0x3c,0x66,0xd7,0x00,0x3c,0x66,0xd7,0x00,
    0x3c,0x66,0xd7,0x00,0x3c,0x66,0xd7,0x00,0x3c,0x66,0xd7,0x00,0x3c,0x66,0xd7,0x00,0x3c,0x66,0xd7,0x00,
    0x3c,0x66,0xd7,0x00,0x3c,0x66,0xd7,0x00,0x3c,0x66,0xd7,0x00,0x3c,0x66,0xd7,0x00,0x3c,0x66,0xd7,0x00,
    0x3c,0x66,0xd7,0x00,0x3c,0x66,0xd7,0x00,0x3c,0x66,0xd7,0x00,0x3c,0x66,0xd7,0x00,0x3c,0x66,0xd7,0x00,
    0x3c,0x66,0xd7,0x00,0x3c,0x66,0xd7,0x00,0x3c,0x66,0xd7,0x00,0x3c,0x66,0xd7,0x00,0x3c,0x66,0xd7,0x00,
    0x3c,0x66,0xd7,0x00,0x3c,0x66,0xd7,0x00,0x3c,0x66,0xd7,0x00,0x3c,0x66,0xd7,0x00,0x3c,0x66,0xd7,0x00,
    0x3c,0x66,0xd7,0x00,0x3c,0x66,0xd7,0x00,0x3c,0x66,0xd7,0x00,0x3c,0x66,0xd7,0x00,0x3c,0x66,0xd7,0x00,
    0x3c,0x66,0xd7,0x00,0x3c,0x66,0xd7,0x00,0x3c,0x66,0xd7,0x00,0x3c,0x66,0xd7,0x00,0x3c,0x66,0xd7,0x00,
    0x3c,0x66,0xd7,0x00,0x3c,0x66,0xd7,0x00,0x3c,0x66,0xd7,0x00,0x3c,0x66,0xd7,0x00,0x3c,0x66,0xd7,0x00,
    0x3c,0x66,0xd7,0x00,0x3c,0x66,0xd7,0x00,0x3c,0x66,0xd7,0x00,0x3c,0x66,0xd7,0x00,0x3c,0x66,0xd7,0x00,
    0x3c,0x66,0xd7,0x00,0x3c,0x66,0xd7,0x00,0x3c,0x66,0xd7,0x00,0x3c,0x66,0xd7,0x00,0x3c,0x66,0xd7,0x00,
    0x3c,0x66,0xd7,0x00,0x3c,0x66,0xd7,0x00,0x3c,0x66,0xd7,0x00,0x3c,0x66,0xd7,0x00,0x3c,0x66,0xd7,0x00,
    0x3c,0x66,0xd7,0x00,0x3c,0x66,0xd7,0x00,0x3c,0x66,0xd7,0x00,0x3c,0x66,0xd7,0x00,0x3c,0x66,0xd7,0x00,
    0x3c,0x66,0xd7,0x00,0x3c,0x66,0xd7,0x00,0x3c,0x66,0xd7,0x00,0x3c,0x66,0xd7,0x00,0x3c,0x66,0xd7,0x00,
    0x3c,0x66,0xd7,0x00,0x3c,0x66,0xd7,0x00,0x3c,0x66,0xd7,0x00,0x3c,0x66,0xd7,0x00,0x3c,0x66,0xd7,0x00,
    0x3c,0x66,0xd7,0x00,0x3c,0x66,0xd7,0x00,0x3c,0x66,0xd7,0x00,0x3c,0x66,0xd7,0x00,0x3c,0x66,0xd7,0x00,
    0x3c,0x66,0xd7,0x00,0x3c,0x66,0xd7,0x00,0x3c,0x66,0xd7,0x00,0x3c,0x66,0xd7,0x00,0x3c,0x66,0xd7,0x00,
    0x3c,0x66,0xd7,0x00,0x3c,0x66,0xd7,0x00,0x3c,0x66,0xd7,0x00,0x3c,0x66,0xd7,0x00,0x3c,0x66,0xd7,0x00,
    0x3c,0x66,0xd7,0x00,0x3c,0x66,0xd7,0x00,0x3c,0x66,0xd7,0x00,0x3c,0x66,0xd7,0x00,0x3c,0x66,0xd7,0x00,
    0x3c,0x66,0xd7,0x00,0x3c,0x66,0xd7,0x00,0x3c,0x66,0xd7,0x00,0x3c,0x66,0xd7,0x00,0x3c,0x66,0xd7,0x00,
    0x3c,0x66,0xd7,0x00,0x3c,0x66,0xd7,0x00,0x3c,0x66,0xd7,0x00,0x3c,0x66,0xd7,0x00,0x3c,0x66,0xd7,0x00,
    0x3c,0x66,0xd7,0x00,0x3c,0x66,0xd7,0x00,0x3c,0x66,0xd7,0x01,0x3c,0x66,0xd7,0x01,0x3c,0x66,0xd7,0x14,
    0x3c,0x66,0xd7,0xeb,0x3c,0x66,0xd7,0xfe,0x3c,0x66,0xd7,0xfe,0x3c,0x66,0xd7,0xff,0x3c,0x66,0xd7,0xff,
    0x3c,0x66,0xd7,0xff,0x3c,0x66,0xd7,0xff,0x3c,0x66,0xd7,0xff,0x3c,0x66,0xd7,0xff,0x3c,0x66,0xd7,0xff,
    0x3c,0x66,0xd7,0xff,0x3c,0x66,0xd7,0xff,0x3c,0x66,0xd7,0xff,0x3c,0x66,0xd7,0xff,0x3c,0x66,0xd7,0xff,
    0x3c,0x66,0xd7,0xff,0x3c,0x66,0xd7,0xff,0x3c,0x66,0xd7,0xff,0x3c,0x66,0xd7,0xfd,0x3c,0x66,0xd7,0xfe,
    0x3c,0x66,0xd7,0x41,0x3c,0x66,0xd7,0x00,0x3c,0x66,0xd7,0x00,0x3c,0x66,0xd7,0x11,0x3c,0x66,0xd7,0xeb,
    0x3c,0x66,0xd7,0xff,0x3c,0x66,0xd7,0xbd,0x3c,0x66,0xd7,0x00,0x3c,0x66,0xd7,0x02,0x3c,0x66,0xd7,0x00,
    0x3c,0x66,0xd7,0x00,0x3c,0x66,0xd7,0x00,0x3c,0x66,0xd7,0x00,0x3c,0x66,0xd7,0x00,0x3c,0x66,0xd7,0x00,
    0x3c,0x66,0xd7,0x00,0x3c,0x66,0xd7,0x00,0x3c,0x66,0xd7,0x00,0x3c,0x66,0xd7,0x00,0x3c,0x66,0xd7,0x00,
    0x3c,0x66,0xd7,0x00,0x3c,0x66,0xd7,0x00,0x3c,0x66,0xd7,0x00,0x3c,0x66,0xd7,0x00,0x3c,0x66,0xd7,0x00,
    0x3c,0x66,0xd7,0x00,0x3c,0x66,0xd7,0x00,0x3c,0x66,0xd7,0x00,0x3c,0x66,0xd7,0x00,0x3c,0x66,0xd7,0x00,
    0x3c,0x66,0xd7,0x00,0x3c,0x66,0xd7,0x00,0x3c,0x66,0xd7,0x00,0x3c,0x66,0xd7,0x00,0x3c,0x66,0xd7,0x00,
    0x3c,0x66,0xd7,0x00,0x3c,0x66,0xd7,0x00,0x3c,0x66,0xd7,0x01,0x3c,0x66,0xd7,0x01,0x3c,0x66,0xd7,0x13,
    0x3c,0x66,0xd7,0xb8,0x3c,0x66,0xd7,0xff,0x3c,0x66,0xd7,0xff,0x3c,0x66,0xd7,0xff,0x3c,0x66,0xd7,0xff,
    0x3c,0x66,0xd7,0xff,0x3c,0x66,0xd7,0xff,0x3c,0x66,0xd7,0xd9,0x3c,0x66,0xd7,0x36,0x3c,0x66,0xd7,0x00,
    0x3c,0x66,0xd7,0x02,0x3c,0x66,0xd7,0x01,0x3c,0x66,0xd7,0x00,0x3c,0x66,0xd7,0x11,0x3c,0x66,0xd7,0xeb,
    0x3c,0x66,0xd7,0xff,0x3c,0x66,0xd7,0xbd,0x3c,0x66,0xd7,0x00,0x3c,0x66,0xd7,0x02,0x3c,0x66,0xd7,0x00,
    0x3c,0x66,0xd7,0x00,0x3c,0x66,0xd7,0x00,0x3c,0x66,0xd7,0x00,0x3c,0x66,0xd7,0x00,0x3c,0x66,0xd7,0x00,
    0x3c,0x66,0xd7,0x00,0x3c,0x66,0xd7,0x00,0x3c,0x66,0xd7,0x00,0x3c,0x66,0xd7,0x00,0x3c,0x66,0xd7,0x00,
    0x3c,0x66,0xd7,0x00,0x3c,0x66,0xd7,0x00,0x3c,0x66,0xd7,0x00,0x3c,0x66,0xd7,0x00,0x3c,0x66,0xd7,0x00,
    0x3c,0x66,0xd7,0x00,0x3c,0x66,0xd7,0x00,0x3c,0x66,0xd7,0x00,0x3c,0x66,0xd7,0x00,0x3c,0x66,0xd7,0x00,
    0x3c,0x66,0xd7,0x00,0x3c,0x66,0xd7,0x00,0x3c,0x66,0xd7,0x00,0x3c,0x66,0xd7,0x00,0x3c,0x66,0xd7,0x00,
    0x3c,0x66,0xd7,0x00,0x3c,0x66,0xd7,0x00,0x3c,0x66,0xd7,0x00,0x3c,0x66,0xd7,0x00,0x3c,0x66,0xd7,0x01,
    0x3c,0x66,0xd7,0x01,0x3c,0x66,0xd7,0x14,0x3c,0x66,0xd7,0xea,0x3c,0x66,0xd7,0xfe,0x3c,0x66,0xd7,0xfe,
    0x3c,0x66,0xd7,0xff,0x3c,0x66,0xd7,0xfd,0x3c,0x66,0xd7,0xfd,0x3c,0x66,0xd7,0x41,0x3c,0x66,0xd7,0x00,
    0x3c,0x66,0xd7,0x03,0x3c,0x66,0xd7,0x00,0x3c,0x66,0xd7,0x00,0x3c,0x66,0xd7,0x00,0x3c,0x66,0xd7,0x00,
    0x3c,0x66,0xd7,0x00,0x3c,0x66,0xd7,0x00,0x3c,0x66,0xd7,0x03,0x3c,0x66,0xd7,0x00,0x3c,0x66,0xd7,0x31,
    0x3c,0x66,0xd7,0xff,0x3c,0x66,0xd7,0x35,0x3c,0x66,0xd7,0x00,0x3c,0x66,0xd7,0x03,0x3c,0x66,0xd7,0x00,
    0x3c,0x66,0xd7,0x00,0x3c,0x66,0xd7,0x00,0x3c,0x66,0xd7,0x00,0x3c,0x66,0xd7,0x00,0x3c,0x66,0xd7,0x00,
    0x3c,0x66,0xd7,0x00,0x3c,0x66,0xd7,0x00,0x3c,0x66,0xd7,0x00,0x3c,0x66,0xd7,0x00,0x3c,0x66,0xd7,0x00,
    0x3c,0x66,0xd7,0x00,0x3c,0x66,0xd7,0x00,0x3c,0x66,0xd7,0x00,0x3c,0x66,0xd7,0x00,0x3c,0x66,0xd7,0x00,
    0x3c,0x66,0xd7,0x00,0x3c,0x66,0xd7,0x00,0x3c,0x66,0xd7,0x00,0x3c,0x66,0xd7,0x00,0x3c,0x66,0xd7,0x00,
    0x3c,0x66,0xd7,0x00,0x3c,0x66,0xd7,0x00,0x3c,0x66,0xd7,0x00,0x3c,0x66,0xd7,0x00,0x3c,0x66,0xd7,0x00,
    0x3c,0x66,0xd7,0x00,0x3c,0x66,0xd7,0x00,0x3c,0x66,0xd7,0x00,0x3c,0x66,0xd7,0x00,0x3c,0x66,0xd7,0x00,
    0x3c,0x66,0xd7,0x00,0x3c,0x66,0xd7,0x00,0x3c,0x66,0xd7,0x00,0x3c,0x66,0xd7,0x00,0x3c,0x66,0xd7,0x00,
    0x3c,0x66,0xd7,0x00,0x3c,0x66,0xd7,0x00,0x3c,0x66,0xd7,0x00,0x3c,0x66,0xd7,0x00,0x3c,0x66,0xd7,0x00,
    0x3c,0x66,0xd7,0x00,0x3c,0x66,0xd7,0x00,0x3c,0x66,0xd7,0x00,0x3c,0x66,0xd7,0x00,0x3c,0x66,0xd7,0x00,
    0x3c,0x66,0xd7,0x00,0x3c,0x66,0xd7,0x00,0x3c,0x66,0xd7,0x00,0x3c,0x66,0xd7,0x00,0x3c,0x66,0xd7,0x00,
    0x3c,0x66,0xd7,0x00,0x3c,0x66,0xd7,0x00,0x3c,0x66,0xd7,0x00,0x3c,0x66,0xd7,0x00,0x3c,0x66,0xd7,0x00,
    0x3c,0x66,0xd7,0x00,0x3c,0x66,0xd7,0x00,0x3c,0x66,0xd7,0x00,0x3c,0x66,0xd7,0x00,0x3c,0x66,0xd7,0x00,
    0x3c,0x66,0xd7,0x00,0x3c,0x66,0xd7,0x00,0x3c,0x66,0xd7,0x00,0x3c,0x66,0xd7,0x00,0x3c,0x66,0xd7,0x00,
    0x3c,0x66,0xd7,0x00,0x3c,0x66,0xd7,0x00,0x3c,0x66,0xd7,0x00,0x3c,0x66,0xd7,0x00,0x3c,0x66,0xd7,0x00,
    0x3c,0x66,0xd7,0x00,0x3c,0x66,0xd7,0x00,0x3c,0x66,0xd7,0x00,0x3c,0x66,0xd7,0x00,0x3c,0x66,0xd7,0x00,
    0x3c,0x66,0xd7,0x00,0x3c,0x66,0xd7,0x00,0x3c,0x66,0xd7,0x00,0x3c,0x66,0xd7,0x00,0x3c,0x66,0xd7,0x00,
    0x3c,0x66,0xd7,0x00,0x3c,0x66,0xd7,0x00,0x3c,0x66,0xd7,0x00,0x3c,0x66,0xd7,0x00,0x3c,0x66,0xd7,0x00,
    0x3c,0x66,0xd7,0x00,0x3c,0x66,0xd7,0x00,0x3c,0x66,0xd7,0x00,0x3c,0x66,0xd7,0x00,0x3c,0x66,0xd7,0x00,
    0x3c,0x66,0xd7,0x00,0x3c,0x66,0xd7,0x00,0x3c,0x66,0xd7,0x00,0x3c,0x66,0xd7,0x00,0x3c,0x66,0xd7,0x00,
    0x3c,0x66,0xd7,0x00,0x3c,0x66,0xd7,0x00,0x3c,0x66,0xd7,0x00,0x3c,0x66,0xd7,0x00,0x3c,0x66,0xd7,0x00,
    0x3c,0x66,0xd7,0x00,0x3c,0x66,0xd7,0x00,0x3c,0x66,0xd7,0x00,0x3c,0x66,0xd7,0x00,0x3c,0x66,0xd7,0x00,
    0x3c,0x66,0xd7,0x00,0x3c,0x66,0xd7,0x00,0x3c,0x66,0xd7,0x00,0x3c,0x66,0xd7,0x00,0x3c,0x66,0xd7,0x00,
    0x3c,0x66,0xd7,0x00,0x3c,0x66,0xd7,0x00,0x3c,0x66,0xd7,0x00,0x3c,0x66,0xd7,0x00,0x3c,0x66,0xd7,0x00,
    0x3c,0x66,0xd7,0x00,0x3c,0x66,0xd7,0x00,0x3c,0x66,0xd7,0x00,0x3c,0x66,0xd7,0x00,0x3c,0x66,0xd7,0x00,
    0x3c,0x66,0xd7,0x00,0x3c,0x66,0xd7,0x00,0x3c,0x66,0xd7,0x00,0x3c,0x66,0xd7,0x00,0x3c,0x66,0xd7,0x00,
    0x3c,0x66,0xd7,0x00,0x3c,0x66,0xd7,0x00,0x3c,0x66,0xd7,0x00,0x3c,0x66,0xd7,0x00,0x3c,0x66,0xd7,0x00,
    0x3c,0x66,0xd7,0x00,0x3c,0x66,0xd7,0x00,0x3c,0x66,0xd7,0x00,0x3c,0x66,0xd7,0x00,0x3c,0x66,0xd7,0x00,
    0x3c,0x66,0xd7,0x00,0x3c,0x66,0xd7,0x00,0x3c,0x66,0xd7,0x00,0x3c,0x66,0xd7,0x00,0x3c,0x66,0xd7,0x00,
    0x3c,0x66,0xd7,0x00,0x3c,0x66,0xd7,0x00,0x3c,0x66,0xd7,0x00,0x3c,0x66,0xd7,0x00,0x3c,0x66,0xd7,0x00,
    0x3c,0x66,0xd7,0x00,0x3c,0x66,0xd7,0x00,0x3c,0x66,0xd7,0x00,0x3c,0x66,0xd7,0x00,0x3c,0x66,0xd7,0x00,
    0x3c,0x66,0xd7,0x00,0x3c,0x66,0xd7,0x00,0x3c,0x66,0xd7,0x00,0x3c,0x66,0xd7,0x00,0x3c,0x66,0xd7,0x00,
    0x3c,0x66,0xd7,0x00,0x3c,0x66,0xd7,0x00,0x3c,0x66,0xd7,0x00,0x3c,0x66,0xd7,0x00,0x3c,0x66,0xd7,0x00,
    0x3c,0x66,0xd7,0x00,0x3c,0x66,0xd7,0x00,0x3c,0x66,0xd7,0x04,0x3c,0x66,0xd7,0x00,0x3c,0x66,0xd7,0x64,
    0x3c,0x66,0xd7,0xff,0x3c,0x66,0xd7,0xfc,0x3c,0x66,0xd7,0xff,0x3c,0x66,0xd7,0xff,0x3c,0x66,0xd7,0xff,
    0x3c,0x66,0xd7,0xff,0x3c,0x66,0xd7,0xff,0x3c,0x66,0xd7,0xff,0x3c,0x66,0xd7,0xff,0x3c,0x66,0xd7,0xff,
    0x3c,0x66,0xd7,0xff,0x3c,0x66,0xd7,0xff,0x3c,0x66,0xd7,0xff,0x3c,0x66,0xd7,0xff,0x3c,0x66,0xd7,0xff,
    0x3c,0x66,0xd7,0xff,0x3c,0x66,0xd7,0xff,0x3c,0x66,0xd7,0xff,0x3c,0x66,0xd7,0xfb,0x3c,0x66,0xd7,0xff,
    0x3c,0x66,0xd7,0xa6,0x3c,0x66,0xd7,0x00,0x3c,0x66,0xd7,0x00,0x3c,0x66,0xd7,0x11,0x3c,0x66,0xd7,0xeb,
    0x3c,0x66,0xd7,0xff,0x3c,0x66,0xd7,0xbd,0x3c,0x66,0xd7,0x00,0x3c,0x66,0xd7,0x02,0x3c,0x66,0xd7,0x00,
    0x3c,0x66,0xd7,0x00,0x3c,0x66,0xd7,0x00,0x3c,0x66,0xd7,0x00,0x3c,0x66,0xd7,0x00,0x3c,0x66,0xd7,0x00,
    0x3c,0x66,0xd7,0x00,0x3c,0x66,0xd7,0x00,0x3c,0x66,0xd7,0x00,0x3c,0x66,0xd7,0x00,0x3c,0x66,0xd7,0x00,
    0x3c,0x66,0xd7,0x00,0x3c,0x66,0xd7,0x00,0x3c,0x66,0xd7,0x00,0x3c,0x66,0xd7,0x00,0x3c,0x66,0xd7,0x00,
    0x3c,0x66,0xd7,0x00,0x3c,0x66,0xd7,0x00,0x3c,0x66,0xd7,0x00,0x3c,0x66,0xd7,0x00,0x3c,0x66,0xd7,0x00,
    0x3c,0x66,0xd7,0x00,0x3c,0x66,0xd7,0x00,0x3c,0x66,0xd7,0x00,0x3c,0x66,0xd7,0x00,0x3c,0x66,0xd7,0x00,
    0x3c,0x66,0xd7,0x00,0x3c,0x66,0xd7,0x00,0x3c,0x66,0xd7,0x02,0x3c,0x66,0xd7,0x02,0x3c,0x66,0xd7,0xbb,
    0x3c,0x66,0xd7,0xff,0x3c,0x66,0xd7,0xf9,0x3c,0x66,0xd7,0xfb,0x3c,0x66,0xd7,0xfd,0x3c,0x66,0xd7,0xfd,
    0x3c,0x66,0xd7,0xfc,0x3c,0x66,0xd7,0xfa,0x3c,0x66,0xd7,0xff,0x3c,0x66,0xd7,0xe9,0x3c,0x66,0xd7,0x17,
    0x3c,0x66,0xd7,0x01,0x3c,0x66,0xd7,0x03,0x3c,0x66,0xd7,0x01,0x3c,0x66,0xd7,0x12,0x3c,0x66,0xd7,0xeb,
    0x3c,0x66,0xd7,0xff,0x3c,0x66,0xd7,0xbd,0x3c,0x66,0xd7,0x01,0x3c,0x66,0xd7,0x03,0x3c,0x66,0xd7,0x00,
    0x3c,0x66,0xd7,0x00,0x3c,0x66,0xd7,0x00,0x3c,0x66,0xd7,0x00,0x3c,0x66,0xd7,0x00,0x3c,0x66,0xd7,0x00,
    0x3c,0x66,0xd7,0x00,0x3c,0x66,0xd7,0x00,0x3c,0x66,0xd7,0x00,0x3c,0x66,0xd7,0x00,0x3c,0x66,0xd7,0x00,
    0x3c,0x66,0xd7,0x00,0x3c,0x66,0xd7,0x00,0x3c,0x66,0xd7,0x00,0x3c,0x66,0xd7,0x00,0x3c,0x66,0xd7,0x00,
    0x3c,0x66,0xd7,0x00,0x3c,0x66,0xd7,0x00,0x3c,0x66,0xd7,0x00,0x3c,0x66,0xd7,0x00,0x3c,0x66,0xd7,0x00,
    0x3c,0x66,0xd7,0x00,0x3c,0x66,0xd7,0x00,0x3c,0x66,0xd7,0x00,0x3c,0x66,0xd7,0x00,0x3c,0x66,0xd7,0x00,
    0x3c,0x66,0xd7,0x00,0x3c,0x66,0xd7,0x00,0x3c,0x66,0xd7,0x00,0x3c,0x66,0xd7,0x00,0x3c,0x66,0xd7,0x04,
    0x3c,0x66,0xd7,0x00,0x3c,0x66,0xd7,0x65,0x3c,0x66,0xd7,0xff,0x3c,0x66,0xd7,0xfc,0x3c,0x66,0xd7,0xff,
    0x3c,0x66,0xd7,0xff,0x3c,0x66,0xd7,0xfb,0x3c,0x66,0xd7,0xff,0x3c,0x66,0xd7,0xa6,0x3c,0x66,0xd7,0x00,
    0x3c,0x66,0xd7,0x03,0x3c,0x66,0xd7,0x00,0x3c,0x66,0xd7,0x00,0x3c,0x66,0xd7,0x00,0x3c,0x66,0xd7,0x00,
    0x3c,0x66,0xd7,0x00,0x3c,0x66,0xd7,0x00,0x3c,0x66,0xd7,0x00,0x3c,0x66,0xd7,0x01,0x3c,0x66,0xd7,0x04,
    0x3c,0x66,0xd7,0xe7,0x3c,0x66,0xd7,0x94,0x3c,0x66,0xd7,0x00,0x3c,0x66,0xd7,0x04,0x3c,0x66,0xd7,0x00,
    0x3c,0x66,0xd7,0x00,0x3c,0x66,0xd7,0x00,0x3c,0x66,0xd7,0x00,0x3c,0x66,0xd7,0x00,0x3c,0x66,0xd7,0x00,
    0x3c,0x66,0xd7,0x00,0x3c,0x66,0xd7,0x00,0x3c,0x66,0xd7,0x00,0x3c,0x66,0xd7,0x00,0x3c,0x66,0xd7,0x00,
    0x3c,0x66,0xd7,0x00,0x3c,0x66,0xd7,0x00,0x3c,0x66,0xd7,0x00,0x3c,0x66,0xd7,0x00,0x3c,0x66,0xd7,0x00,
    0x3c,0x66,0xd7,0x00,0x3c,0x66,0xd7,0x00,0x3c,0x66,0xd7,0x00,0x3c,0x66,0xd7,0x00,0x3c,0x66,0xd7,0x00,
    0x3c,0x66,0xd7,0x00,0x3c,0x66,0xd7,0x00,0x3c,0x66,0xd7,0x00,0x3c,0x66,0xd7,0x00,0x3c,0x66,0xd7,0x00,
    0x3c,0x66,0xd7,0x00,0x3c,0x66,0xd7,0x00,0x3c,0x66,0xd7,0x00,0x3c,0x66,0xd7,0x00,0x3c,0x66,0xd7,0x00,
    0x3c,0x66,0xd7,0x00,0x3c,0x66,0xd7,0x00,0x3c,0x66,0xd7,0x00,0x3c,0x66,0xd7,0x00,0x3c,0x66,0xd7,0x00,
    0x3c,0x66,0xd7,0x00,0x3c,0x66,0xd7,0x00,0x3c,0x66,0xd7,0x00,0x3c,0x66,0xd7,0x00,0x3c,0x66,0xd7,0x00,
    0x3c,0x66,0xd7,0x00,0x3c,0x66,0xd7,0x00,0x3c,0x66,0xd7,0x00,0x3c,0x66,0xd7,0x00,0x3c,0x66,0xd7,0x00,
    0x3c,0x66,0xd7,0x00,0x3c,0x66,0xd7,0x00,0x3c,0x66,0xd7,0x00,0x3c,0x66,0xd7,0x00,0x3c,0x66,0xd7,0x00,
    0x3c,0x66,0xd7,0x00,0x3c,0x66,0xd7,0x00,0x3c,0x66,0xd7,0x00,0x3c,0x66,0xd7,0x00,0x3c,0x66,0xd7,0x00,
    0x3c,0x66,0xd7,0x00,0x3c,0x66,0xd7,0x00,0x3c,0x66,0xd7,0x00,0x3c,0x66,0xd7,0x00,0x3c,0x66,0xd7,0x00,
    0x3c,0x66,0xd7,0x00,0x3c,0x66,0xd7,0x00,0x3c,0x66,0xd7,0x00,0x3c,0x66,0xd7,0x00,0x3c,0x66,0xd7,0x00,
    0x3c,0x66,0xd7,0x00,0x3c,0x66,0xd7,0x00,0x3c,0x66,0xd7,0x00,0x3c,0x66,0xd7,0x00,0x3c,0x66,0xd7,0x00,
    0x3c,0x66,0xd7,0x00,0x3c,0x66,0xd7,0x00,0x3c,0x66,0xd7,0x00,0x3c,0x66,0xd7,0x00,0x3c,0x66,0xd7,0x00,
    0x3c,0x66,0xd7,0x00,0x3c,0x66,0xd7,0x00,0x3c,0x66,0xd7,0x00,0x3c,0x66,0xd7,0x00,0x3c,0x66,0xd7,0x00,
    0x3c,0x66,0xd7,0x00,0x3c,0x66,0xd7,0x00,0x3c,0x66,0xd7,0x00,0x3c,0x66,0xd7,0x00,0x3c,0x66,0xd7,0x00,
    0x3c,0x66,0xd7,0x00,0x3c,0x66,0xd7,0x00,0x3c,0x66,0xd7,0x00,0x3c,0x66,0xd7,0x00,0x3c,0x66,0xd7,0x00,
    0x3c,0x66,0xd7,0x00,0x3c,0x66,0xd7,0x00,0x3c,0x66,0xd7,0x00,0x3c,0x66,0xd7,0x00,0x3c,0x66,0xd7,0x00,
    0x3c,0x66,0xd7,0x00,0x3c,0x66,0xd7,0x00,0x3c,0x66,0xd7,0x00,0x3c,0x66,0xd7,0x00,0x3c,0x66,0xd7,0x00,
    0x3c,0x66,0xd7,0x00,0x3c,0x66,0xd7,0x00,0x3c,0x66,0xd7,0x00,0x3c,0x66,0xd7,0x00,0x3c,0x66,0xd7,0x00,
    0x3c,0x66,0xd7,0x00,0x3c,0x66,0xd7,0x00,0x3c,0x66,0xd7,0x00,0x3c,0x66,0xd7,0x00,0x3c,0x66,0xd7,0x00,
    0x3c,0x66,0xd7,0x00,0x3c,0x66,0xd7,0x00,0x3c,0x66,0xd7,0x00,0x3c,0x66,0xd7,0x00,0x3c,0x66,0xd7,0x00,
    0x3c,0x66,0xd7,0x00,0x3c,0x66,0xd7,0x00,0x3c,0x66,0xd7,0x00,0x3c,0x66,0xd7,0x00,0x3c,0x66,0xd7,0x00,
    0x3c,0x66,0xd7,0x00,0x3c,0x66,0xd7,0x00,0x3c,0x66,0xd7,0x00,0x3c,0x66,0xd7,0x00,0x3c,0x66,0xd7,0x00,
    0x3c,0x66,0xd7,0x00,0x3c,0x66,0xd7,0x00,0x3c,0x66,0xd7,0x00,0x3c,0x66,0xd7,0x00,0x3c,0x66,0xd7,0x00,
    0x3c,0x66,0xd7,0x00,0x3c,0x66,0xd7,0x00,0x3c,0x66,0xd7,0x00,0x3c,0x66,0xd7,0x00,0x3c,0x66,0xd7,0x00,
    0x3c,0x66,0xd7,0x00,0x3c,0x66,0xd7,0x00,0x3c,0x66,0xd7,0x00,0x3c,0x66,0xd7,0x00,0x3c,0x66,0xd7,0x00,
    0x3c,0x66,0xd7,0x00,0x3c,0x66,0xd7,0x00,0x3c,0x66,0xd7,0x00,0x3c,0x66,0xd7,0x00,0x3c,0x66,0xd7,0x00,
    0x3c,0x66,0xd7,0x00,0x3c,0x66,0xd7,0x00,0x3c,0x66,0xd7,0x00,0x3c,0x66,0xd7,0x00,0x3c,0x66,0xd7,0x00,
    0x3c,0x66,0xd7,0x00,0x3c,0x66,0xd7,0x00,0x3c,0x66,0xd7,0x00,0x3c,0x66,0xd7,0x00,0x3c,0x66,0xd7,0x00,
    0x3c,0x66,0xd7,0x00,0x3c,0x66,0xd7,0x00,0x3c,0x66,0xd7,0x00,0x3c,0x66,0xd7,0x00,0x3c,0x66,0xd7,0x00,
    0x3c,0x66,0xd7,0x00,0x3c,0x66,0xd7,0x00,0x3c,0x66,0xd7,0x01,0x3c,0x66,0xd7,0x02,0x3c,0x66,0xd7,0xd3,
    0x3c,0x66,0xd7,0xfc,0x3c,0x66,0xd7,0xfa,0x3c,0x66,0xd7,0xfd,0x3c,0x66,0xd7,0xfd,0x3c,0x66,0xd7,0xff,
    0x3c,0x66,0xd7,0xff,0x3c,0x66,0xd7,0xff,0x3c,0x66,0xd7,0xff,0x3c,0x66,0xd7,0xff,0x3c,0x66,0xd7,0xff,
    0x3c,0x66,0xd7,0xff,0x3c,0x66,0xd7,0xff,0x3c,0x66,0xd7,0xff,0x3c,0x66,0xd7,0xff,0x3c,0x66,0xd7,0xff,
    0x3c,0x66,0xd7,0xff,0x3c,0x66,0xd7,0xfd,0x3c,0x66,0xd7,0xfd,0x3c,0x66,0xd7,0xfc,0x3c,0x66,0xd7,0xfb,
    0x3c,0x66,0xd7,0xf4,0x3c,0x66,0xd7,0x21,0x3c,0x66,0xd7,0x00,0x3c,0x66,0xd7,0x13,0x3c,0x66,0xd7,0xeb,
    0x3c,0x66,0xd7,0xff,0x3c,0x66,0xd7,0xbd,0x3c,0x66,0xd7,0x00,0x3c,0x66,0xd7,0x02,0x3c,0x66,0xd7,0x00,
    0x3c,0x66,0xd7,0x00,0x3c,0x66,0xd7,0x00,0x3c,0x66,0xd7,0x00,0x3c,0x66,0xd7,0x00,0x3c,0x66,0xd7,0x00,
    0x3c,0x66,0xd7,0x00,0x3c,0x66,0xd7,0x00,0x3c,0x66,0xd7,0x00,0x3c,0x66,0xd7,0x00,0x3c,0x66,0xd7,0x00,
    0x3c,0x66,0xd7,0x00,0x3c,0x66,0xd7,0x00,0x3c,0x66,0xd7,0x00,0x3c,0x66,0xd7,0x00,0x3c,0x66,0xd7,0x00,
    0x3c,0x66,0xd7,0x00,0x3c,0x66,0xd7,0x00,0x3c,0x66,0xd7,0x00,0x3c,0x66,0xd7,0x00,0x3c,0x66,0xd7,0x00,
    0x3c,0x66,0xd7,0x00,0x3c,0x66,0xd7,0x00,0x3c,0x66,0xd7,0x00,0x3c,0x66,0xd7,0x00,0x3c,0x66,0xd7,0x00,
    0x3c,0x66,0xd7,0x00,0x3c,0x66,0xd7,0x03,0x3c,0x66,0xd7,0x00,0x3c,0x66,0xd7,0x61,0x3c,0x66,0xd7,0xff,
    0x3c,0x66,0xd7,0xf9,0x3c,0x66,0xd7,0xff,0x3c,0x66,0xd7,0xff,0x3c,0x66,0xd7,0xff,0x3c,0x66,0xd7,0xff,
    0x3c,0x66,0xd7,0xff,0x3c,0x66,0xd7,0xff,0x3c,0x66,0xd7,0xfa,0x3c,0x66,0xd7,0xff,0x3c,0x66,0xd7,0xa1,
    0x3c,0x66,0xd7,0x00,0x3c,0x66,0xd7,0x02,0x3c,0x66,0xd7,0x00,0x3c,0x66,0xd7,0x0d,0x3c,0x66,0xd7,0xeb,
    0x3c,0x66,0xd7,0xff,0x3c,0x66,0xd7,0xbc,0x3c,0x66,0xd7,0x00,0x3c,0x66,0xd7,0x00,0x3c,0x66,0xd7,0x00,
    0x3c,0x66,0xd7,0x00,0x3c,0x66,0xd7,0x00,0x3c,0x66,0xd7,0x00,0x3c,0x66,0xd7,0x00,0x3c,0x66,0xd7,0x00,
    0x3c,0x66,0xd7,0x00,0x3c,0x66,0xd7,0x00,0x3c,0x66,0xd7,0x00,0x3c,0x66,0xd7,0x00,0x3c,0x66,0xd7,0x00,
    0x3c,0x66,0xd7,0x00,0x3c,0x66,0xd7,0x00,0x3c,0x66,0xd7,0x00,0x3c,0x66,0xd7,0x00,0x3c,0x66,0xd7,0x00,
    0x3c,0x66,0xd7,0x00,0x3c,0x66,0xd7,0x00,0x3c,0x66,0xd7,0x00,0x3c,0x66,0xd7,0x00,0x3c,0x66,0xd7,0x00,
    0x3c,0x66,0xd7,0x00,0x3c,0x66,0xd7,0x00,0x3c,0x66,0xd7,0x00,0x3c,0x66,0xd7,0x00,0x3c,0x66,0xd7,0x00,
    0x3c,0x66,0xd7,0x00,0x3c,0x66,0xd7,0x00,0x3c,0x66,0xd7,0x00,0x3c,0x66,0xd7,0x00,0x3c,0x66,0xd7,0x02,
    0x3c,0x66,0xd7,0x00,0x3c,0x66,0xd7,0xc9,0x3c,0x66,0xd7,0xfe,0x3c,0x66,0xd7,0xfc,0x3c,0x66,0xd7,0xff,
    0x3c,0x66,0xd7,0xff,0x3c,0x66,0xd7,0xfe,0x3c,0x66,0xd7,0xfe,0x3c,0x66,0xd7,0xf3,0x3c,0x66,0xd7,0x17,
    0x3c,0x66,0xd7,0x00,0x3c,0x66,0xd7,0x01,0x3c,0x66,0xd7,0x00,0x3c,0x66,0xd7,0x00,0x3c,0x66,0xd7,0x00,
    0x3c,0x66,0xd7,0x00,0x3c,0x66,0xd7,0x00,0x3c,0x66,0xd7,0x00,0x3c,0x66,0xd7,0x04,0x3c,0x66,0xd7,0x00,
    0x3c,0x66,0xd7,0x9a,0x3c,0x66,0xd7,0xea,0x3c,0x66,0xd7,0x03,0x3c,0x66,0xd7,0x01,0x3c,0x66,0xd7,0x00,
    0x3c,0x66,0xd7,0x00,0x3c,0x66,0xd7,0x00,0x3c,0x66,0xd7,0x00,0x3c,0x66,0xd7,0x00,0x3c,0x66,0xd7,0x00,
    0x3c,0x66,0xd7,0x00,0x3c,0x66,0xd7,0x00,0x3c,0x66,0xd7,0x00,0x3c,0x66,0xd7,0x00,0x3c,0x66,0xd7,0x00,
    0x3c,0x66,0xd7,0x00,0x3c,0x66,0xd7,0x00,0x3c,0x66,0xd7,0x00,0x3c,0x66,0xd7,0x00,0x3c,0x66,0xd7,0x00,
    0x3c,0x66,0xd7,0x00,0x3c,0x66,0xd7,0x00,0x3c,0x66,0xd7,0x00,0x3c,0x66,0xd7,0x00,0x3c,0x66,0xd7,0x00,
    0x3c,0x66,0xd7,0x00,0x3c,0x66,0xd7,0x00,0x3c,0x66,0xd7,0x00,0x3c,0x66,0xd7,0x00,0x3c,0x66,0xd7,0x00,
    0x3c,0x66,0xd7,0x00,0x3c,0x66,0xd7,0x00,0x3c,0x66,0xd7,0x00,0x3c,0x66,0xd7,0x00,0x3c,0x66,0xd7,0x00,
    0x3c,0x66,0xd7,0x00,0x3c,0x66,0xd7,0x00,0x3c,0x66,0xd7,0x00,0x3c,0x66,0xd7,0x00,0x3c,0x66,0xd7,0x00,
    0x3c,0x66,0xd7,0x00,0x3c,0x66,0xd7,0x00,0x3c,0x66,0xd7,0x00,0x3c,0x66,0xd7,0x00,0x3c,0x66,0xd7,0x00,
    0x3c,0x66,0xd7,0x00,0x3c,0x66,0xd7,0x00,0x3c,0x66,0xd7,0x00,0x3c,0x66,0xd7,0x00,0x3c,0x66,0xd7,0x00,
    0x3c,0x66,0xd7,0x00,0x3c,0x66,0xd7,0x00,0x3c,0x66,0xd7,0x00,0x3c,0x66,0xd7,0x00,0x3c,0x66,0xd7,0x00,
    0x3c,0x66,0xd7,0x00,0x3c,0x66,0xd7,0x00,0x3c,0x66,0xd7,0x00,0x3c,0x66,0xd7,0x00,0x3c,0x66,0xd7,0x00,
    0x3c,0x66,0xd7,0x00,0x3c,0x66,0xd7,0x00,0x3c,0x66,0xd7,0x00,0x3c,0x66,0xd7,0x00,0x3c,0x66,0xd7,0x00,
    0x3c,0x66,0xd7,0x00,0x3c,0x66,0xd7,0x00,0x3c,0x66,0xd7,0x00,0x3c,0x66,0xd7,0x00,0x3c,0x66,0xd7,0x00,
    0x3c,0x66,0xd7,0x00,0x3c,0x66,0xd7,0x00,0x3c,0x66,0xd7,0x00,0x3c,0x66,0xd7,0x00,0x3c,0x66,0xd7,0x00,
    0x3c,0x66,0xd7,0x00,0x3c,0x66,0xd7,0x00,0x3c,0x66,0xd7,0x00,0x3c,0x66,0xd7,0x00,0x3c,0x66,0xd7,0x00,
    0x3c,0x66,0xd7,0x00,0x3c,0x66,0xd7,0x00,0x3c,0x66,0xd7,0x00,0x3c,0x66,0xd7,0x00,0x3c,0x66,0xd7,0x00,
    0x3c,0x66,0xd7,0x00,0x3c,0x66,0xd7,0x00,0x3c,0x66,0xd7,0x00,0x3c,0x66,0xd7,0x00,0x3c,0x66,0xd7,0x00,
    0x3c,0x66,0xd7,0x00,0x3c,0x66,0xd7,0x00,0x3c,0x66,0xd7,0x00,0x3c,0x66,0xd7,0x00,0x3c,0x66,0xd7,0x00,
    0x3c,0x66,0xd7,0x00,0x3c,0x66,0xd7,0x00,0x3c,0x66,0xd7,0x00,0x3c,0x66,0xd7,0x00,0x3c,0x66,0xd7,0x00,
    0x3c,0x66,0xd7,0x00,0x3c,0x66,0xd7,0x00,0x3c,0x66,0xd7,0x00,0x3c,0x66,0xd7,0x00,0x3c,0x66,0xd7,0x00,
    0x3c,0x66,0xd7,0x00,0x3c,0x66,0xd7,0x00,0x3c,0x66,0xd7,0x00,0x3c,0x66,0xd7,0x00,0x3c,0x66,0xd7,0x00,
    0x3c,0x66,0xd7,0x00,0x3c,0x66,0xd7,0x00,0x3c,0x66,0xd7,0x00,0x3c,0x66,0xd7,0x00,0x3c,0x66,0xd7,0x00,
    0x3c,0x66,0xd7,0x00,0x3c,0x66,0xd7,0x00,0x3c,0x66,0xd7,0x00,0x3c,0x66,0xd7,0x00,0x3c,0x66,0xd7,0x00,
    0x3c,0x66,0xd7,0x00,0x3c,0x66,0xd7,0x00,0x3c,0x66,0xd7,0x00,0x3c,0x66,0xd7,0x00,0x3c,0x66,0xd7,0x00,
    0x3c,0x66,0xd7,0x00,0x3c,0x66,0xd7,0x00,0x3c,0x66,0xd7,0x00,0x3c,0x66,0xd7,0x00,0x3c,0x66,0xd7,0x00,
    0x3c,0x66,0xd7,0x00,0x3c,0x66,0xd7,0x00,0x3c,0x66,0xd7,0x00,0x3c,0x66,0xd7,0x00,0x3c,0x66,0xd7,0x00,
    0x3c,0x66,0xd7,0x00,0x3c,0x66,0xd7,0x00,0x3c,0x66,0xd7,0x00,0x3c,0x66,0xd7,0x00,0x3c,0x66,0xd7,0x00,
    0x3c,0x66,0xd7,0x00,0x3c,0x66,0xd7,0x00,0x3c,0x66,0xd7,0x00,0x3c,0x66,0xd7,0x00,0x3c,0x66,0xd7,0x00,
    0x3c,0x66,0xd7,0x00,0x3c,0x66,0xd7,0x00,0x3c,0x66,0xd7,0x00,0x3c,0x66,0xd7,0x00,0x3c,0x66,0xd7,0x00,
    0x3c,0x66,0xd7,0x00,0x3c,0x66,0xd7,0x00,0x3c,0x66,0xd7,0x00,0x3c,0x66,0xd7,0x00,0x3c,0x66,0xd7,0x00,
    0x3c,0x66,0xd7,0x00,0x3c,0x66,0xd7,0x00,0x3c,0x66,0xd7,0x00,0x3c,0x66,0xd7,0x00,0x3c,0x66,0xd7,0x00,
    0x3c,0x66,0xd7,0x00,0x3c,0x66,0xd7,0x00,0x3c,0x66,0xd7,0x00,0x3c,0x66,0xd7,0x00,0x3c,0x66,0xd7,0x00,
    0x3c,0x66,0xd7,0x00,0x3c,0x66,0xd7,0x03,0x3c,0x66,0xd7,0x00,0x3c,0x66,0xd7,0x4c,0x3c,0x66,0xd7,0xff,
    0x3c,0x66,0xd7,0xff,0x3c,0x66,0xd7,0xff,0x3c,0x66,0xd7,0xff,0x3c,0x66,0xd7,0xff,0x3c,0x66,0xd7,0xff,
    0x3c,0x66,0xd7,0xff,0x3c,0x66,0xd7,0xff,0x3c,0x66,0xd7,0xff,0x3c,0x66,0xd7,0xff,0x3c,0x66,0xd7,0xff,
    0x3c,0x66,0xd7,0xff,0x3c,0x66,0xd7,0xff,0x3c,0x66,0xd7,0xff,0x3c,0x66,0xd7,0xff,0x3c,0x66,0xd7,0xff,
    0x3c,0x66,0xd7,0xff,0x3c,0x66,0xd7,0xff,0x3c,0x66,0xd7,0xff,0x3c,0x66,0xd7,0xff,0x3c,0x66,0xd7,0xff,
    0x3c,0x66,0xd7,0xff,0x3c,0x66,0xd7,0x8d,0x3c,0x66,0xd7,0x00,0x3c,0x66,0xd7,0x14,0x3c,0x66,0xd7,0xeb,
    0x3c,0x66,0xd7,0xff,0x3c,0x66,0xd7,0xbd,0x3c,0x66,0xd7,0x00,0x3c,0x66,0xd7,0x02,0x3c,0x66,0xd7,0x00,
    0x3c,0x66,0xd7,0x00,0x3c,0x66,0xd7,0x00,0x3c,0x66,0xd7,0x00,0x3c,0x66,0xd7,0x00,0x3c,0x66,0xd7,0x00,
    0x3c,0x66,0xd7,0x00,0x3c,0x66,0xd7,0x00,0x3c,0x66,0xd7,0x00,0x3c,0x66,0xd7,0x00,0x3c,0x66,0xd7,0x00,
    0x3c,0x66,0xd7,0x00,0x3c,0x66,0xd7,0x00,0x3c,0x66,0xd7,0x00,0x3c,0x66,0xd7,0x00,0x3c,0x66,0xd7,0x00,
    0x3c,0x66,0xd7,0x00,0x3c,0x66,0xd7,0x00,0x3c,0x66,0xd7,0x00,0x3c,0x66,0xd7,0x00,0x3c,0x66,0xd7,0x00,
    0x3c,0x66,0xd7,0x00,0x3c,0x66,0xd7,0x00,0x3c,0x66,0xd7,0x00,0x3c,0x66,0xd7,0x00,0x3c,0x66,0xd7,0x00,
    0x3c,0x66,0xd7,0x00,0x3c,0x66,0xd7,0x02,0x3c,0x66,0xd7,0x01,0x3c,0x66,0xd7,0xc2,0x3c,0x66,0xd7,0xfe,
    0x3c,0x66,0xd7,0xfc,0x3c,0x66,0xd7,0xfe,0x3c,0x66,0xd7,0xf0,0x3c,0x66,0xd7,0xee,0x3c,0x66,0xd7,0xef,
    0x3c,0x66,0xd7,0xee,0x3c,0x66,0xd7,0xfb,0x3c,0x66,0xd7,0xfe,0x3c,0x66,0xd7,0xfe,0x3c,0x66,0xd7,0xf1,
    0x3c,0x66,0xd7,0x12,0x3c,0x66,0xd7,0x08,0x3c,0x66,0xd7,0x11,0x3c,0x66,0xd7,0x20,0x3c,0x66,0xd7,0xec,
    0x3c,0x66,0xd7,0xff,0x3c,0x66,0xd7,0xc1,0x3c,0x66,0xd7,0x10,0x3c,0x66,0xd7,0x12,0x3c,0x66,0xd7,0x04,
    0x3c,0x66,0xd7,0x00,0x3c,0x66,0xd7,0x00,0x3c,0x66,0xd7,0x00,0x3c,0x66,0xd7,0x00,0x3c,0x66,0xd7,0x00,
    0x3c,0x66,0xd7,0x00,0x3c,0x66,0xd7,0x00,0x3c,0x66,0xd7,0x00,0x3c,0x66,0xd7,0x00,0x3c,0x66,0xd7,0x00,
    0x3c,0x66,0xd7,0x00,0x3c,0x66,0xd7,0x00,0x3c,0x66,0xd7,0x00,0x3c,0x66,0xd7,0x00,0x3c,0x66,0xd7,0x00,
    0x3c,0x66,0xd7,0x00,0x3c,0x66,0xd7,0x00,0x3c,0x66,0xd7,0x00,0x3c,0x66,0xd7,0x00,0x3c,0x66,0xd7,0x00,
    0x3c,0x66,0xd7,0x00,0x3c,0x66,0xd7,0x00,0x3c,0x66,0xd7,0x00,0x3c,0x66,0xd7,0x00,0x3c,0x66,0xd7,0x00,
    0x3c,0x66,0xd7,0x00,0x3c,0x66,0xd7,0x00,0x3c,0x66,0xd7,0x00,0x3c,0x66,0xd7,0x02,0x3c,0x66,0xd7,0x00,
    0x3c,0x66,0xd7,0x2b,0x3c,0x66,0xd7,0xf9,0x3c,0x66,0xd7,0xfe,0x3c,0x66,0xd7,0xff,0x3c,0x66,0xd7,0xff,
    0x3c,0x66,0xd7,0xff,0x3c,0x66,0xd7,0xff,0x3c,0x66,0xd7,0xfc,0x3c,0x66,0xd7,0xff,0x3c,0x66,0xd7,0x65,
    0x3c,0x66,0xd7,0x00,0x3c,0x66,0xd7,0x04,0x3c,0x66,0xd7,0x00,0x3c,0x66,0xd7,0x00,0x3c,0x66,0xd7,0x00,
    0x3c,0x66,0xd7,0x00,0x3c,0x66,0xd7,0x00,0x3c,0x66,0xd7,0x00,0x3c,0x66,0xd7,0x04,0x3c,0x66,0xd7,0x00,
    0x3c,0x66,0xd7,0x61,0x3c,0x66,0xd7,0xff,0x3c,0x66,0xd7,0x1b,0x3c,0x66,0xd7,0x00,0x3c,0x66,0xd7,0x02,
    0x3c,0x66,0xd7,0x00,0x3c,0x66,0xd7,0x00,0x3c,0x66,0xd7,0x00,0x3c,0x66,0xd7,0x00,0x3c,0x66,0xd7,0x00,
    0x3c,0x66,0xd7,0x00,0x3c,0x66,0xd7,0x00,0x3c,0x66,0xd7,0x00,0x3c,0x66,0xd7,0x00,0x3c,0x66,0xd7,0x00,
    0x3c,0x66,0xd7,0x00,0x3c,0x66,0xd7,0x00,0x3c,0x66,0xd7,0x00,0x3c,0x66,0xd7,0x00,0x3c,0x66,0xd7,0x00,
    0x3c,0x66,0xd7,0x00,0x3c,0x66,0xd7,0x00,0x3c,0x66,0xd7,0x00,0x3c,0x66,0xd7,0x00,0x3c,0x66,0xd7,0x00,
    0x3c,0x66,0xd7,0x00,0x3c,0x66,0xd7,0x00,0x3c,0x66,0xd7,0x00,0x3c,0x66,0xd7,0x00,0x3c,0x66,0xd7,0x00,
    0x3c,0x66,0xd7,0x00,0x3c,0x66,0xd7,0x00,0x3c,0x66,0xd7,0x00,0x3c,0x66,0xd7,0x00,0x3c,0x66,0xd7,0x00,
    0x3c,0x66,0xd7,0x00,0x3c,0x66,0xd7,0x00,0x3c,0x66,0xd7,0x00,0x3c,0x66,0xd7,0x00,0x3c,0x66,0xd7,0x00,
    0x3c,0x66,0xd7,0x00,0x3c,0x66,0xd7,0x00,0x3c,0x66,0xd7,0x00,0x3c,0x66,0xd7,0x00,0x3c,0x66,0xd7,0x00,
    0x3c,0x66,0xd7,0x00,0x3c,0x66,0xd7,0x00,0x3c,0x66,0xd7,0x00,0x3c,0x66,0xd7,0x00,0x3c,0x66,0xd7,0x00,
    0x3c,0x66,0xd7,0x00,0x3c,0x66,0xd7,0x00,0x3c,0x66,0xd7,0x00,0x3c,0x66,0xd7,0x00,0x3c,0x66,0xd7,0x00,
    0x3c,0x66,0xd7,0x00,0x3c,0x66,0xd7,0x00,0x3c,0x66,0xd7,0x00,0x3c,0x66,0xd7,0x00,0x3c,0x66,0xd7,0x00,
    0x3c,0x66,0xd7,0x00,0x3c,0x66,0xd7,0x00,0x3c,0x66,0xd7,0x00,0x3c,0x66,0xd7,0x00,0x3c,0x66,0xd7,0x00,
    0x3c,0x66,0xd7,0x00,0x3c,0x66,0xd7,0x00,0x3c,0x66,0xd7,0x00,0x3c,0x66,0xd7,0x00,0x3c,0x66,0xd7,0x00,
    0x3c,0x66,0xd7,0x00,0x3c,0x66,0xd7,0x00,0x3c,0x66,0xd7,0x00,0x3c,0x66,0xd7,0x00,0x3c,0x66,0xd7,0x00,
    0x3c,0x66,0xd7,0x00,0x3c,0x66,0xd7,0x00,0x3c,0x66,0xd7,0x00,0x3c,0x66,0xd7,0x00,0x3c,0x66,0xd7,0x00,
    0x3c,0x66,0xd7,0x00,0x3c,0x66,0xd7,0x00,0x3c,0x66,0xd7,0x00,0x3c,0x66,0xd7,0x00,0x3c,0x66,0xd7,0x00,
    0x3c,0x66,0xd7,0x00,0x3c,0x66,0xd7,0x00,0x3c,0x66,0xd7,0x00,0x3c,0x66,0xd7,0x00,0x3c,0x66,0xd7,0x00,
    0x3c,0x66,0xd7,0x00,0x3c,0x66,0xd7,0x00,0x3c,0x66,0xd7,0x00,0x3c,0x66,0xd7,0x00,0x3c,0x66,0xd7,0x00,
    0x3c,0x66,0xd7,0x00,0x3c,0x66,0xd7,0x00,0x3c,0x66,0xd7,0x00,0x3c,0x66,0xd7,0x00,0x3c,0x66,0xd7,0x00,
    0x3c,0x66,0xd7,0x00,0x3c,0x66,0xd7,0x00,0x3c,0x66,0xd7,0x00,0x3c,0x66,0xd7,0x00,0x3c,0x66,0xd7,0x00,
    0x3c,0x66,0xd7,0x00,0x3c,0x66,0xd7,0x00,0x3c,0x66,0xd7,0x00,0x3c,0x66,0xd7,0x00,0x3c,0x66,0xd7,0x00,
    0x3c,0x66,0xd7,0x00,0x3c,0x66,0xd7,0x00,0x3c,0x66,0xd7,0x00,0x3c,0x66,0xd7,0x00,0x3c,0x66,0xd7,0x00,
    0x3c,0x66,0xd7,0x00,0x3c,0x66,0xd7,0x00,0x3c,0x66,0xd7,0x00,0x3c,0x66,0xd7,0x00,0x3c,0x66,0xd7,0x00,
    0x3c,0x66,0xd7,0x00,0x3c,0x66,0xd7,0x00,0x3c,0x66,0xd7,0x00,0x3c,0x66,0xd7,0x00,0x3c,0x66,0xd7,0x00,
    0x3c,0x66,0xd7,0x00,0x3c,0x66,0xd7,0x00,0x3c,0x66,0xd7,0x00,0x3c,0x66,0xd7,0x00,0x3c,0x66,0xd7,0x00,
    0x3c,0x66,0xd7,0x00,0x3c,0x66,0xd7,0x00,0x3c,0x66,0xd7,0x00,0x3c,0x66,0xd7,0x00,0x3c,0x66,0xd7,0x00,
    0x3c,0x66,0xd7,0x00,0x3c,0x66,0xd7,0x00,0x3c,0x66,0xd7,0x00,0x3c,0x66,0xd7,0x00,0x3c,0x66,0xd7,0x00,
    0x3c,0x66,0xd7,0x00,0x3c,0x66,0xd7,0x00,0x3c,0x66,0xd7,0x00,0x3c,0x66,0xd7,0x00,0x3c,0x66,0xd7,0x00,
    0x3c,0x66,0xd7,0x00,0x3c,0x66,0xd7,0x00,0x3c,0x66,0xd7,0x00,0x3c,0x66,0xd7,0x00,0x3c,0x66,0xd7,0x00,
    0x3c,0x66,0xd7,0x00,0x3c,0x66,0xd7,0x00,0x3c,0x66,0xd7,0x00,0x3c,0x66,0xd7,0x00,0x3c,0x66,0xd7,0x00,
    0x3c,0x66,0xd7,0x00,0x3c,0x66,0xd7,0x00,0x3c,0x66,0xd7,0x00,0x3c,0x66,0xd7,0x00,0x3c,0x66,0xd7,0x00,
    0x3c,0x66,0xd7,0x00,0x3c,0x66,0xd7,0x00,0x3c,0x66,0xd7,0x00,0x3c,0x66,0xd7,0x00,0x3c,0x66,0xd7,0x00,
    0x3c,0x66,0xd7,0x00,0x3c,0x66,0xd7,0x01,0x3c,0x66,0xd7,0x00,0x3c,0x66,0xd7,0x26,0x3c,0x66,0xd7,0x41,
    0x3c,0x66,0xd7,0x40,0x3c,0x66,0xd7,0x41,0x3c,0x66,0xd7,0x44,0x3c,0x66,0xd7,0x41,0x3c,0x66,0xd7,0xb0,
    0x3c,0x66,0xd7,0xff,0x3c,0x66,0xd7,0xfc,0x3c,0x66,0xd7,0xff,0x3c,0x66,0xd7,0xff,0x3c,0x66,0xd7,0xff,
    0x3c,0x66,0xd7,0xff,0x3c,0x66,0xd7,0xff,0x3c,0x66,0xd7,0xff,0x3c,0x66,0xd7,0xfd,0x3c,0x66,0xd7,0xff,
    0x3c,0x66,0xd7,0xdb,0x3c,0x66,0xd7,0x45,0x3c,0x66,0xd7,0x42,0x3c,0x66,0xd7,0x42,0x3c,0x66,0xd7,0x41,
    0x3c,0x66,0xd7,0x41,0x3c,0x66,0xd7,0x37,0x3c,0x66,0xd7,0x00,0x3c,0x66,0xd7,0x11,0x3c,0x66,0xd7,0xeb,
    0x3c,0x66,0xd7,0xff,0x3c,0x66,0xd7,0xbd,0x3c,0x66,0xd7,0x00,0x3c,0x66,0xd7,0x02,0x3c,0x66,0xd7,0x00,
    0x3c,0x66,0xd7,0x00,0x3c,0x66,0xd7,0x00,0x3c,0x66,0xd7,0x00,0x3c,0x66,0xd7,0x00,0x3c,0x66,0xd7,0x00,
    0x3c,0x66,0xd7,0x00,0x3c,0x66,0xd7,0x00,0x3c,0x66,0xd7,0x00,0x3c,0x66,0xd7,0x00,0x3c,0x66,0xd7,0x00,
    0x3c,0x66,0xd7,0x00,0x3c,0x66,0xd7,0x00,0x3c,0x66,0xd7,0x00,0x3c,0x66,0xd7,0x00,0x3c,0x66,0xd7,0x00,
    0x3c,0x66,0xd7,0x00,0x3c,0x66,0xd7,0x00,0x3c,0x66,0xd7,0x00,0x3c,0x66,0xd7,0x00,0x3c,0x66,0xd7,0x00,
    0x3c,0x66,0xd7,0x00,0x3c,0x66,0xd7,0x00,0x3c,0x66,0xd7,0x00,0x3c,0x66,0xd7,0x00,0x3c,0x66,0xd7,0x00,
    0x3c,0x66,0xd7,0x01,0x3c,0x66,0xd7,0x00,0x3c,0x66,0xd7,0x10,0x3c,0x66,0xd7,0xea,0x3c,0x66,0xd7,0xff,
    0x3c,0x66,0xd7,0xff,0x3c,0x66,0xd7,0xef,0x3c,0x66,0xd7,0x20,0x3c,0x66,0xd7,0x11,0x3c,0x66,0xd7,0x14,
    0x3c,0x66,0xd7,0x11,0x3c,0x66,0xd7,0xc2,0x3c,0x66,0xd7,0xff,0x3c,0x66,0xd7,0xfa,0x3c,0x66,0xd7,0xfd,
    0x3c,0x66,0xd7,0x2c,0x3c,0x66,0xd7,0x69,0x3c,0x66,0xd7,0xeb,0x3c,0x66,0xd7,0xe9,0x3c,0x66,0xd7,0xfd,
    0x3c,0x66,0xd7,0xff,0x3c,0x66,0xd7,0xfa,0x3c,0x66,0xd7,0xea,0x3c,0x66,0xd7,0xec,0x3c,0x66,0xd7,0x3c,
    0x3c,0x66,0xd7,0x00,0x3c,0x66,0xd7,0x03,0x3c,0x66,0xd7,0x00,0x3c,0x66,0xd7,0x00,0x3c,0x66,0xd7,0x00,
    0x3c,0x66,0xd7,0x00,0x3c,0x66,0xd7,0x00,0x3c,0x66,0xd7,0x00,0x3c,0x66,0xd7,0x00,0x3c,0x66,0xd7,0x00,
    0x3c,0x66,0xd7,0x00,0x3c,0x66,0xd7,0x00,0x3c,0x66,0xd7,0x00,0x3c,0x66,0xd7,0x00,0x3c,0x66,0xd7,0x00,
    0x3c,0x66,0xd7,0x00,0x3c,0x66,0xd7,0x00,0x3c,0x66,0xd7,0x00,0x3c,0x66,0xd7,0x00,0x3c,0x66,0xd7,0x00,
    0x3c,0x66,0xd7,0x00,0x3c,0x66,0xd7,0x00,0x3c,0x66,0xd7,0x00,0x3c,0x66,0xd7,0x00,0x3c,0x66,0xd7,0x00,
    0x3c,0x66,0xd7,0x00,0x3c,0x66,0xd7,0x00,0x3c,0x66,0xd7,0x00,0x3c,0x66,0xd7,0x04,0x3c,0x66,0xd7,0x00,
    0x3c,0x66,0xd7,0x8b,0x3c,0x66,0xd7,0xff,0x3c,0x66,0xd7,0xfb,0x3c,0x66,0xd7,0xff,0x3c,0x66,0xd7,0xff,
    0x3c,0x66,0xd7,0xff,0x3c,0x66,0xd7,0xff,0x3c,0x66,0xd7,0xfc,0x3c,0x66,0xd7,0xff,0x3c,0x66,0xd7,0xc9,
    0x3c,0x66,0xd7,0x00,0x3c,0x66,0xd7,0x02,0x3c,0x66,0xd7,0x00,0x3c,0x66,0xd7,0x00,0x3c,0x66,0xd7,0x00,
    0x3c,0x66,0xd7,0x00,0x3c,0x66,0xd7,0x00,0x3c,0x66,0xd7,0x00,0x3c,0x66,0xd7,0x03,0x3c,0x66,0xd7,0x00,
    0x3c,0x66,0xd7,0x38,0x3c,0x66,0xd7,0xfd,0x3c,0x66,0xd7,0x3f,0x3c,0x66,0xd7,0x00,0x3c,0x66,0xd7,0x03,
    0x3c,0x66,0xd7,0x00,0x3c,0x66,0xd7,0x00,0x3c,0x66,0xd7,0x00,0x3c,0x66,0xd7,0x00,0x3c,0x66,0xd7,0x00,
    0x3c,0x66,0xd7,0x00,0x3c,0x66,0xd7,0x00,0x3c,0x66,0xd7,0x00,0x3c,0x66,0xd7,0x00,0x3c,0x66,0xd7,0x00,
    0x3c,0x66,0xd7,0x00,0x3c,0x66,0xd7,0x00,0x3c,0x66,0xd7,0x00,0x3c,0x66,0xd7,0x00,0x3c,0x66,0xd7,0x00,
    0x3c,0x66,0xd7,0x00,0x3c,0x66,0xd7,0x00,0x3c,0x66,0xd7,0x00,0x3c,0x66,0xd7,0x00,0x3c,0x66,0xd7,0x00,
    0x3c,0x66,0xd7,0x00,0x3c,0x66,0xd7,0x00,0x3c,0x66,0xd7,0x00,0x3c,0x66,0xd7,0x00,0x3c,0x66,0xd7,0x00,
    0x3c,0x66,0xd7,0x00,0x3c,0x66,0xd7,0x00,0x3c,0x66,0xd7,0x00,0x3c,0x66,0xd7,0x00,0x3c,0x66,0xd7,0x00,
    0x3c,0x66,0xd7,0x00,0x3c,0x66,0xd7,0x00,0x3c,0x66,0xd7,0x00,0x3c,0x66,0xd7,0x00,0x3c,0x66,0xd7,0x00,
    0x3c,0x66,0xd7,0x00,0x3c,0x66,0xd7,0x00,0x3c,0x66,0xd7,0x00,0x3c,0x66,0xd7,0x00,0x3c,0x66,0xd7,0x00,
    0x3c,0x66,0xd7,0x00,0x3c,0x66,0xd7,0x00,0x3c,0x66,0xd7,0x00,0x3c,0x66,0xd7,0x00,0x3c,0x66,0xd7,0x00,
    0x3c,0x66,0xd7,0x00,0x3c,0x66,0xd7,0x00,0x3c,0x66,0xd7,0x00,0x3c,0x66,0xd7,0x00,0x3c,0x66,0xd7,0x00,
    0x3c,0x66,0xd7,0x00,0x3c,0x66,0xd7,0x00,0x3c,0x66,0xd7,0x00,0x3c,0x66,0xd7,0x00,0x3c,0x66,0xd7,0x00,
    0x3c,0x66,0xd7,0x00,0x3c,0x66,0xd7,0x00,0x3c,0x66,0xd7,0x00,0x3c,0x66,0xd7,0x00,0x3c,0x66,0xd7,0x00,
    0x3c,0x66,0xd7,0x00,0x3c,0x66,0xd7,0x00,0x3c,0x66,0xd7,0x00,0x3c,0x66,0xd7,0x00,0x3c,0x66,0xd7,0x00,
    0x3c,0x66,0xd7,0x00,0x3c,0x66,0xd7,0x00,0x3c,0x66,0xd7,0x00,0x3c,0x66,0xd7,0x00,0x3c,0x66,0xd7,0x00,
    0x3c,0x66,0xd7,0x00,0x3c,0x66,0xd7,0x00,0x3c,0x66,0xd7,0x00,0x3c,0x66,0xd7,0x00,0x3c,0x66,0xd7,0x00,
    0x3c,0x66,0xd7,0x00,0x3c,0x66,0xd7,0x00,0x3c,0x66,0xd7,0x00,0x3c,0x66,0xd7,0x00,0x3c,0x66,0xd7,0x00,
    0x3c,0x66,0xd7,0x00,0x3c,0x66,0xd7,0x00,0x3c,0x66,0xd7,0x00,0x3c,0x66,0xd7,0x00,0x3c,0x66,0xd7,0x00,
    0x3c,0x66,0xd7,0x00,0x3c,0x66,0xd7,0x00,0x3c,0x66,0xd7,0x00,0x3c,0x66,0xd7,0x00,0x3c,0x66,0xd7,0x00,
    0x3c,0x66,0xd7,0x00,0x3c,0x66,0xd7,0x00,0x3c,0x66,0xd7,0x00,0x3c,0x66,0xd7,0x00,0x3c,0x66,0xd7,0x00,
    0x3c,0x66,0xd7,0x00,0x3c,0x66,0xd7,0x00,0x3c,0x66,0xd7,0x00,0x3c,0x66,0xd7,0x00,0x3c,0x66,0xd7,0x00,
    0x3c,0x66,0xd7,0x00,0x3c,0x66,0xd7,0x00,0x3c,0x66,0xd7,0x00,0x3c,0x66,0xd7,0x00,0x3c,0x66,0xd7,0x00,
    0x3c,0x66,0xd7,0x00,0x3c,0x66,0xd7,0x00,0x3c,0x66,0xd7,0x00,0x3c,0x66,0xd7,0x00,0x3c,0x66,0xd7,0x00,
    0x3c,0x66,0xd7,0x00,0x3c,0x66,0xd7,0x00,0x3c,0x66,0xd7,0x00,0x3c,0x66,0xd7,0x00,0x3c,0x66,0xd7,0x00,
    0x3c,0x66,0xd7,0x00,0x3c,0x66,0xd7,0x00,0x3c,0x66,0xd7,0x00,0x3c,0x66,0xd7,0x00,0x3c,0x66,0xd7,0x00,
    0x3c,0x66,0xd7,0x00,0x3c,0x66,0xd7,0x00,0x3c,0x66,0xd7,0x00,0x3c,0x66,0xd7,0x00,0x3c,0x66,0xd7,0x00,
    0x3c,0x66,0xd7,0x00,0x3c,0x66,0xd7,0x00,0x3c,0x66,0xd7,0x00,0x3c,0x66,0xd7,0x00,0x3c,0x66,0xd7,0x00,
    0x3c,0x66,0xd7,0x00,0x3c,0x66,0xd7,0x00,0x3c,0x66,0xd7,0x00,0x3c,0x66,0xd7,0x00,0x3c,0x66,0xd7,0x00,
    0x3c,0x66,0xd7,0x00,0x3c,0x66,0xd7,0x00,0x3c,0x66,0xd7,0x00,0x3c,0x66,0xd7,0x00,0x3c,0x66,0xd7,0x00,
    0x3c,0x66,0xd7,0x00,0x3c,0x66,0xd7,0x00,0x3c,0x66,0xd7,0x00,0x3c,0x66,0xd7,0x00,0x3c,0x66,0xd7,0x00,
    0x3c,0x66,0xd7,0x00,0x3c,0x66,0xd7,0x00,0x3c,0x66,0xd7,0x00,0x3c,0x66,0xd7,0x00,0x3c,0x66,0xd7,0x00,
    0x3c,0x66,0xd7,0x00,0x3c,0x66,0xd7,0x00,0x3c,0x66,0xd7,0x00,0x3c,0x66,0xd7,0x00,0x3c,0x66,0xd7,0x00,
    0x3c,0x66,0xd7,0x00,0x3c,0x66,0xd7,0x00,0x3c,0x66,0xd7,0x00,0x3c,0x66,0xd7,0x00,0x3c,0x66,0xd7,0x00,
    0x3c,0x66,0xd7,0x00,0x3c,0x66,0xd7,0x00,0x3c,0x66,0xd7,0x00,0x3c,0x66,0xd7,0x00,0x3c,0x66,0xd7,0x00,
    0x3c,0x66,0xd7,0x00,0x3c,0x66,0xd7,0x00,0x3c,0x66,0xd7,0x00,0x3c,0x66,0xd7,0x00,0x3c,0x66,0xd7,0xbd,
    0x3c,0x66,0xd7,0xff,0x3c,0x66,0xd7,0xfc,0x3c,0x66,0xd7,0xff,0x3c,0x66,0xd7,0xff,0x3c,0x66,0xd7,0xff,
    0x3c,0x66,0xd7,0xff,0x3c,0x66,0xd7,0xff,0x3c,0x66,0xd7,0xff,0x3c,0x66,0xd7,0xfe,0x3c,0x66,0xd7,0xff,
    0x3c,0x66,0xd7,0xee,0x3c,0x66,0xd7,0x08,0x3c,0x66,0xd7,0x00,0x3c,0x66,0xd7,0x00,0x3c,0x66,0xd7,0x00,
    0x3c,0x66,0xd7,0x00,0x3c,0x66,0xd7,0x00,0x3c,0x66,0xd7,0x00,0x3c,0x66,0xd7,0x11,0x3c,0x66,0xd7,0xeb,
    0x3c,0x66,0xd7,0xff,0x3c,0x66,0xd7,0xbd,0x3c,0x66,0xd7,0x00,0x3c,0x66,0xd7,0x02,0x3c,0x66,0xd7,0x00,
    0x3c,0x66,0xd7,0x00,0x3c,0x66,0xd7,0x00,0x3c,0x66,0xd7,0x00,0x3c,0x66,0xd7,0x00,0x3c,0x66,0xd7,0x00,
    0x3c,0x66,0xd7,0x00,0x3c,0x66,0xd7,0x00,0x3c,0x66,0xd7,0x00,0x3c,0x66,0xd7,0x00,0x3c,0x66,0xd7,0x00,
    0x3c,0x66,0xd7,0x00,0x3c,0x66,0xd7,0x00,0x3c,0x66,0xd7,0x00,0x3c,0x66,0xd7,0x00,0x3c,0x66,0xd7,0x00,
    0x3c,0x66,0xd7,0x00,0x3c,0x66,0xd7,0x00,0x3c,0x66,0xd7,0x00,0x3c,0x66,0xd7,0x00,0x3c,0x66,0xd7,0x00,
    0x3c,0x66,0xd7,0x00,0x3c,0x66,0xd7,0x00,0x3c,0x66,0xd7,0x00,0x3c,0x66,0xd7,0x00,0x3c,0x66,0xd7,0x00,
    0x3c,0x66,0xd7,0x01,0x3c,0x66,0xd7,0x00,0x3c,0x66,0xd7,0x12,0x3c,0x66,0xd7,0xef,0x3c,0x66,0xd7,0xff,
    0x3c,0x66,0xd7,0xff,0x3c,0x66,0xd7,0xee,0x3c,0x66,0xd7,0x0d,0x3c,0x66,0xd7,0x00,0x3c,0x66,0xd7,0x00,
    0x3c,0x66,0xd7,0x00,0x3c,0x66,0xd7,0xbd,0x3c,0x66,0xd7,0xff,0x3c,0x66,0xd7,0xfa,0x3c,0x66,0xd7,0xff,
    0x3c,0x66,0xd7,0x2f,0x3c,0x66,0xd7,0x7a,0x3c,0x66,0xd7,0xff,0x3c,0x66,0xd7,0xff,0x3c,0x66,0xd7,0xff,
    0x3c,0x66,0xd7,0xff,0x3c,0x66,0xd7,0xff,0x3c,0x66,0xd7,0xff,0x3c,0x66,0xd7,0xff,0x3c,0x66,0xd7,0x46,
    0x3c,0x66,0xd7,0x00,0x3c,0x66,0xd7,0x03,0x3c,0x66,0xd7,0x00,0x3c,0x66,0xd7,0x00,0x3c,0x66,0xd7,0x00,
    0x3c,0x66,0xd7,0x00,0x3c,0x66,0xd7,0x00,0x3c,0x66,0xd7,0x00,0x3c,0x66,0xd7,0x00,0x3c,0x66,0xd7,0x00,
    0x3c,0x66,0xd7,0x00,0x3c,0x66,0xd7,0x00,0x3c,0x66,0xd7,0x00,0x3c,0x66,0xd7,0x00,0x3c,0x66,0xd7,0x00,
    0x3c,0x66,0xd7,0x00,0x3c,0x66,0xd7,0x00,0x3c,0x66,0xd7,0x00,0x3c,0x66,0xd7,0x00,0x3c,0x66,0xd7,0x00,
    0x3c,0x66,0xd7,0x00,0x3c,0x66,0xd7,0x00,0x3c,0x66,0xd7,0x00,0x3c,0x66,0xd7,0x00,0x3c,0x66,0xd7,0x00,
    0x3c,0x66,0xd7,0x00,0x3c,0x66,0xd7,0x00,0x3c,0x66,0xd7,0x01,0x3c,0x66,0xd7,0x01,0x3c,0x66,0xd7,0x09,
    0x3c,0x66,0xd7,0xda,0x3c,0x66,0xd7,0xff,0x3c,0x66,0xd7,0xfd,0x3c,0x66,0xd7,0xff,0x3c,0x66,0xd7,0xff,
    0x3c,0x66,0xd7,0xff,0x3c,0x66,0xd7,0xff,0x3c,0x66,0xd7,0xff,0x3c,0x66,0xd7,0xfe,0x3c,0x66,0xd7,0xf9,
    0x3c,0x66,0xd7,0x2b,0x3c,0x66,0xd7,0x00,0x3c,0x66,0xd7,0x02,0x3c,0x66,0xd7,0x00,0x3c,0x66,0xd7,0x00,
    0x3c,0x66,0xd7,0x00,0x3c,0x66,0xd7,0x00,0x3c,0x66,0xd7,0x00,0x3c,0x66,0xd7,0x01,0x3c,0x66,0xd7,0x00,
    0x3c,0x66,0xd7,0x11,0x3c,0x66,0xd7,0xfe,0x3c,0x66,0xd7,0x74,0x3c,0x66,0xd7,0x00,0x3c,0x66,0xd7,0x04,
    0x3c,0x66,0xd7,0x00,0x3c,0x66,0xd7,0x00,0x3c,0x66,0xd7,0x00,0x3c,0x66,0xd7,0x00,0x3c,0x66,0xd7,0x00,
    0x3c,0x66,0xd7,0x00,0x3c,0x66,0xd7,0x00,0x3c,0x66,0xd7,0x00,0x3c,0x66,0xd7,0x00,0x3c,0x66,0xd7,0x00,
    0x3c,0x66,0xd7,0x00,0x3c,0x66,0xd7,0x00,0x3c,0x66,0xd7,0x00,0x3c,0x66,0xd7,0x00,0x3c,0x66,0xd7,0x00,
    0x3c,0x66,0xd7,0x00,0x3c,0x66,0xd7,0x00,0x3c,0x66,0xd7,0x00,0x3c,0x66,0xd7,0x00,0x3c,0x66,0xd7,0x00,
    0x3c,0x66,0xd7,0x00,0x3c,0x66,0xd7,0x00,0x3c,0x66,0xd7,0x00,0x3c,0x66,0xd7,0x00,0x3c,0x66,0xd7,0x00,
    0x3c,0x66,0xd7,0x00,0x3c,0x66,0xd7,0x00,0x3c,0x66,0xd7,0x00,0x3c,0x66,0xd7,0x00,0x3c,0x66,0xd7,0x00,
    0x3c,0x66,0xd7,0x00,0x3c,0x66,0xd7,0x00,0x3c,0x66,0xd7,0x00,0x3c,0x66,0xd7,0x00,0x3c,0x66,0xd7,0x00,
    0x3c,0x66,0xd7,0x00,0x3c,0x66,0xd7,0x00,0x3c,0x66,0xd7,0x00,0x3c,0x66,0xd7,0x00,0x3c,0x66,0xd7,0x00,
    0x3c,0x66,0xd7,0x00,0x3c,0x66,0xd7,0x00,0x3c,0x66,0xd7,0x00,0x3c,0x66,0xd7,0x00,0x3c,0x66,0xd7,0x00,
    0x3c,0x66,0xd7,0x00,0x3c,0x66,0xd7,0x00,0x3c,0x66,0xd7,0x00,0x3c,0x66,0xd7,0x00,0x3c,0x66,0xd7,0x00,
    0x3c,0x66,0xd7,0x00,0x3c,0x66,0xd7,0x00,0x3c,0x66,0xd7,0x00,0x3c,0x66,0xd7,0x00,0x3c,0x66,0xd7,0x00,
    0x3c,0x66,0xd7,0x00,0x3c,0x66,0xd7,0x00,0x3c,0x66,0xd7,0x00,0x3c,0x66,0xd7,0x00,0x3c,0x66,0xd7,0x00,
    0x3c,0x66,0xd7,0x00,0x3c,0x66,0xd7,0x00,0x3c,0x66,0xd7,0x00,0x3c,0x66,0xd7,0x00,0x3c,0x66,0xd7,0x00,
    0x3c,0x66,0xd7,0x00,0x3c,0x66,0xd7,0x00,0x3c,0x66,0xd7,0x00,0x3c,0x66,0xd7,0x00,0x3c,0x66,0xd7,0x00,
    0x3c,0x66,0xd7,0x00,0x3c,0x66,0xd7,0x00,0x3c,0x66,0xd7,0x00,0x3c,0x66,0xd7,0x00,0x3c,0x66,0xd7,0x00,
    0x3c,0x66,0xd7,0x00,0x3c,0x66,0xd7,0x00,0x3c,0x66,0xd7,0x00,0x3c,0x66,0xd7,0x00,0x3c,0x66,0xd7,0x00,
    0x3c,0x66,0xd7,0x00,0x3c,0x66,0xd7,0x00,0x3c,0x66,0xd7,0x00,0x3c,0x66,0xd7,0x00,0x3c,0x66,0xd7,0x00,
    0x3c,0x66,0xd7,0x00,0x3c,0x66,0xd7,0x00,0x3c,0x66,0xd7,0x00,0x3c,0x66,0xd7,0x00,0x3c,0x66,0xd7,0x00,
    0x3c,0x66,0xd7,0x00,0x3c,0x66,0xd7,0x00,0x3c,0x66,0xd7,0x00,0x3c,0x66,0xd7,0x00,0x3c,0x66,0xd7,0x00,
    0x3c,0x66,0xd7,0x00,0x3c,0x66,0xd7,0x00,0x3c,0x66,0xd7,0x00,0x3c,0x66,0xd7,0x00,0x3c,0x66,0xd7,0x00,
    0x3c,0x66,0xd7,0x00,0x3c,0x66,0xd7,0x00,0x3c,0x66,0xd7,0x00,0x3c,0x66,0xd7,0x00,0x3c,0x66,0xd7,0x00,
    0x3c,0x66,0xd7,0x00,0x3c,0x66,0xd7,0x00,0x3c,0x66,0xd7,0x00,0x3c,0x66,0xd7,0x00,0x3c,0x66,0xd7,0x00,
    0x3c,0x66,0xd7,0x00,0x3c,0x66,0xd7,0x00,0x3c,0x66,0xd7,0x00,0x3c,0x66,0xd7,0x00,0x3c,0x66,0xd7,0x00,
    0x3c,0x66,0xd7,0x00,0x3c,0x66,0xd7,0x00,0x3c,0x66,0xd7,0x00,0x3c,0x66,0xd7,0x00,0x3c,0x66,0xd7,0x00,
    0x3c,0x66,0xd7,0x00,0x3c,0x66,0xd7,0x00,0x3c,0x66,0xd7,0x00,0x3c,0x66,0xd7,0x00,0x3c,0x66,0xd7,0x00,
    0x3c,0x66,0xd7,0x00,0x3c,0x66,0xd7,0x00,0x3c,0x66,0xd7,0x00,0x3c,0x66,0xd7,0x00,0x3c,0x66,0xd7,0x00,
    0x3c,0x66,0xd7,0x00,0x3c,0x66,0xd7,0x00,0x3c,0x66,0xd7,0x00,0x3c,0x66,0xd7,0x00,0x3c,0x66,0xd7,0x00,
    0x3c,0x66,0xd7,0x00,0x3c,0x66,0xd7,0x00,0x3c,0x66,0xd7,0x00,0x3c,0x66,0xd7,0x00,0x3c,0x66,0xd7,0x00,
    0x3c,0x66,0xd7,0x00,0x3c,0x66,0xd7,0x00,0x3c,0x66,0xd7,0x00,0x3c,0x66,0xd7,0x00,0x3c,0x66,0xd7,0x00,
    0x3c,0x66,0xd7,0x00,0x3c,0x66,0xd7,0x00,0x3c,0x66,0xd7,0x00,0x3c,0x66,0xd7,0x00,0x3c,0x66,0xd7,0x00,
    0x3c,0x66,0xd7,0x00,0x3c,0x66,0xd7,0x00,0x3c,0x66,0xd7,0x00,0x3c,0x66,0xd7,0x00,0x3c,0x66,0xd7,0x00,
    0x3c,0x66,0xd7,0x00,0x3c,0x66,0xd7,0x00,0x3c,0x66,0xd7,0x00,0x3c,0x66,0xd7,0x00,0x3c,0x66,0xd7,0x00,
    0x3c,0x66,0xd7,0x00,0x3c,0x66,0xd7,0x00,0x3c,0x66,0xd7,0x00,0x3c,0x66,0xd7,0x02,0x3c,0x66,0xd7,0x03,
    0x3c,0x66,0xd7,0x03,0x3c,0x66,0xd7,0x04,0x3c,0x66,0xd7,0x03,0x3c,0x66,0xd7,0x12,0x3c,0x66,0xd7,0xeb,
    0x3c,0x66,0xd7,0xff,0x3c,0x66,0xd7,0xfe,0x3c,0x66,0xd7,0xff,0x3c,0x66,0xd7,0xff,0x3c,0x66,0xd7,0xff,
    0x3c,0x66,0xd7,0xff,0x3c,0x66,0xd7,0xff,0x3c,0x66,0xd7,0xff,0x3c,0x66,0xd7,0xff,0x3c,0x66,0xd7,0xfd,
    0x3c,0x66,0xd7,0xfe,0x3c,0x66,0xd7,0x3f,0x3c,0x66,0xd7,0x03,0x3c,0x66,0xd7,0x06,0x3c,0x66,0xd7,0x03,
    0x3c,0x66,0xd7,0x03,0x3c,0x66,0xd7,0x03,0x3c,0x66,0xd7,0x00,0x3c,0x66,0xd7,0x11,0x3c,0x66,0xd7,0xeb,
    0x3c,0x66,0xd7,0xff,0x3c,0x66,0xd7,0xbd,0x3c,0x66,0xd7,0x00,0x3c,0x66,0xd7,0x02,0x3c,0x66,0xd7,0x00,
    0x3c,0x66,0xd7,0x00,0x3c,0x66,0xd7,0x00,0x3c,0x66,0xd7,0x00,0x3c,0x66,0xd7,0x00,0x3c,0x66,0xd7,0x00,
    0x3c,0x66,0xd7,0x00,0x3c,0x66,0xd7,0x00,0x3c,0x66,0xd7,0x00,0x3c,0x66,0xd7,0x00,0x3c,0x66,0xd7,0x00,
    0x3c,0x66,0xd7,0x00,0x3c,0x66,0xd7,0x00,0x3c,0x66,0xd7,0x00,0x3c,0x66,0xd7,0x00,0x3c,0x66,0xd7,0x00,
    0x3c,0x66,0xd7,0x00,0x3c,0x66,0xd7,0x00,0x3c,0x66,0xd7,0x00,0x3c,0x66,0xd7,0x00,0x3c,0x66,0xd7,0x00,
    0x3c,0x66,0xd7,0x00,0x3c,0x66,0xd7,0x00,0x3c,0x66,0xd7,0x00,0x3c,0x66,0xd7,0x00,0x3c,0x66,0xd7,0x00,
    0x3c,0x66,0xd7,0x00,0x3c,0x66,0xd7,0x01,0x3c,0x66,0xd7,0x04,0x3c,0x66,0xd7,0xd0,0x3c,0x66,0xd7,0xfe,
    0x3c,0x66,0xd7,0xff,0x3c,0x66,0xd7,0xee,0x3c,0x66,0xd7,0x15,0x3c,0x66,0xd7,0x04,0x3c,0x66,0xd7,0x08,
    0x3c,0x66,0xd7,0x04,0x3c,0x66,0xd7,0xbf,0x3c,0x66,0xd7,0xff,0x3c,0x66,0xd7,0xfd,0x3c,0x66,0xd7,0xf9,
    0x3c,0x66,0xd7,0x11,0x3c,0x66,0xd7,0x58,0x3c,0x66,0xd7,0xbd,0x3c,0x66,0xd7,0xbe,0x3c,0x66,0xd7,0xfa,
    0x3c,0x66,0xd7,0xff,0x3c,0x66,0xd7,0xee,0x3c,0x66,0xd7,0xbb,0x3c,0x66,0xd7,0xbd,0x3c,0x66,0xd7,0x30,
    0x3c,0x66,0xd7,0x00,0x3c,0x66,0xd7,0x02,0x3c,0x66,0xd7,0x00,0x3c,0x66,0xd7,0x00,0x3c,0x66,0xd7,0x00,
    0x3c,0x66,0xd7,0x00,0x3c,0x66,0xd7,0x00,0x3c,0x66,0xd7,0x00,0x3c,0x66,0xd7,0x00,0x3c,0x66,0xd7,0x00,
    0x3c,0x66,0xd7,0x00,0x3c,0x66,0xd7,0x00,0x3c,0x66,0xd7,0x00,0x3c,0x66,0xd7,0x00,0x3c,0x66,0xd7,0x00,
    0x3c,0x66,0xd7,0x00,0x3c,0x66,0xd7,0x00,0x3c,0x66,0xd7,0x00,0x3c,0x66,0xd7,0x00,0x3c,0x66,0xd7,0x00,
    0x3c,0x66,0xd7,0x00,0x3c,0x66,0xd7,0x00,0x3c,0x66,0xd7,0x00,0x3c,0x66,0xd7,0x00,0x3c,0x66,0xd7,0x00,
    0x3c,0x66,0xd7,0x00,0x3c,0x66,0xd7,0x00,0x3c,0x66,0xd7,0x03,0x3c,0x66,0xd7,0x00,0x3c,0x66,0xd7,0x4c,
    0x3c,0x66,0xd7,0xff,0x3c,0x66,0xd7,0xfd,0x3c,0x66,0xd7,0xff,0x3c,0x66,0xd7,0xff,0x3c,0x66,0xd7,0xff,
    0x3c,0x66,0xd7,0xff,0x3c,0x66,0xd7,0xff,0x3c,0x66,0xd7,0xff,0x3c,0x66,0xd7,0xfb,0x3c,0x66,0xd7,0xff,
    0x3c,0x66,0xd7,0x8d,0x3c,0x66,0xd7,0x00,0x3c,0x66,0xd7,0x04,0x3c,0x66,0xd7,0x00,0x3c,0x66,0xd7,0x00,
    0x3c,0x66,0xd7,0x00,0x3c,0x66,0xd7,0x00,0x3c,0x66,0xd7,0x00,0x3c,0x66,0xd7,0x01,0x3c,0x66,0xd7,0x00,
    0x3c,0x66,0xd7,0x0c,0x3c,0x66,0xd7,0xff,0x3c,0x66,0xd7,0x84,0x3c,0x66,0xd7,0x00,0x3c,0x66,0xd7,0x04,
    0x3c,0x66,0xd7,0x00,0x3c,0x66,0xd7,0x00,0x3c,0x66,0xd7,0x00,0x3c,0x66,0xd7,0x00,0x3c,0x66,0xd7,0x00,
    0x3c,0x66,0xd7,0x00,0x3c,0x66,0xd7,0x00,0x3c,0x66,0xd7,0x00,0x3c,0x66,0xd7,0x00,0x3c,0x66,0xd7,0x00,
    0x3c,0x66,0xd7,0x00,0x3c,0x66,0xd7,0x00,0x3c,0x66,0xd7,0x00,0x3c,0x66,0xd7,0x00,0x3c,0x66,0xd7,0x00,
    0x3c,0x66,0xd7,0x00,0x3c,0x66,0xd7,0x00,0x3c,0x66,0xd7,0x00,0x3c,0x66,0xd7,0x00,0x3c,0x66,0xd7,0x00,
    0x3c,0x66,0xd7,0x00,0x3c,0x66,0xd7,0x00,0x3c,0x66,0xd7,0x00,0x3c,0x66,0xd7,0x00,0x3c,0x66,0xd7,0x00,
    0x3c,0x66,0xd7,0x00,0x3c,0x66,0xd7,0x00,0x3c,0x66,0xd7,0x00,0x3c,0x66,0xd7,0x00,0x3c,0x66,0xd7,0x00,
    0x3c,0x66,0xd7,0x00,0x3c,0x66,0xd7,0x00,0x3c,0x66,0xd7,0x00,0x3c,0x66,0xd7,0x00,0x3c,0x66,0xd7,0x00,
    0x3c,0x66,0xd7,0x00,0x3c,0x66,0xd7,0x00,0x3c,0x66,0xd7,0x00,0x3c,0x66,0xd7,0x00,0x3c,0x66,0xd7,0x00,
    0x3c,0x66,0xd7,0x00,0x3c,0x66,0xd7,0x00,0x3c,0x66,0xd7,0x00,0x3c,0x66,0xd7,0x00,0x3c,0x66,0xd7,0x00,
    0x3c,0x66,0xd7,0x00,0x3c,0x66,0xd7,0x00,0x3c,0x66,0xd7,0x00,0x3c,0x66,0xd7,0x00,0x3c,0x66,0xd7,0x00,
    0x3c,0x66,0xd7,0x00,0x3c,0x66,0xd7,0x00,0x3c,0x66,0xd7,0x00,0x3c,0x66,0xd7,0x00,0x3c,0x66,0xd7,0x00,
    0x3c,0x66,0xd7,0x00,0x3c,0x66,0xd7,0x00,0x3c,0x66,0xd7,0x00,0x3c,0x66,0xd7,0x00,0x3c,0x66,0xd7,0x00,
    0x3c,0x66,0xd7,0x00,0x3c,0x66,0xd7,0x00,0x3c,0x66,0xd7,0x00,0x3c,0x66,0xd7,0x00,0x3c,0x66,0xd7,0x00,
    0x3c,0x66,0xd7,0x00,0x3c,0x66,0xd7,0x00,0x3c,0x66,0xd7,0x00,0x3c,0x66,0xd7,0x00,0x3c,0x66,0xd7,0x00,
    0x3c,0x66,0xd7,0x00,0x3c,0x66,0xd7,0x00,0x3c,0x66,0xd7,0x00,0x3c,0x66,0xd7,0x00,0x3c,0x66,0xd7,0x00,
    0x3c,0x66,0xd7,0x00,0x3c,0x66,0xd7,0x00,0x3c,0x66,0xd7,0x00,0x3c,0x66,0xd7,0x00,0x3c,0x66,0xd7,0x00,
    0x3c,0x66,0xd7,0x00,0x3c,0x66,0xd7,0x00,0x3c,0x66,0xd7,0x00,0x3c,0x66,0xd7,0x00,0x3c,0x66,0xd7,0x00,
    0x3c,0x66,0xd7,0x00,0x3c,0x66,0xd7,0x00,0x3c,0x66,0xd7,0x00,0x3c,0x66,0xd7,0x00,0x3c,0x66,0xd7,0x00,
    0x3c,0x66,0xd7,0x00,0x3c,0x66,0xd7,0x00,0x3c,0x66,0xd7,0x00,0x3c,0x66,0xd7,0x00,0x3c,0x66,0xd7,0x00,
    0x3c,0x66,0xd7,0x00,0x3c,0x66,0xd7,0x00,0x3c,0x66,0xd7,0x00,0x3c,0x66,0xd7,0x00,0x3c,0x66,0xd7,0x00,
    0x3c,0x66,0xd7,0x00,0x3c,0x66,0xd7,0x00,0x3c,0x66,0xd7,0x00,0x3c,0x66,0xd7,0x00,0x3c,0x66,0xd7,0x00,
    0x3c,0x66,0xd7,0x00,0x3c,0x66,0xd7,0x00,0x3c,0x66,0xd7,0x00,0x3c,0x66,0xd7,0x00,0x3c,0x66,0xd7,0x00,
    0x3c,0x66,0xd7,0x00,0x3c,0x66,0xd7,0x00,0x3c,0x66,0xd7,0x00,0x3c,0x66,0xd7,0x00,0x3c,0x66,0xd7,0x00,
    0x3c,0x66,0xd7,0x00,0x3c,0x66,0xd7,0x00,0x3c,0x66,0xd7,0x00,0x3c,0x66,0xd7,0x00,0x3c,0x66,0xd7,0x00,
    0x3c,0x66,0xd7,0x00,0x3c,0x66,0xd7,0x00,0x3c,0x66,0xd7,0x00,0x3c,0x66,0xd7,0x00,0x3c,0x66,0xd7,0x00,
    0x3c,0x66,0xd7,0x00,0x3c,0x66,0xd7,0x00,0x3c,0x66,0xd7,0x00,0x3c,0x66,0xd7,0x00,0x3c,0x66,0xd7,0x00,
    0x3c,0x66,0xd7,0x00,0x3c,0x66,0xd7,0x00,0x3c,0x66,0xd7,0x00,0x3c,0x66,0xd7,0x00,0x3c,0x66,0xd7,0x00,
    0x3c,0x66,0xd7,0x00,0x3c,0x66,0xd7,0x00,0x3c,0x66,0xd7,0x00,0x3c,0x66,0xd7,0x00,0x3c,0x66,0xd7,0x00,
    0x3c,0x66,0xd7,0x00,0x3c,0x66,0xd7,0x00,0x3c,0x66,0xd7,0x00,0x3c,0x66,0xd7,0x00,0x3c,0x66,0xd7,0x00,
    0x3c,0x66,0xd7,0x00,0x3c,0x66,0xd7,0x00,0x3c,0x66,0xd7,0x00,0x3c,0x66,0xd7,0x00,0x3c,0x66,0xd7,0x00,
    0x3c,0x66,0xd7,0x00,0x3c,0x66,0xd7,0x00,0x3c,0x66,0xd7,0x00,0x3c,0x66,0xd7,0x00,0x3c,0x66,0xd7,0x00,
    0x3c,0x66,0xd7,0x00,0x3c,0x66,0xd7,0x00,0x3c,0x66,0xd7,0x00,0x3c,0x66,0xd7,0x00,0x3c,0x66,0xd7,0x00,
    0x3c,0x66,0xd7,0x00,0x3c,0x66,0xd7,0x00,0x3c,0x66,0xd7,0x00,0x3c,0x66,0xd7,0x00,0x3c,0x66,0xd7,0x00,
    0x3c,0x66,0xd7,0x00,0x3c,0x66,0xd7,0x02,0x3c,0x66,0xd7,0x00,0x3c,0x66,0xd7,0x31,0x3c,0x66,0xd7,0xfb,
    0x3c,0x66,0xd7,0xfe,0x3c,0x66,0xd7,0xff,0x3c,0x66,0xd7,0xff,0x3c,0x66,0xd7,0xff,0x3c,0x66,0xd7,0xff,
    0x3c,0x66,0xd7,0xff,0x3c,0x66,0xd7,0xff,0x3c,0x66,0xd7,0xff,0x3c,0x66,0xd7,0xff,0x3c,0x66,0xd7,0xfb,
    0x3c,0x66,0xd7,0xff,0x3c,0x66,0xd7,0x6d,0x3c,0x66,0xd7,0x00,0x3c,0x66,0xd7,0x04,0x3c,0x66,0xd7,0x00,
    0x3c,0x66,0xd7,0x00,0x3c,0x66,0xd7,0x01,0x3c,0x66,0xd7,0x00,0x3c,0x66,0xd7,0x11,0x3c,0x66,0xd7,0xeb,
    0x3c,0x66,0xd7,0xff,0x3c,0x66,0xd7,0xbd,0x3c,0x66,0xd7,0x00,0x3c,0x66,0xd7,0x02,0x3c,0x66,0xd7,0x00,
    0x3c,0x66,0xd7,0x00,0x3c,0x66,0xd7,0x00,0x3c,0x66,0xd7,0x00,0x3c,0x66,0xd7,0x00,0x3c,0x66,0xd7,0x00,
    0x3c,0x66,0xd7,0x00,0x3c,0x66,0xd7,0x00,0x3c,0x66,0xd7,0x00,0x3c,0x66,0xd7,0x00,0x3c,0x66,0xd7,0x00,
    0x3c,0x66,0xd7,0x00,0x3c,0x66,0xd7,0x00,0x3c,0x66,0xd7,0x00,0x3c,0x66,0xd7,0x00,0x3c,0x66,0xd7,0x00,
    0x3c,0x66,0xd7,0x00,0x3c,0x66,0xd7,0x00,0x3c,0x66,0xd7,0x00,0x3c,0x66,0xd7,0x00,0x3c,0x66,0xd7,0x00,
    0x3c,0x66,0xd7,0x00,0x3c,0x66,0xd7,0x00,0x3c,0x66,0xd7,0x00,0x3c,0x66,0xd7,0x00,0x3c,0x66,0xd7,0x00,
    0x3c,0x66,0xd7,0x00,0x3c,0x66,0xd7,0x04,0x3c,0x66,0xd7,0x01,0x3c,0x66,0xd7,0x85,0x3c,0x66,0xd7,0xff,
    0x3c,0x66,0xd7,0xff,0x3c,0x66,0xd7,0xed,0x3c,0x66,0xd7,0x04,0x3c,0x66,0xd7,0x00,0x3c,0x66,0xd7,0x00,
    0x3c,0x66,0xd7,0x00,0x3c,0x66,0xd7,0xbb,0x3c,0x66,0xd7,0xff,0x3c,0x66,0xd7,0xff,0x3c,0x66,0xd7,0xc5,
    0x3c,0x66,0xd7,0x06,0x3c,0x66,0xd7,0x00,0x3c,0x66,0xd7,0x00,0x3c,0x66,0xd7,0x06,0x3c,0x66,0xd7,0xea,
    0x3c,0x66,0xd7,0xff,0x3c,0x66,0xd7,0xba,0x3c,0x66,0xd7,0x00,0x3c,0x66,0xd7,0x00,0x3c,0x66,0xd7,0x00,
    0x3c,0x66,0xd7,0x00,0x3c,0x66,0xd7,0x00,0x3c,0x66,0xd7,0x00,0x3c,0x66,0xd7,0x00,0x3c,0x66,0xd7,0x00,
    0x3c,0x66,0xd7,0x00,0x3c,0x66,0xd7,0x00,0x3c,0x66,0xd7,0x00,0x3c,0x66,0xd7,0x00,0x3c,0x66,0xd7,0x00,
    0x3c,0x66,0xd7,0x00,0x3c,0x66,0xd7,0x00,0x3c,0x66,0xd7,0x00,0x3c,0x66,0xd7,0x00,0x3c,0x66,0xd7,0x00,
    0x3c,0x66,0xd7,0x00,0x3c,0x66,0xd7,0x00,0x3c,0x66,0xd7,0x00,0x3c,0x66,0xd7,0x00,0x3c,0x66,0xd7,0x00,
    0x3c,0x66,0xd7,0x00,0x3c,0x66,0xd7,0x00,0x3c,0x66,0xd7,0x00,0x3c,0x66,0xd7,0x00,0x3c,0x66,0xd7,0x00,
    0x3c,0x66,0xd7,0x00,0x3c,0x66,0xd7,0x00,0x3c,0x66,0xd7,0x02,0x3c,0x66,0xd7,0x00,0x3c,0x66,0xd7,0xb3,
    0x3c,0x66,0xd7,0xff,0x3c,0x66,0xd7,0xfc,0x3c,0x66,0xd7,0xff,0x3c,0x66,0xd7,0xff,0x3c,0x66,0xd7,0xff,
    0x3c,0x66,0xd7,0xff,0x3c,0x66,0xd7,0xff,0x3c,0x66,0xd7,0xff,0x3c,0x66,0xd7,0xfe,0x3c,0x66,0xd7,0xff,
    0x3c,0x66,0xd7,0xe6,0x3c,0x66,0xd7,0x0b,0x3c,0x66,0xd7,0x00,0x3c,0x66,0xd7,0x01,0x3c,0x66,0xd7,0x00,
    0x3c,0x66,0xd7,0x00,0x3c,0x66,0xd7,0x00,0x3c,0x66,0xd7,0x00,0x3c,0x66,0xd7,0x00,0x3c,0x66,0xd7,0x01,
    0x3c,0x66,0xd7,0x03,0x3c,0x66,0xd7,0xd8,0x3c,0x66,0xd7,0xb8,0x3c,0x66,0xd7,0x00,0x3c,0x66,0xd7,0x03,
    0x3c,0x66,0xd7,0x00,0x3c,0x66,0xd7,0x00,0x3c,0x66,0xd7,0x00,0x3c,0x66,0xd7,0x00,0x3c,0x66,0xd7,0x00,
    0x3c,0x66,0xd7,0x00,0x3c,0x66,0xd7,0x00,0x3c,0x66,0xd7,0x00,0x3c,0x66,0xd7,0x00,0x3c,0x66,0xd7,0x00,
    0x3c,0x66,0xd7,0x00,0x3c,0x66,0xd7,0x00,0x3c,0x66,0xd7,0x00,0x3c,0x66,0xd7,0x00,0x3c,0x66,0xd7,0x00,
    0x3c,0x66,0xd7,0x00,0x3c,0x66,0xd7,0x00,0x3c,0x66,0xd7,0x00,0x3c,0x66,0xd7,0x00,0x3c,0x66,0xd7,0x00,
    0x3c,0x66,0xd7,0x00,0x3c,0x66,0xd7,0x00,0x3c,0x66,0xd7,0x00,0x3c,0x66,0xd7,0x00,0x3c,0x66,0xd7,0x00,
    0x3c,0x66,0xd7,0x00,0x3c,0x66,0xd7,0x00,0x3c,0x66,0xd7,0x00,0x3c,0x66,0xd7,0x00,0x3c,0x66,0xd7,0x00,
    0x3c,0x66,0xd7,0x00,0x3c,0x66,0xd7,0x00,0x3c,0x66,0xd7,0x00,0x3c,0x66,0xd7,0x00,0x3c,0x66,0xd7,0x00,
    0x3c,0x66,0xd7,0x00,0x3c,0x66,0xd7,0x00,0x3c,0x66,0xd7,0x00,0x3c,0x66,0xd7,0x00,0x3c,0x66,0xd7,0x00,
    0x3c,0x66,0xd7,0x00,0x3c,0x66,0xd7,0x00,0x3c,0x66,0xd7,0x00,0x3c,0x66,0xd7,0x00,0x3c,0x66,0xd7,0x00,
    0x3c,0x66,0xd7,0x00,0x3c,0x66,0xd7,0x00,0x3c,0x66,0xd7,0x00,0x3c,0x66,0xd7,0x00,0x3c,0x66,0xd7,0x00,
    0x3c,0x66,0xd7,0x00,0x3c,0x66,0xd7,0x00,0x3c,0x66,0xd7,0x00,0x3c,0x66,0xd7,0x00,0x3c,0x66,0xd7,0x00,
    0x3c,0x66,0xd7,0x00,0x3c,0x66,0xd7,0x00,0x3c,0x66,0xd7,0x00,0x3c,0x66,0xd7,0x00,0x3c,0x66,0xd7,0x00,
    0x3c,0x66,0xd7,0x00,0x3c,0x66,0xd7,0x00,0x3c,0x66,0xd7,0x00,0x3c,0x66,0xd7,0x00,0x3c,0x66,0xd7,0x00,
    0x3c,0x66,0xd7,0x00,0x3c,0x66,0xd7,0x00,0x3c,0x66,0xd7,0x00,0x3c,0x66,0xd7,0x00,0x3c,0x66,0xd7,0x00,
    0x3c,0x66,0xd7,0x00,0x3c,0x66,0xd7,0x00,0x3c,0x66,0xd7,0x00,0x3c,0x66,0xd7,0x00,0x3c,0x66,0xd7,0x00,
    0x3c,0x66,0xd7,0x00,0x3c,0x66,0xd7,0x00,0x3c,0x66,0xd7,0x00,0x3c,0x66,0xd7,0x00,0x3c,0x66,0xd7,0x00,
    0x3c,0x66,0xd7,0x00,0x3c,0x66,0xd7,0x00,0x3c,0x66,0xd7,0x00,0x3c,0x66,0xd7,0x00,0x3c,0x66,0xd7,0x00,
    0x3c,0x66,0xd7,0x00,0x3c,0x66,0xd7,0x00,0x3c,0x66,0xd7,0x00,0x3c,0x66,0xd7,0x00,0x3c,0x66,0xd7,0x00,
    0x3c,0x66,0xd7,0x00,0x3c,0x66,0xd7,0x00,0x3c,0x66,0xd7,0x00,0x3c,0x66,0xd7,0x00,0x3c,0x66,0xd7,0x00,
    0x3c,0x66,0xd7,0x00,0x3c,0x66,0xd7,0x00,0x3c,0x66,0xd7,0x00,0x3c,0x66,0xd7,0x00,0x3c,0x66,0xd7,0x00,
    0x3c,0x66,0xd7,0x00,0x3c,0x66,0xd7,0x00,0x3c,0x66,0xd7,0x00,0x3c,0x66,0xd7,0x00,0x3c,0x66,0xd7,0x00,
    0x3c,0x66,0xd7,0x00,0x3c,0x66,0xd7,0x00,0x3c,0x66,0xd7,0x00,0x3c,0x66,0xd7,0x00,0x3c,0x66,0xd7,0x00,
    0x3c,0x66,0xd7,0x00,0x3c,0x66,0xd7,0x00,0x3c,0x66,0xd7,0x00,0x3c,0x66,0xd7,0x00,0x3c,0x66,0xd7,0x00,
    0x3c,0x66,0xd7,0x00,0x3c,0x66,0xd7,0x00,0x3c,0x66,0xd7,0x00,0x3c,0x66,0xd7,0x00,0x3c,0x66,0xd7,0x00,
    0x3c,0x66,0xd7,0x00,0x3c,0x66,0xd7,0x00,0x3c,0x66,0xd7,0x00,0x3c,0x66,0xd7,0x00,0x3c,0x66,0xd7,0x00,
    0x3c,0x66,0xd7,0x00,0x3c,0x66,0xd7,0x00,0x3c,0x66,0xd7,0x00,0x3c,0x66,0xd7,0x00,0x3c,0x66,0xd7,0x00,
    0x3c,0x66,0xd7,0x00,0x3c,0x66,0xd7,0x00,0x3c,0x66,0xd7,0x00,0x3c,0x66,0xd7,0x00,0x3c,0x66,0xd7,0x00,
    0x3c,0x66,0xd7,0x00,0x3c,0x66,0xd7,0x00,0x3c,0x66,0xd7,0x00,0x3c,0x66,0xd7,0x00,0x3c,0x66,0xd7,0x00,
    0x3c,0x66,0xd7,0x00,0x3c,0x66,0xd7,0x00,0x3c,0x66,0xd7,0x00,0x3c,0x66,0xd7,0x00,0x3c,0x66,0xd7,0x00,
    0x3c,0x66,0xd7,0x00,0x3c,0x66,0xd7,0x00,0x3c,0x66,0xd7,0x00,0x3c,0x66,0xd7,0x00,0x3c,0x66,0xd7,0x00,
    0x3c,0x66,0xd7,0x00,0x3c,0x66,0xd7,0x00,0x3c,0x66,0xd7,0x00,0x3c,0x66,0xd7,0x00,0x3c,0x66,0xd7,0x00,
    0x3c,0x66,0xd7,0x00,0x3c,0x66,0xd7,0x00,0x3c,0x66,0xd7,0x00,0x3c,0x66,0xd7,0x00,0x3c,0x66,0xd7,0x00,
    0x3c,0x66,0xd7,0x00,0x3c,0x66,0xd7,0x00,0x3c,0x66,0xd7,0x00,0x3c,0x66,0xd7,0x00,0x3c,0x66,0xd7,0x00,
    0x3c,0x66,0xd7,0x00,0x3c,0x66,0xd7,0x04,0x3c,0x66,0xd7,0x00,0x3c,0x66,0xd7,0x60,0x3c,0x66,0xd7,0xff,
    0x3c,0x66,0xd7,0xfc,0x3c,0x66,0xd7,0xff,0x3c,0x66,0xd7,0xff,0x3c,0x66,0xd7,0xff,0x3c,0x66,0xd7,0xff,
    0x3c,0x66,0xd7,0xff,0x3c,0x66,0xd7,0xff,0x3c,0x66,0xd7,0xff,0x3c,0x66,0xd7,0xff,0x3c,0x66,0xd7,0xfb,
    0x3c,0x66,0xd7,0xff,0x3c,0x66,0xd7,0xa0,0x3c,0x66,0xd7,0x00,0x3c,0x66,0xd7,0x03,0x3c,0x66,0xd7,0x00,
    0x3c,0x66,0xd7,0x00,0x3c,0x66,0xd7,0x01,0x3c,0x66,0xd7,0x00,0x3c,0x66,0xd7,0x11,0x3c,0x66,0xd7,0xeb,
    0x3c,0x66,0xd7,0xff,0x3c,0x66,0xd7,0xbd,0x3c,0x66,0xd7,0x00,0x3c,0x66,0xd7,0x02,0x3c,0x66,0xd7,0x00,
    0x3c,0x66,0xd7,0x00,0x3c,0x66,0xd7,0x00,0x3c,0x66,0xd7,0x00,0x3c,0x66,0xd7,0x00,0x3c,0x66,0xd7,0x00,
    0x3c,0x66,0xd7,0x00,0x3c,0x66,0xd7,0x00,0x3c,0x66,0xd7,0x00,0x3c,0x66,0xd7,0x00,0x3c,0x66,0xd7,0x00,
    0x3c,0x66,0xd7,0x00,0x3c,0x66,0xd7,0x00,0x3c,0x66,0xd7,0x00,0x3c,0x66,0xd7,0x00,0x3c,0x66,0xd7,0x00,
    0x3c,0x66,0xd7,0x00,0x3c,0x66,0xd7,0x00,0x3c,0x66,0xd7,0x00,0x3c,0x66,0xd7,0x00,0x3c,0x66,0xd7,0x00,
    0x3c,0x66,0xd7,0x00,0x3c,0x66,0xd7,0x00,0x3c,0x66,0xd7,0x00,0x3c,0x66,0xd7,0x00,0x3c,0x66,0xd7,0x00,
    0x3c,0x66,0xd7,0x00,0x3c,0x66,0xd7,0x01,0x3c,0x66,0xd7,0x00,0x3c,0x66,0xd7,0x00,0x3c,0x66,0xd7,0xcb,
    0x3c,0x66,0xd7,0xff,0x3c,0x66,0xd7,0xf0,0x3c,0x66,0xd7,0x4e,0x3c,0x66,0xd7,0x41,0x3c,0x66,0xd7,0x44,
    0x3c,0x66,0xd7,0x41,0x3c,0x66,0xd7,0xce,0x3c,0x66,0xd7,0xff,0x3c,0x66,0xd7,0xec,0x3c,0x66,0xd7,0x20,
    0x3c,0x66,0xd7,0x00,0x3c,0x66,0xd7,0x05,0x3c,0x66,0xd7,0x02,0x3c,0x66,0xd7,0x13,0x3c,0x66,0xd7,0xeb,
    0x3c,0x66,0xd7,0xff,0x3c,0x66,0xd7,0xbe,0x3c,0x66,0xd7,0x02,0x3c,0x66,0xd7,0x04,0x3c,0x66,0xd7,0x01,
    0x3c,0x66,0xd7,0x00,0x3c,0x66,0xd7,0x00,0x3c,0x66,0xd7,0x00,0x3c,0x66,0xd7,0x00,0x3c,0x66,0xd7,0x00,
    0x3c,0x66,0xd7,0x00,0x3c,0x66,0xd7,0x00,0x3c,0x66,0xd7,0x00,0x3c,0x66,0xd7,0x00,0x3c,0x66,0xd7,0x00,
    0x3c,0x66,0xd7,0x00,0x3c,0x66,0xd7,0x00,0x3c,0x66,0xd7,0x00,0x3c,0x66,0xd7,0x00,0x3c,0x66,0xd7,0x00,
    0x3c,0x66,0xd7,0x00,0x3c,0x66,0xd7,0x00,0x3c,0x66,0xd7,0x00,0x3c,0x66,0xd7,0x00,0x3c,0x66,0xd7,0x00,
    0x3c,0x66,0xd7,0x00,0x3c,0x66,0xd7,0x00,0x3c,0x66,0xd7,0x00,0x3c,0x66,0xd7,0x00,0x3c,0x66,0xd7,0x00,
    0x3c,0x66,0xd7,0x00,0x3c,0x66,0xd7,0x02,0x3c,0x66,0xd7,0x00,0x3c,0x66,0xd7,0x20,0x3c,0x66,0xd7,0xf6,
    0x3c,0x66,0xd7,0xfe,0x3c,0x66,0xd7,0xfe,0x3c,0x66,0xd7,0xff,0x3c,0x66,0xd7,0xff,0x3c,0x66,0xd7,0xff,
    0x3c,0x66,0xd7,0xff,0x3c,0x66,0xd7,0xff,0x3c,0x66,0xd7,0xff,0x3c,0x66,0xd7,0xff,0x3c,0x66,0xd7,0xfc,
    0x3c,0x66,0xd7,0xff,0x3c,0x66,0xd7,0x56,0x3c,0x66,0xd7,0x00,0x3c,0x66,0xd7,0x03,0x3c,0x66,0xd7,0x00,
    0x3c,0x66,0xd7,0x00,0x3c,0x66,0xd7,0x00,0x3c,0x66,0xd7,0x00,0x3c,0x66,0xd7,0x00,0x3c,0x66,0xd7,0x02,
    0x3c,0x66,0xd7,0x00,0x3c,0x66,0xd7,0xc8,0x3c,0x66,0xd7,0xcf,0x3c,0x66,0xd7,0x00,0x3c,0x66,0xd7,0x02,
    0x3c,0x66,0xd7,0x00,0x3c,0x66,0xd7,0x00,0x3c,0x66,0xd7,0x00,0x3c,0x66,0xd7,0x00,0x3c,0x66,0xd7,0x00,
    0x3c,0x66,0xd7,0x00,0x3c,0x66,0xd7,0x00,0x3c,0x66,0xd7,0x00,0x3c,0x66,0xd7,0x00,0x3c,0x66,0xd7,0x00,
    0x3c,0x66,0xd7,0x00,0x3c,0x66,0xd7,0x00,0x3c,0x66,0xd7,0x00,0x3c,0x66,0xd7,0x00,0x3c,0x66,0xd7,0x00,
    0x3c,0x66,0xd7,0x00,0x3c,0x66,0xd7,0x00,0x3c,0x66,0xd7,0x00,0x3c,0x66,0xd7,0x00,0x3c,0x66,0xd7,0x00,
    0x3c,0x66,0xd7,0x00,0x3c,0x66,0xd7,0x00,0x3c,0x66,0xd7,0x00,0x3c,0x66,0xd7,0x00,0x3c,0x66,0xd7,0x00,
    0x3c,0x66,0xd7,0x00,0x3c,0x66,0xd7,0x00,0x3c,0x66,0xd7,0x00,0x3c,0x66,0xd7,0x00,0x3c,0x66,0xd7,0x00,
    0x3c,0x66,0xd7,0x00,0x3c,0x66,0xd7,0x00,0x3c,0x66,0xd7,0x00,0x3c,0x66,0xd7,0x00,0x3c,0x66,0xd7,0x00,
    0x3c,0x66,0xd7,0x00,0x3c,0x66,0xd7,0x00,0x3c,0x66,0xd7,0x00,0x3c,0x66,0xd7,0x00,0x3c,0x66,0xd7,0x00,
    0x3c,0x66,0xd7,0x00,0x3c,0x66,0xd7,0x00,0x3c,0x66,0xd7,0x00,0x3c,0x66,0xd7,0x00,0x3c,0x66,0xd7,0x00,
    0x3c,0x66,0xd7,0x00,0x3c,0x66,0xd7,0x00,0x3c,0x66,0xd7,0x00,0x3c,0x66,0xd7,0x00,0x3c,0x66,0xd7,0x00,
    0x3c,0x66,0xd7,0x00,0x3c,0x66,0xd7,0x00,0x3c,0x66,0xd7,0x00,0x3c,0x66,0xd7,0x00,0x3c,0x66,0xd7,0x00,
    0x3c,0x66,0xd7,0x00,0x3c,0x66,0xd7,0x00,0x3c,0x66,0xd7,0x00,0x3c,0x66,0xd7,0x00,0x3c,0x66,0xd7,0x00,
    0x3c,0x66,0xd7,0x00,0x3c,0x66,0xd7,0x00,0x3c,0x66,0xd7,0x00,0x3c,0x66,0xd7,0x00,0x3c,0x66,0xd7,0x00,
    0x3c,0x66,0xd7,0x00,0x3c,0x66,0xd7,0x00,0x3c,0x66,0xd7,0x00,0x3c,0x66,0xd7,0x00,0x3c,0x66,0xd7,0x00,
    0x3c,0x66,0xd7,0x00,0x3c,0x66,0xd7,0x00,0x3c,0x66,0xd7,0x00,0x3c,0x66,0xd7,0x00,0x3c,0x66,0xd7,0x00,
    0x3c,0x66,0xd7,0x00,0x3c,0x66,0xd7,0x00,0x3c,0x66,0xd7,0x00,0x3c,0x66,0xd7,0x00,0x3c,0x66,0xd7,0x00,
    0x3c,0x66,0xd7,0x00,0x3c,0x66,0xd7,0x00,0x3c,0x66,0xd7,0x00,0x3c,0x66,0xd7,0x00,0x3c,0x66,0xd7,0x00,
    0x3c,0x66,0xd7,0x00,0x3c,0x66,0xd7,0x00,0x3c,0x66,0xd7,0x00,0x3c,0x66,0xd7,0x00,0x3c,0x66,0xd7,0x00,
    0x3c,0x66,0xd7,0x00,0x3c,0x66,0xd7,0x00,0x3c,0x66,0xd7,0x00,0x3c,0x66,0xd7,0x00,0x3c,0x66,0xd7,0x00,
    0x3c,0x66,0xd7,0x00,0x3c,0x66,0xd7,0x00,0x3c,0x66,0xd7,0x00,0x3c,0x66,0xd7,0x00,0x3c,0x66,0xd7,0x00,
    0x3c,0x66,0xd7,0x00,0x3c,0x66,0xd7,0x00,0x3c,0x66,0xd7,0x00,0x3c,0x66,0xd7,0x00,0x3c,0x66,0xd7,0x00,
    0x3c,0x66,0xd7,0x00,0x3c,0x66,0xd7,0x00,0x3c,0x66,0xd7,0x00,0x3c,0x66,0xd7,0x00,0x3c,0x66,0xd7,0x00,
    0x3c,0x66,0xd7,0x00,0x3c,0x66,0xd7,0x00,0x3c,0x66,0xd7,0x00,0x3c,0x66,0xd7,0x00,0x3c,0x66,0xd7,0x00,
    0x3c,0x66,0xd7,0x00,0x3c,0x66,0xd7,0x00,0x3c,0x66,0xd7,0x00,0x3c,0x66,0xd7,0x00,0x3c,0x66,0xd7,0x00,
    0x3c,0x66,0xd7,0x00,0x3c,0x66,0xd7,0x00,0x3c,0x66,0xd7,0x00,0x3c,0x66,0xd7,0x00,0x3c,0x66,0xd7,0x00,
    0x3c,0x66,0xd7,0x00,0x3c,0x66,0xd7,0x00,0x3c,0x66,0xd7,0x00,0x3c,0x66,0xd7,0x00,0x3c,0x66,0xd7,0x00,
    0x3c,0x66,0xd7,0x00,0x3c,0x66,0xd7,0x00,0x3c,0x66,0xd7,0x00,0x3c,0x66,0xd7,0x00,0x3c,0x66,0xd7,0x00,
    0x3c,0x66,0xd7,0x00,0x3c,0x66,0xd7,0x00,0x3c,0x66,0xd7,0x00,0x3c,0x66,0xd7,0x00,0x3c,0x66,0xd7,0x00,
    0x3c,0x66,0xd7,0x00,0x3c,0x66,0xd7,0x00,0x3c,0x66,0xd7,0x00,0x3c,0x66,0xd7,0x00,0x3c,0x66,0xd7,0x00,
    0x3c,0x66,0xd7,0x00,0x3c,0x66,0xd7,0x00,0x3c,0x66,0xd7,0x00,0x3c,0x66,0xd7,0x00,0x3c,0x66,0xd7,0x00,
    0x3c,0x66,0xd7,0x00,0x3c,0x66,0xd7,0x00,0x3c,0x66,0xd7,0x00,0x3c,0x66,0xd7,0x00,0x3c,0x66,0xd7,0x00,
    0x3c,0x66,0xd7,0x00,0x3c,0x66,0xd7,0x00,0x3c,0x66,0xd7,0x00,0x3c,0x66,0xd7,0x00,0x3c,0x66,0xd7,0x00,
    0x3c,0x66,0xd7,0x00,0x3c,0x66,0xd7,0x00,0x3c,0x66,0xd7,0x00,0x3c,0x66,0xd7,0x00,0x3c,0x66,0xd7,0x00,
    0x3c,0x66,0xd7,0x00,0x3c,0x66,0xd7,0x04,0x3c,0x66,0xd7,0x00,0x3c,0x66,0xd7,0x93,0x3c,0x66,0xd7,0xff,
    0x3c,0x66,0xd7,0xfb,0x3c,0x66,0xd7,0xff,0x3c,0x66,0xd7,0xff,0x3c,0x66,0xd7,0xff,0x3c,0x66,0xd7,0xff,
    0x3c,0x66,0xd7,0xff,0x3c,0x66,0xd7,0xff,0x3c,0x66,0xd7,0xff,0x3c,0x66,0xd7,0xff,0x3c,0x66,0xd7,0xfd,
    0x3c,0x66,0xd7,0xff,0x3c,0x66,0xd7,0xce,0x3c,0x66,0xd7,0x04,0x3c,0x66,0xd7,0x01,0x3c,0x66,0xd7,0x00,
    0x3c,0x66,0xd7,0x00,0x3c,0x66,0xd7,0x01,0x3c,0x66,0xd7,0x00,0x3c,0x66,0xd7,0x11,0x3c,0x66,0xd7,0xeb,
    0x3c,0x66,0xd7,0xff,0x3c,0x66,0xd7,0xbd,0x3c,0x66,0xd7,0x00,0x3c,0x66,0xd7,0x02,0x3c,0x66,0xd7,0x00,
    0x3c,0x66,0xd7,0x00,0x3c,0x66,0xd7,0x00,0x3c,0x66,0xd7,0x00,0x3c,0x66,0xd7,0x00,0x3c,0x66,0xd7,0x00,
    0x3c,0x66,0xd7,0x00,0x3c,0x66,0xd7,0x00,0x3c,0x66,0xd7,0x00,0x3c,0x66,0xd7,0x00,0x3c,0x66,0xd7,0x00,
    0x3c,0x66,0xd7,0x00,0x3c,0x66,0xd7,0x00,0x3c,0x66,0xd7,0x00,0x3c,0x66,0xd7,0x00,0x3c,0x66,0xd7,0x00,
    0x3c,0x66,0xd7,0x00,0x3c,0x66,0xd7,0x00,0x3c,0x66,0xd7,0x00,0x3c,0x66,0xd7,0x00,0x3c,0x66,0xd7,0x00,
    0x3c,0x66,0xd7,0x00,0x3c,0x66,0xd7,0x00,0x3c,0x66,0xd7,0x00,0x3c,0x66,0xd7,0x00,0x3c,0x66,0xd7,0x00,
    0x3c,0x66,0xd7,0x02,0x3c,0x66,0xd7,0x00,0x3c,0x66,0xd7,0x3d,0x3c,0x66,0xd7,0x7d,0x3c,0x66,0xd7,0xae,
    0x3c,0x66,0xd7,0xff,0x3c,0x66,0xd7,0xfe,0x3c,0x66,0xd7,0xff,0x3c,0x66,0xd7,0xff,0x3c,0x66,0xd7,0xff,
    0x3c,0x66,0xd7,0xff,0x3c,0x66,0xd7,0xff,0x3c,0x66,0xd7,0xff,0x3c,0x66,0xd7,0xcf,0x3c,0x66,0xd7,0x7b,
    0x3c,0x66,0xd7,0x5d,0x3c,0x66,0xd7,0x00,0x3c,0x66,0xd7,0x00,0x3c,0x66,0xd7,0x11,0x3c,0x66,0xd7,0xeb,
    0x3c,0x66,0xd7,0xff,0x3c,0x66,0xd7,0xbd,0x3c,0x66,0xd7,0x00,0x3c,0x66,0xd7,0x02,0x3c,0x66,0xd7,0x00,
    0x3c,0x66,0xd7,0x00,0x3c,0x66,0xd7,0x00,0x3c,0x66,0xd7,0x00,0x3c,0x66,0xd7,0x00,0x3c,0x66,0xd7,0x00,
    0x3c,0x66,0xd7,0x00,0x3c,0x66,0xd7,0x00,0x3c,0x66,0xd7,0x00,0x3c,0x66,0xd7,0x00,0x3c,0x66,0xd7,0x00,
    0x3c,0x66,0xd7,0x00,0x3c,0x66,0xd7,0x00,0x3c,0x66,0xd7,0x00,0x3c,0x66,0xd7,0x00,0x3c,0x66,0xd7,0x00,
    0x3c,0x66,0xd7,0x00,0x3c,0x66,0xd7,0x00,0x3c,0x66,0xd7,0x00,0x3c,0x66,0xd7,0x00,0x3c,0x66,0xd7,0x00,
    0x3c,0x66,0xd7,0x00,0x3c,0x66,0xd7,0x00,0x3c,0x66,0xd7,0x00,0x3c,0x66,0xd7,0x00,0x3c,0x66,0xd7,0x00,
    0x3c,0x66,0xd7,0x00,0x3c,0x66,0xd7,0x03,0x3c,0x66,0xd7,0x01,0x3c,0x66,0xd7,0x51,0x3c,0x66,0xd7,0xee,
    0x3c,0x66,0xd7,0xfc,0x3c,0x66,0xd7,0xfe,0x3c,0x66,0xd7,0xff,0x3c,0x66,0xd7,0xff,0x3c,0x66,0xd7,0xff,
    0x3c,0x66,0xd7,0xff,0x3c,0x66,0xd7,0xff,0x3c,0x66,0xd7,0xff,0x3c,0x66,0xd7,0xff,0x3c,0x66,0xd7,0xfc,
    0x3c,0x66,0xd7,0xfa,0x3c,0x66,0xd7,0x84,0x3c,0x66,0xd7,0x00,0x3c,0x66,0xd7,0x02,0x3c,0x66,0xd7,0x00,
    0x3c,0x66,0xd7,0x00,0x3c,0x66,0xd7,0x00,0x3c,0x66,0xd7,0x00,0x3c,0x66,0xd7,0x00,0x3c,0x66,0xd7,0x02,
    0x3c,0x66,0xd7,0x00,0x3c,0x66,0xd7,0xcc,0x3c,0x66,0xd7,0xca,0x3c,0x66,0xd7,0x00,0x3c,0x66,0xd7,0x02,
    0x3c,0x66,0xd7,0x00,0x3c,0x66,0xd7,0x00,0x3c,0x66,0xd7,0x00,0x3c,0x66,0xd7,0x00,0x3c,0x66,0xd7,0x00,
    0x3c,0x66,0xd7,0x00,0x3c,0x66,0xd7,0x00,0x3c,0x66,0xd7,0x00,0x3c,0x66,0xd7,0x00,0x3c,0x66,0xd7,0x00,
    0x3c,0x66,0xd7,0x00,0x3c,0x66,0xd7,0x00,0x3c,0x66,0xd7,0x00,0x3c,0x66,0xd7,0x00,0x3c,0x66,0xd7,0x00,
    0x3c,0x66,0xd7,0x00,0x3c,0x66,0xd7,0x00,0x3c,0x66,0xd7,0x00,0x3c,0x66,0xd7,0x00,0x3c,0x66,0xd7,0x00,
    0x3c,0x66,0xd7,0x00,0x3c,0x66,0xd7,0x00,0x3c,0x66,0xd7,0x00,0x3c,0x66,0xd7,0x00,0x3c,0x66,0xd7,0x00,
    0x3c,0x66,0xd7,0x00,0x3c,0x66,0xd7,0x00,0x3c,0x66,0xd7,0x00,0x3c,0x66,0xd7,0x02,0x3c,0x66,0xd7,0x04,
    0x3c,0x66,0xd7,0x04,0x3c,0x66,0xd7,0x04,0x3c,0x66,0xd7,0x04,0x3c,0x66,0xd7,0x03,0x3c,0x66,0xd7,0x01,
    0x3c,0x66,0xd7,0x00,0x3c,0x66,0xd7,0x00,0x3c,0x66,0xd7,0x00,0x3c,0x66,0xd7,0x00,0x3c,0x66,0xd7,0x00,
    0x3c,0x66,0xd7,0x00,0x3c,0x66,0xd7,0x00,0x3c,0x66,0xd7,0x00,0x3c,0x66,0xd7,0x00,0x3c,0x66,0xd7,0x00,
    0x3c,0x66,0xd7,0x00,0x3c,0x66,0xd7,0x00,0x3c,0x66,0xd7,0x00,0x3c,0x66,0xd7,0x00,0x3c,0x66,0xd7,0x00,
    0x3c,0x66,0xd7,0x00,0x3c,0x66,0xd7,0x00,0x3c,0x66,0xd7,0x00,0x3c,0x66,0xd7,0x00,0x3c,0x66,0xd7,0x00,
    0x3c,0x66,0xd7,0x00,0x3c,0x66,0xd7,0x00,0x3c,0x66,0xd7,0x00,0x3c,0x66,0xd7,0x00,0x3c,0x66,0xd7,0x00,
    0x3c,0x66,0xd7,0x00,0x3c,0x66,0xd7,0x00,0x3c,0x66,0xd7,0x00,0x3c,0x66,0xd7,0x00,0x3c,0x66,0xd7,0x00,
    0x3c,0x66,0xd7,0x00,0x3c,0x66,0xd7,0x00,0x3c,0x66,0xd7,0x00,0x3c,0x66,0xd7,0x00,0x3c,0x66,0xd7,0x00,
    0x3c,0x66,0xd7,0x00,0x3c,0x66,0xd7,0x00,0x3c,0x66,0xd7,0x00,0x3c,0x66,0xd7,0x00,0x3c,0x66,0xd7,0x00,
    0x3c,0x66,0xd7,0x00,0x3c,0x66,0xd7,0x00,0x3c,0x66,0xd7,0x00,0x3c,0x66,0xd7,0x00,0x3c,0x66,0xd7,0x00,
    0x3c,0x66,0xd7,0x00,0x3c,0x66,0xd7,0x00,0x3c,0x66,0xd7,0x00,0x3c,0x66,0xd7,0x00,0x3c,0x66,0xd7,0x00,
    0x3c,0x66,0xd7,0x00,0x3c,0x66,0xd7,0x00,0x3c,0x66,0xd7,0x00,0x3c,0x66,0xd7,0x00,0x3c,0x66,0xd7,0x00,
    0x3c,0x66,0xd7,0x00,0x3c,0x66,0xd7,0x00,0x3c,0x66,0xd7,0x00,0x3c,0x66,0xd7,0x00,0x3c,0x66,0xd7,0x00,
    0x3c,0x66,0xd7,0x00,0x3c,0x66,0xd7,0x00,0x3c,0x66,0xd7,0x00,0x3c,0x66,0xd7,0x00,0x3c,0x66,0xd7,0x00,
    0x3c,0x66,0xd7,0x00,0x3c,0x66,0xd7,0x00,0x3c,0x66,0xd7,0x00,0x3c,0x66,0xd7,0x00,0x3c,0x66,0xd7,0x00,
    0x3c,0x66,0xd7,0x00,0x3c,0x66,0xd7,0x00,0x3c,0x66,0xd7,0x00,0x3c,0x66,0xd7,0x00,0x3c,0x66,0xd7,0x00,
    0x3c,0x66,0xd7,0x00,0x3c,0x66,0xd7,0x00,0x3c,0x66,0xd7,0x00,0x3c,0x66,0xd7,0x00,0x3c,0x66,0xd7,0x00,
    0x3c,0x66,0xd7,0x00,0x3c,0x66,0xd7,0x00,0x3c,0x66,0xd7,0x00,0x3c,0x66,0xd7,0x00,0x3c,0x66,0xd7,0x00,
    0x3c,0x66,0xd7,0x00,0x3c,0x66,0xd7,0x00,0x3c,0x66,0xd7,0x00,0x3c,0x66,0xd7,0x00,0x3c,0x66,0xd7,0x00,
    0x3c,0x66,0xd7,0x00,0x3c,0x66,0xd7,0x00,0x3c,0x66,0xd7,0x00,0x3c,0x66,0xd7,0x00,0x3c,0x66,0xd7,0x00,
    0x3c,0x66,0xd7,0x00,0x3c,0x66,0xd7,0x00,0x3c,0x66,0xd7,0x00,0x3c,0x66,0xd7,0x00,0x3c,0x66,0xd7,0x00,
    0x3c,0x66,0xd7,0x00,0x3c,0x66,0xd7,0x00,0x3c,0x66,0xd7,0x00,0x3c,0x66,0xd7,0x00,0x3c,0x66,0xd7,0x00,
    0x3c,0x66,0xd7,0x00,0x3c,0x66,0xd7,0x00,0x3c,0x66,0xd7,0x00,0x3c,0x66,0xd7,0x00,0x3c,0x66,0xd7,0x00,
    0x3c,0x66,0xd7,0x00,0x3c,0x66,0xd7,0x00,0x3c,0x66,0xd7,0x00,0x3c,0x66,0xd7,0x00,0x3c,0x66,0xd7,0x00,
    0x3c,0x66,0xd7,0x00,0x3c,0x66,0xd7,0x00,0x3c,0x66,0xd7,0x00,0x3c,0x66,0xd7,0x00,0x3c,0x66,0xd7,0x00,
    0x3c,0x66,0xd7,0x00,0x3c,0x66,0xd7,0x00,0x3c,0x66,0xd7,0x00,0x3c,0x66,0xd7,0x00,0x3c,0x66,0xd7,0x00,
    0x3c,0x66,0xd7,0x00,0x3c,0x66,0xd7,0x00,0x3c,0x66,0xd7,0x00,0x3c,0x66,0xd7,0x00,0x3c,0x66,0xd7,0x00,
    0x3c,0x66,0xd7,0x00,0x3c,0x66,0xd7,0x02,0x3c,0x66,0xd7,0x02,0x3c,0x66,0xd7,0xc3,0x3c,0x66,0xd7,0xff,
    0x3c,0x66,0xd7,0xfc,0x3c,0x66,0xd7,0xff,0x3c,0x66,0xd7,0xff,0x3c,0x66,0xd7,0xff,0x3c,0x66,0xd7,0xff,
    0x3c,0x66,0xd7,0xff,0x3c,0x66,0xd7,0xff,0x3c,0x66,0xd7,0xff,0x3c,0x66,0xd7,0xff,0x3c,0x66,0xd7,0xfe,
    0x3c,0x66,0xd7,0xff,0x3c,0x66,0xd7,0xf0,0x3c,0x66,0xd7,0x15,0x3c,0x66,0xd7,0x00,0x3c,0x66,0xd7,0x01,
    0x3c,0x66,0xd7,0x00,0x3c,0x66,0xd7,0x01,0x3c,0x66,0xd7,0x00,0x3c,0x66,0xd7,0x11,0x3c,0x66,0xd7,0xeb,
    0x3c,0x66,0xd7,0xff,0x3c,0x66,0xd7,0xbd,0x3c,0x66,0xd7,0x00,0x3c,0x66,0xd7,0x02,0x3c,0x66,0xd7,0x00,
    0x3c,0x66,0xd7,0x00,0x3c,0x66,0xd7,0x00,0x3c,0x66,0xd7,0x00,0x3c,0x66,0xd7,0x00,0x3c,0x66,0xd7,0x00,
    0x3c,0x66,0xd7,0x00,0x3c,0x66,0xd7,0x00,0x3c,0x66,0xd7,0x00,0x3c,0x66,0xd7,0x00,0x3c,0x66,0xd7,0x00,
    0x3c,0x66,0xd7,0x00,0x3c,0x66,0xd7,0x00,0x3c,0x66,0xd7,0x00,0x3c,0x66,0xd7,0x00,0x3c,0x66,0xd7,0x00,
    0x3c,0x66,0xd7,0x00,0x3c,0x66,0xd7,0x00,0x3c,0x66,0xd7,0x00,0x3c,0x66,0xd7,0x00,0x3c,0x66,0xd7,0x00,
    0x3c,0x66,0xd7,0x00,0x3c,0x66,0xd7,0x00,0x3c,0x66,0xd7,0x00,0x3c,0x66,0xd7,0x00,0x3c,0x66,0xd7,0x00,
    0x3c,0x66,0xd7,0x03,0x3c,0x66,0xd7,0x00,0x3c,0x66,0xd7,0xa8,0x3c,0x66,0xd7,0xff,0x3c,0x66,0xd7,0xff,
    0x3c,0x66,0xd7,0xff,0x3c,0x66,0xd7,0xff,0x3c,0x66,0xd7,0xfd,0x3c,0x66,0xd7,0xfd,0x3c,0x66,0xd7,0xfd,
    0x3c,0x66,0xd7,0xfd,0x3c,0x66,0xd7,0xff,0x3c,0x66,0xd7,0xff,0x3c,0x66,0xd7,0xff,0x3c,0x66,0xd7,0xff,
    0x3c,0x66,0xd7,0xe4,0x3c,0x66,0xd7,0x08,0x3c,0x66,0xd7,0x00,0x3c,0x66,0xd7,0x11,0x3c,0x66,0xd7,0xeb,
    0x3c,0x66,0xd7,0xff,0x3c,0x66,0xd7,0xbd,0x3c,0x66,0xd7,0x00,0x3c,0x66,0xd7,0x02,0x3c,0x66,0xd7,0x00,
    0x3c,0x66,0xd7,0x00,0x3c,0x66,0xd7,0x00,0x3c,0x66,0xd7,0x00,0x3c,0x66,0xd7,0x00,0x3c,0x66,0xd7,0x00,
    0x3c,0x66,0xd7,0x00,0x3c,0x66,0xd7,0x00,0x3c,0x66,0xd7,0x00,0x3c,0x66,0xd7,0x00,0x3c,0x66,0xd7,0x00,
    0x3c,0x66,0xd7,0x00,0x3c,0x66,0xd7,0x00,0x3c,0x66,0xd7,0x00,0x3c,0x66,0xd7,0x00,0x3c,0x66,0xd7,0x00,
    0x3c,0x66,0xd7,0x00,0x3c,0x66,0xd7,0x00,0x3c,0x66,0xd7,0x00,0x3c,0x66,0xd7,0x00,0x3c,0x66,0xd7,0x00,
    0x3c,0x66,0xd7,0x00,0x3c,0x66,0xd7,0x00,0x3c,0x66,0xd7,0x00,0x3c,0x66,0xd7,0x00,0x3c,0x66,0xd7,0x00,
    0x3c,0x66,0xd7,0x00,0x3c,0x66,0xd7,0x00,0x3c,0x66,0xd7,0x02,0x3c,0x66,0xd7,0x00,0x3c,0x66,0xd7,0xbe,
    0x3c,0x66,0xd7,0xff,0x3c,0x66,0xd7,0xfc,0x3c,0x66,0xd7,0xff,0x3c,0x66,0xd7,0xff,0x3c,0x66,0xd7,0xff,
    0x3c,0x66,0xd7,0xff,0x3c,0x66,0xd7,0xff,0x3c,0x66,0xd7,0xff,0x3c,0x66,0xd7,0xfe,0x3c,0x66,0xd7,0xff,
    0x3c,0x66,0xd7,0xee,0x3c,0x66,0xd7,0x10,0x3c,0x66,0xd7,0x00,0x3c,0x66,0xd7,0x01,0x3c,0x66,0xd7,0x00,
    0x3c,0x66,0xd7,0x00,0x3c,0x66,0xd7,0x00,0x3c,0x66,0xd7,0x00,0x3c,0x66,0xd7,0x00,0x3c,0x66,0xd7,0x02,
    0x3c,0x66,0xd7,0x00,0x3c,0x66,0xd7,0xcb,0x3c,0x66,0xd7,0xcb,0x3c,0x66,0xd7,0x00,0x3c,0x66,0xd7,0x02,
    0x3c,0x66,0xd7,0x00,0x3c,0x66,0xd7,0x00,0x3c,0x66,0xd7,0x00,0x3c,0x66,0xd7,0x00,0x3c,0x66,0xd7,0x00,
    0x3c,0x66,0xd7,0x00,0x3c,0x66,0xd7,0x00,0x3c,0x66,0xd7,0x00,0x3c,0x66,0xd7,0x00,0x3c,0x66,0xd7,0x00,
    0x3c,0x66,0xd7,0x00,0x3c,0x66,0xd7,0x00,0x3c,0x66,0xd7,0x00,0x3c,0x66,0xd7,0x00,0x3c,0x66,0xd7,0x00,
    0x3c,0x66,0xd7,0x00,0x3c,0x66,0xd7,0x00,0x3c,0x66,0xd7,0x00,0x3c,0x66,0xd7,0x00,0x3c,0x66,0xd7,0x00,
    0x3c,0x66,0xd7,0x00,0x3c,0x66,0xd7,0x00,0x3c,0x66,0xd7,0x00,0x3c,0x66,0xd7,0x00,0x3c,0x66,0xd7,0x00,
    0x3c,0x66,0xd7,0x00,0x3c,0x66,0xd7,0x02,0x3c,0x66,0xd7,0x01,0x3c,0x66,0xd7,0x00,0x3c,0x66,0xd7,0x00,
    0x3c,0x66,0xd7,0x00,0x3c,0x66,0xd7,0x00,0x3c,0x66,0xd7,0x00,0x3c,0x66,0xd7,0x00,0x3c,0x66,0xd7,0x00,
    0x3c,0x66,0xd7,0x03,0x3c,0x66,0xd7,0x00,0x3c,0x66,0xd7,0x00,0x3c,0x66,0xd7,0x00,0x3c,0x66,0xd7,0x00,
    0x3c,0x66,0xd7,0x00,0x3c,0x66,0xd7,0x00,0x3c,0x66,0xd7,0x00,0x3c,0x66,0xd7,0x00,0x3c,0x66,0xd7,0x00,
    0x3c,0x66,0xd7,0x00,0x3c,0x66,0xd7,0x00,0x3c,0x66,0xd7,0x00,0x3c,0x66,0xd7,0x00,0x3c,0x66,0xd7,0x00,
    0x3c,0x66,0xd7,0x00,0x3c,0x66,0xd7,0x00,0x3c,0x66,0xd7,0x00,0x3c,0x66,0xd7,0x00,0x3c,0x66,0xd7,0x00,
    0x3c,0x66,0xd7,0x00,0x3c,0x66,0xd7,0x00,0x3c,0x66,0xd7,0x00,0x3c,0x66,0xd7,0x00,0x3c,0x66,0xd7,0x00,
    0x3c,0x66,0xd7,0x00,0x3c,0x66,0xd7,0x00,0x3c,0x66,0xd7,0x00,0x3c,0x66,0xd7,0x00,0x3c,0x66,0xd7,0x00,
    0x3c,0x66,0xd7,0x00,0x3c,0x66,0xd7,0x00,0x3c,0x66,0xd7,0x00,0x3c,0x66,0xd7,0x00,0x3c,0x66,0xd7,0x00,
    0x3c,0x66,0xd7,0x00,0x3c,0x66,0xd7,0x00,0x3c,0x66,0xd7,0x00,0x3c,0x66,0xd7,0x00,0x3c,0x66,0xd7,0x00,
    0x3c,0x66,0xd7,0x00,0x3c,0x66,0xd7,0x00,0x3c,0x66,0xd7,0x00,0x3c,0x66,0xd7,0x00,0x3c,0x66,0xd7,0x00,
    0x3c,0x66,0xd7,0x00,0x3c,0x66,0xd7,0x00,0x3c,0x66,0xd7,0x00,0x3c,0x66,0xd7,0x00,0x3c,0x66,0xd7,0x00,
    0x3c,0x66,0xd7,0x00,0x3c,0x66,0xd7,0x00,0x3c,0x66,0xd7,0x00,0x3c,0x66,0xd7,0x00,0x3c,0x66,0xd7,0x00,
    0x3c,0x66,0xd7,0x00,0x3c,0x66,0xd7,0x00,0x3c,0x66,0xd7,0x00,0x3c,0x66,0xd7,0x00,0x3c,0x66,0xd7,0x00,
    0x3c,0x66,0xd7,0x00,0x3c,0x66,0xd7,0x00,0x3c,0x66,0xd7,0x00,0x3c,0x66,0xd7,0x00,0x3c,0x66,0xd7,0x00,
    0x3c,0x66,0xd7,0x00,0x3c,0x66,0xd7,0x00,0x3c,0x66,0xd7,0x00,0x3c,0x66,0xd7,0x00,0x3c,0x66,0xd7,0x00,
    0x3c,0x66,0xd7,0x00,0x3c,0x66,0xd7,0x00,0x3c,0x66,0xd7,0x00,0x3c,0x66,0xd7,0x00,0x3c,0x66,0xd7,0x00,
    0x3c,0x66,0xd7,0x00,0x3c,0x66,0xd7,0x00,0x3c,0x66,0xd7,0x00,0x3c,0x66,0xd7,0x00,0x3c,0x66,0xd7,0x00,
    0x3c,0x66,0xd7,0x00,0x3c,0x66,0xd7,0x00,0x3c,0x66,0xd7,0x00,0x3c,0x66,0xd7,0x00,0x3c,0x66,0xd7,0x00,
    0x3c,0x66,0xd7,0x00,0x3c,0x66,0xd7,0x00,0x3c,0x66,0xd7,0x00,0x3c,0x66,0xd7,0x00,0x3c,0x66,0xd7,0x00,
    0x3c,0x66,0xd7,0x00,0x3c,0x66,0xd7,0x00,0x3c,0x66,0xd7,0x00,0x3c,0x66,0xd7,0x00,0x3c,0x66,0xd7,0x00,
    0x3c,0x66,0xd7,0x00,0x3c,0x66,0xd7,0x00,0x3c,0x66,0xd7,0x00,0x3c,0x66,0xd7,0x00,0x3c,0x66,0xd7,0x00,
    0x3c,0x66,0xd7,0x00,0x3c,0x66,0xd7,0x00,0x3c,0x66,0xd7,0x00,0x3c,0x66,0xd7,0x00,0x3c,0x66,0xd7,0x00,
    0x3c,0x66,0xd7,0x00,0x3c,0x66,0xd7,0x00,0x3c,0x66,0xd7,0x00,0x3c,0x66,0xd7,0x00,0x3c,0x66,0xd7,0x00,
    0x3c,0x66,0xd7,0x00,0x3c,0x66,0xd7,0x00,0x3c,0x66,0xd7,0x00,0x3c,0x66,0xd7,0x00,0x3c,0x66,0xd7,0x00,
    0x3c,0x66,0xd7,0x00,0x3c,0x66,0xd7,0x00,0x3c,0x66,0xd7,0x00,0x3c,0x66,0xd7,0x00,0x3c,0x66,0xd7,0x00,
    0x3c,0x66,0xd7,0x00,0x3c,0x66,0xd7,0x00,0x3c,0x66,0xd7,0x00,0x3c,0x66,0xd7,0x00,0x3c,0x66,0xd7,0x00,
    0x3c,0x66,0xd7,0x00,0x3c,0x66,0xd7,0x00,0x3c,0x66,0xd7,0x00,0x3c,0x66,0xd7,0x00,0x3c,0x66,0xd7,0x00,
    0x3c,0x66,0xd7,0x01,0x3c,0x66,0xd7,0x00,0x3c,0x66,0xd7,0x0f,0x3c,0x66,0xd7,0xea,0x3c,0x66,0xd7,0xff,
    0x3c,0x66,0xd7,0xfe,0x3c,0x66,0xd7,0xff,0x3c,0x66,0xd7,0xff,0x3c,0x66,0xd7,0xff,0x3c,0x66,0xd7,0xff,
    0x3c,0x66,0xd7,0xff,0x3c,0x66,0xd7,0xff,0x3c,0x66,0xd7,0xff,0x3c,0x66,0xd7,0xff,0x3c,0x66,0xd7,0xff,
    0x3c,0x66,0xd7,0xfd,0x3c,0x66,0xd7,0xfd,0x3c,0x66,0xd7,0x3c,0x3c,0x66,0xd7,0x00,0x3c,0x66,0xd7,0x03,
    0x3c,0x66,0xd7,0x00,0x3c,0x66,0xd7,0x01,0x3c,0x66,0xd7,0x00,0x3c,0x66,0xd7,0x11,0x3c,0x66,0xd7,0xeb,
    0x3c,0x66,0xd7,0xff,0x3c,0x66,0xd7,0xbd,0x3c,0x66,0xd7,0x00,0x3c,0x66,0xd7,0x02,0x3c,0x66,0xd7,0x00,
    0x3c,0x66,0xd7,0x00,0x3c,0x66,0xd7,0x00,0x3c,0x66,0xd7,0x00,0x3c,0x66,0xd7,0x00,0x3c,0x66,0xd7,0x00,
    0x3c,0x66,0xd7,0x00,0x3c,0x66,0xd7,0x00,0x3c,0x66,0xd7,0x00,0x3c,0x66,0xd7,0x00,0x3c,0x66,0xd7,0x00,
    0x3c,0x66,0xd7,0x00,0x3c,0x66,0xd7,0x00,0x3c,0x66,0xd7,0x00,0x3c,0x66,0xd7,0x00,0x3c,0x66,0xd7,0x00,
    0x3c,0x66,0xd7,0x00,0x3c,0x66,0xd7,0x00,0x3c,0x66,0xd7,0x00,0x3c,0x66,0xd7,0x00,0x3c,0x66,0xd7,0x00,
    0x3c,0x66,0xd7,0x00,0x3c,0x66,0xd7,0x00,0x3c,0x66,0xd7,0x00,0x3c,0x66,0xd7,0x00,0x3c,0x66,0xd7,0x00,
    0x3c,0x66,0xd7,0x02,0x3c,0x66,0xd7,0x02,0x3c,0x66,0xd7,0xc4,0x3c,0x66,0xd7,0xfb,0x3c,0x66,0xd7,0xfa,
    0x3c,0x66,0xd7,0xff,0x3c,0x66,0xd7,0xff,0x3c,0x66,0xd7,0xff,0x3c,0x66,0xd7,0xff,0x3c,0x66,0xd7,0xff,
    0x3c,0x66,0xd7,0xff,0x3c,0x66,0xd7,0xff,0x3c,0x66,0xd7,0xff,0x3c,0x66,0xd7,0xfd,0x3c,0x66,0xd7,0xfb,
    0x3c,0x66,0xd7,0xef,0x3c,0x66,0xd7,0x17,0x3c,0x66,0xd7,0x00,0x3c,0x66,0xd7,0x12,0x3c,0x66,0xd7,0xeb,
    0x3c,0x66,0xd7,0xff,0x3c,0x66,0xd7,0xbd,0x3c,0x66,0xd7,0x00,0x3c,0x66,0xd7,0x02,0x3c,0x66,0xd7,0x00,
    0x3c,0x66,0xd7,0x00,0x3c,0x66,0xd7,0x00,0x3c,0x66,0xd7,0x00,0x3c,0x66,0xd7,0x00,0x3c,0x66,0xd7,0x00,
    0x3c,0x66,0xd7,0x00,0x3c,0x66,0xd7,0x00,0x3c,0x66,0xd7,0x00,0x3c,0x66,0xd7,0x00,0x3c,0x66,0xd7,0x00,
    0x3c,0x66,0xd7,0x00,0x3c,0x66,0xd7,0x00,0x3c,0x66,0xd7,0x00,0x3c,0x66,0xd7,0x00,0x3c,0x66,0xd7,0x00,
    0x3c,0x66,0xd7,0x00,0x3c,0x66,0xd7,0x00,0x3c,0x66,0xd7,0x00,0x3c,0x66,0xd7,0x00,0x3c,0x66,0xd7,0x00,
    0x3c,0x66,0xd7,0x00,0x3c,0x66,0xd7,0x00,0x3c,0x66,0xd7,0x00,0x3c,0x66,0xd7,0x00,0x3c,0x66,0xd7,0x00,
    0x3c,0x66,0xd7,0x00,0x3c,0x66,0xd7,0x01,0x3c,0x66,0xd7,0x00,0x3c,0x66,0xd7,0x0e,0x3c,0x66,0xd7,0xeb,
    0x3c,0x66,0xd7,0xff,0x3c,0x66,0xd7,0xfe,0x3c,0x66,0xd7,0xff,0x3c,0x66,0xd7,0xff,0x3c,0x66,0xd7,0xff,
    0x3c,0x66,0xd7,0xff,0x3c,0x66,0xd7,0xff,0x3c,0x66,0xd7,0xff,0x3c,0x66,0xd7,0xff,0x3c,0x66,0xd7,0xfd,
    0x3c,0x66,0xd7,0xfe,0x3c,0x66,0xd7,0x3b,0x3c,0x66,0xd7,0x00,0x3c,0x66,0xd7,0x03,0x3c,0x66,0xd7,0x00,
    0x3c,0x66,0xd7,0x00,0x3c,0x66,0xd7,0x00,0x3c,0x66,0xd7,0x00,0x3c,0x66,0xd7,0x00,0x3c,0x66,0xd7,0x02,
    0x3c,0x66,0xd7,0x00,0x3c,0x66,0xd7,0xcc,0x3c,0x66,0xd7,0xca,0x3c,0x66,0xd7,0x00,0x3c,0x66,0xd7,0x02,
    0x3c,0x66,0xd7,0x00,0x3c,0x66,0xd7,0x00,0x3c,0x66,0xd7,0x00,0x3c,0x66,0xd7,0x00,0x3c,0x66,0xd7,0x00,
    0x3c,0x66,0xd7,0x00,0x3c,0x66,0xd7,0x00,0x3c,0x66,0xd7,0x00,0x3c,0x66,0xd7,0x00,0x3c,0x66,0xd7,0x00,
    0x3c,0x66,0xd7,0x00,0x3c,0x66,0xd7,0x00,0x3c,0x66,0xd7,0x00,0x3c,0x66,0xd7,0x00,0x3c,0x66,0xd7,0x00,
    0x3c,0x66,0xd7,0x00,0x3c,0x66,0xd7,0x00,0x3c,0x66,0xd7,0x00,0x3c,0x66,0xd7,0x00,0x3c,0x66,0xd7,0x00,
    0x3c,0x66,0xd7,0x00,0x3c,0x66,0xd7,0x00,0x3c,0x66,0xd7,0x00,0x3c,0x66,0xd7,0x00,0x3c,0x66,0xd7,0x00,
    0x3c,0x66,0xd7,0x03,0x3c,0x66,0xd7,0x00,0x3c,0x66,0xd7,0x00,0x3c,0x66,0xd7,0x29,0x3c,0x66,0xd7,0x60,
    0x3c,0x66,0xd7,0x7f,0x3c,0x66,0xd7,0x7f,0x3c,0x66,0xd7,0x6f,0x3c,0x66,0xd7,0x35,0x3c,0x66,0xd7,0x03,
    0x3c,0x66,0xd7,0x00,0x3c,0x66,0xd7,0x03,0x3c,0x66,0xd7,0x00,0x3c,0x66,0xd7,0x00,0x3c,0x66,0xd7,0x00,
    0x3c,0x66,0xd7,0x00,0x3c,0x66,0xd7,0x01,0x3c,0x66,0xd7,0x01,0x3c,0x66,0xd7,0x00,0x3c,0x66,0xd7,0x00,
    0x3c,0x66,0xd7,0x00,0x3c,0x66,0xd7,0x00,0x3c,0x66,0xd7,0x00,0x3c,0x66,0xd7,0x00,0x3c,0x66,0xd7,0x00,
    0x3c,0x66,0xd7,0x00,0x3c,0x66,0xd7,0x00,0x3c,0x66,0xd7,0x00,0x3c,0x66,0xd7,0x00,0x3c,0x66,0xd7,0x00,
    0x3c,0x66,0xd7,0x00,0x3c,0x66,0xd7,0x00,0x3c,0x66,0xd7,0x00,0x3c,0x66,0xd7,0x00,0x3c,0x66,0xd7,0x00,
    0x3c,0x66,0xd7,0x00,0x3c,0x66,0xd7,0x00,0x3c,0x66,0xd7,0x00,0x3c,0x66,0xd7,0x00,0x3c,0x66,0xd7,0x00,
    0x3c,0x66,0xd7,0x00,0x3c,0x66,0xd7,0x00,0x3c,0x66,0xd7,0x00,0x3c,0x66,0xd7,0x00,0x3c,0x66,0xd7,0x00,
    0x3c,0x66,0xd7,0x00,0x3c,0x66,0xd7,0x00,0x3c,0x66,0xd7,0x00,0x3c,0x66,0xd7,0x00,0x3c,0x66,0xd7,0x00,
    0x3c,0x66,0xd7,0x00,0x3c,0x66,0xd7,0x00,0x3c,0x66,0xd7,0x00,0x3c,0x66,0xd7,0x00,0x3c,0x66,0xd7,0x00,
    0x3c,0x66,0xd7,0x00,0x3c,0x66,0xd7,0x00,0x3c,0x66,0xd7,0x00,0x3c,0x66,0xd7,0x00,0x3c,0x66,0xd7,0x00,
    0x3c,0x66,0xd7,0x00,0x3c,0x66,0xd7,0x00,0x3c,0x66,0xd7,0x00,0x3c,0x66,0xd7,0x00,0x3c,0x66,0xd7,0x00,
    0x3c,0x66,0xd7,0x00,0x3c,0x66,0xd7,0x00,0x3c,0x66,0xd7,0x00,0x3c,0x66,0xd7,0x00,0x3c,0x66,0xd7,0x00,
    0x3c,0x66,0xd7,0x00,0x3c,0x66,0xd7,0x00,0x3c,0x66,0xd7,0x00,0x3c,0x66,0xd7,0x00,0x3c,0x66,0xd7,0x00,
    0x3c,0x66,0xd7,0x00,0x3c,0x66,0xd7,0x00,0x3c,0x66,0xd7,0x00,0x3c,0x66,0xd7,0x00,0x3c,0x66,0xd7,0x00,
    0x3c,0x66,0xd7,0x00,0x3c,0x66,0xd7,0x00,0x3c,0x66,0xd7,0x00,0x3c,0x66,0xd7,0x00,0x3c,0x66,0xd7,0x00,
    0x3c,0x66,0xd7,0x00,0x3c,0x66,0xd7,0x00,0x3c,0x66,0xd7,0x00,0x3c,0x66,0xd7,0x00,0x3c,0x66,0xd7,0x00,
    0x3c,0x66,0xd7,0x00,0x3c,0x66,0xd7,0x00,0x3c,0x66,0xd7,0x00,0x3c,0x66,0xd7,0x00,0x3c,0x66,0xd7,0x00,
    0x3c,0x66,0xd7,0x00,0x3c,0x66,0xd7,0x00,0x3c,0x66,0xd7,0x00,0x3c,0x66,0xd7,0x00,0x3c,0x66,0xd7,0x00,
    0x3c,0x66,0xd7,0x00,0x3c,0x66,0xd7,0x00,0x3c,0x66,0xd7,0x00,0x3c,0x66,0xd7,0x00,0x3c,0x66,0xd7,0x00,
    0x3c,0x66,0xd7,0x00,0x3c,0x66,0xd7,0x00,0x3c,0x66,0xd7,0x00,0x3c,0x66,0xd7,0x00,0x3c,0x66,0xd7,0x00,
    0x3c,0x66,0xd7,0x00,0x3c,0x66,0xd7,0x00,0x3c,0x66,0xd7,0x00,0x3c,0x66,0xd7,0x00,0x3c,0x66,0xd7,0x00,
    0x3c,0x66,0xd7,0x00,0x3c,0x66,0xd7,0x00,0x3c,0x66,0xd7,0x00,0x3c,0x66,0xd7,0x00,0x3c,0x66,0xd7,0x00,
    0x3c,0x66,0xd7,0x00,0x3c,0x66,0xd7,0x00,0x3c,0x66,0xd7,0x00,0x3c,0x66,0xd7,0x00,0x3c,0x66,0xd7,0x00,
    0x3c,0x66,0xd7,0x00,0x3c,0x66,0xd7,0x00,0x3c,0x66,0xd7,0x00,0x3c,0x66,0xd7,0x00,0x3c,0x66,0xd7,0x00,
    0x3c,0x66,0xd7,0x00,0x3c,0x66,0xd7,0x00,0x3c,0x66,0xd7,0x00,0x3c,0x66,0xd7,0x00,0x3c,0x66,0xd7,0x00,
    0x3c,0x66,0xd7,0x00,0x3c,0x66,0xd7,0x00,0x3c,0x66,0xd7,0x00,0x3c,0x66,0xd7,0x00,0x3c,0x66,0xd7,0x00,
    0x3c,0x66,0xd7,0x02,0x3c,0x66,0xd7,0x00,0x3c,0x66,0xd7,0x31,0x3c,0x66,0xd7,0xfb,0x3c,0x66,0xd7,0xfe,
    0x3c,0x66,0xd7,0xff,0x3c,0x66,0xd7,0xff,0x3c,0x66,0xd7,0xff,0x3c,0x66,0xd7,0xff,0x3c,0x66,0xd7,0xff,
    0x3c,0x66,0xd7,0xff,0x3c,0x66,0xd7,0xff,0x3c,0x66,0xd7,0xff,0x3c,0x66,0xd7,0xff,0x3c,0x66,0xd7,0xff,
    0x3c,0x66,0xd7,0xfb,0x3c,0x66,0xd7,0xff,0x3c,0x66,0xd7,0x6d,0x3c,0x66,0xd7,0x00,0x3c,0x66,0xd7,0x04,
    0x3c,0x66,0xd7,0x00,0x3c,0x66,0xd7,0x01,0x3c,0x66,0xd7,0x00,0x3c,0x66,0xd7,0x11,0x3c,0x66,0xd7,0xeb,
    0x3c,0x66,0xd7,0xff,0x3c,0x66,0xd7,0xbd,0x3c,0x66,0xd7,0x00,0x3c,0x66,0xd7,0x02,0x3c,0x66,0xd7,0x00,
    0x3c,0x66,0xd7,0x00,0x3c,0x66,0xd7,0x00,0x3c,0x66,0xd7,0x00,0x3c,0x66,0xd7,0x00,0x3c,0x66,0xd7,0x00,
    0x3c,0x66,0xd7,0x00,0x3c,0x66,0xd7,0x00,0x3c,0x66,0xd7,0x00,0x3c,0x66,0xd7,0x00,0x3c,0x66,0xd7,0x00,
    0x3c,0x66,0xd7,0x00,0x3c,0x66,0xd7,0x00,0x3c,0x66,0xd7,0x00,0x3c,0x66,0xd7,0x00,0x3c,0x66,0xd7,0x00,
    0x3c,0x66,0xd7,0x00,0x3c,0x66,0xd7,0x00,0x3c,0x66,0xd7,0x00,0x3c,0x66,0xd7,0x00,0x3c,0x66,0xd7,0x00,
    0x3c,0x66,0xd7,0x00,0x3c,0x66,0xd7,0x00,0x3c,0x66,0xd7,0x00,0x3c,0x66,0xd7,0x00,0x3c,0x66,0xd7,0x01,
    0x3c,0x66,0xd7,0x00,0x3c,0x66,0xd7,0x0d,0x3c,0x66,0xd7,0xe9,0x3c,0x66,0xd7,0xff,0x3c,0x66,0xd7,0xfe,
    0x3c,0x66,0xd7,0xff,0x3c,0x66,0xd7,0xff,0x3c,0x66,0xd7,0xff,0x3c,0x66,0xd7,0xff,0x3c,0x66,0xd7,0xff,
    0x3c,0x66,0xd7,0xff,0x3c,0x66,0xd7,0xff,0x3c,0x66,0xd7,0xff,0x3c,0x66,0xd7,0xff,0x3c,0x66,0xd7,0xfd,
    0x3c,0x66,0xd7,0xfd,0x3c,0x66,0xd7,0x3b,0x3c,0x66,0xd7,0x00,0x3c,0x66,0xd7,0x14,0x3c,0x66,0xd7,0xeb,
    0x3c,0x66,0xd7,0xff,0x3c,0x66,0xd7,0xbd,0x3c,0x66,0xd7,0x00,0x3c,0x66,0xd7,0x02,0x3c,0x66,0xd7,0x00,
    0x3c,0x66,0xd7,0x00,0x3c,0x66,0xd7,0x00,0x3c,0x66,0xd7,0x00,0x3c,0x66,0xd7,0x00,0x3c,0x66,0xd7,0x00,
    0x3c,0x66,0xd7,0x00,0x3c,0x66,0xd7,0x00,0x3c,0x66,0xd7,0x00,0x3c,0x66,0xd7,0x00,0x3c,0x66,0xd7,0x00,
    0x3c,0x66,0xd7,0x00,0x3c,0x66,0xd7,0x00,0x3c,0x66,0xd7,0x00,0x3c,0x66,0xd7,0x00,0x3c,0x66,0xd7,0x00,
    0x3c,0x66,0xd7,0x00,0x3c,0x66,0xd7,0x00,0x3c,0x66,0xd7,0x00,0x3c,0x66,0xd7,0x00,0x3c,0x66,0xd7,0x00,
    0x3c,0x66,0xd7,0x00,0x3c,0x66,0xd7,0x00,0x3c,0x66,0xd7,0x00,0x3c,0x66,0xd7,0x00,0x3c,0x66,0xd7,0x00,
    0x3c,0x66,0xd7,0x00,0x3c,0x66,0xd7,0x02,0x3c,0x66,0xd7,0x00,0x3c,0x66,0xd7,0x1f,0x3c,0x66,0xd7,0xf3,
    0x3c,0x66,0xd7,0xfe,0x3c,0x66,0xd7,0xfe,0x3c,0x66,0xd7,0xff,0x3c,0x66,0xd7,0xff,0x3c,0x66,0xd7,0xff,
    0x3c,0x66,0xd7,0xff,0x3c,0x66,0xd7,0xff,0x3c,0x66,0xd7,0xff,0x3c,0x66,0xd7,0xff,0x3c,0x66,0xd7,0xfc,
    0x3c,0x66,0xd7,0xff,0x3c,0x66,0xd7,0x53,0x3c,0x66,0xd7,0x00,0x3c,0x66,0xd7,0x03,0x3c,0x66,0xd7,0x00,
    0x3c,0x66,0xd7,0x00,0x3c,0x66,0xd7,0x00,0x3c,0x66,0xd7,0x00,0x3c,0x66,0xd7,0x00,0x3c,0x66,0xd7,0x02,
    0x3c,0x66,0xd7,0x00,0x3c,0x66,0xd7,0xc7,0x3c,0x66,0xd7,0xd0,0x3c,0x66,0xd7,0x00,0x3c,0x66,0xd7,0x02,
    0x3c,0x66,0xd7,0x00,0x3c,0x66,0xd7,0x00,0x3c,0x66,0xd7,0x00,0x3c,0x66,0xd7,0x00,0x3c,0x66,0xd7,0x00,
    0x3c,0x66,0xd7,0x00,0x3c,0x66,0xd7,0x00,0x3c,0x66,0xd7,0x00,0x3c,0x66,0xd7,0x00,0x3c,0x66,0xd7,0x00,
    0x3c,0x66,0xd7,0x00,0x3c,0x66,0xd7,0x00,0x3c,0x66,0xd7,0x00,0x3c,0x66,0xd7,0x00,0x3c,0x66,0xd7,0x00,
    0x3c,0x66,0xd7,0x00,0x3c,0x66,0xd7,0x00,0x3c,0x66,0xd7,0x00,0x3c,0x66,0xd7,0x00,0x3c,0x66,0xd7,0x00,
    0x3c,0x66,0xd7,0x00,0x3c,0x66,0xd7,0x00,0x3c,0x66,0xd7,0x00,0x3c,0x66,0xd7,0x00,0x3c,0x66,0xd7,0x03,
    0x3c,0x66,0xd7,0x00,0x3c,0x66,0xd7,0x32,0x3c,0x66,0xd7,0xbb,0x3c,0x66,0xd7,0xfb,0x3c,0x66,0xd7,0xff,
    0x3c,0x66,0xd7,0xff,0x3c,0x66,0xd7,0xff,0x3c,0x66,0xd7,0xff,0x3c,0x66,0xd7,0xff,0x3c,0x66,0xd7,0xd2,
    0x3c,0x66,0xd7,0x57,0x3c,0x66,0xd7,0x00,0x3c,0x66,0xd7,0x02,0x3c,0x66,0xd7,0x00,0x3c,0x66,0xd7,0x00,
    0x3c,0x66,0xd7,0x00,0x3c,0x66,0xd7,0x00,0x3c,0x66,0xd7,0x00,0x3c,0x66,0xd7,0x02,0x3c,0x66,0xd7,0x02,
    0x3c,0x66,0xd7,0x00,0x3c,0x66,0xd7,0x00,0x3c,0x66,0xd7,0x00,0x3c,0x66,0xd7,0x00,0x3c,0x66,0xd7,0x00,
    0x3c,0x66,0xd7,0x00,0x3c,0x66,0xd7,0x00,0x3c,0x66,0xd7,0x00,0x3c,0x66,0xd7,0x00,0x3c,0x66,0xd7,0x00,
    0x3c,0x66,0xd7,0x00,0x3c,0x66,0xd7,0x00,0x3c,0x66,0xd7,0x00,0x3c,0x66,0xd7,0x00,0x3c,0x66,0xd7,0x00,
    0x3c,0x66,0xd7,0x00,0x3c,0x66,0xd7,0x00,0x3c,0x66,0xd7,0x00,0x3c,0x66,0xd7,0x00,0x3c,0x66,0xd7,0x00,
    0x3c,0x66,0xd7,0x00,0x3c,0x66,0xd7,0x00,0x3c,0x66,0xd7,0x00,0x3c,0x66,0xd7,0x00,0x3c,0x66,0xd7,0x00,
    0x3c,0x66,0xd7,0x00,0x3c,0x66,0xd7,0x00,0x3c,0x66,0xd7,0x00,0x3c,0x66,0xd7,0x00,0x3c,0x66,0xd7,0x00,
    0x3c,0x66,0xd7,0x00,0x3c,0x66,0xd7,0x00,0x3c,0x66,0xd7,0x00,0x3c,0x66,0xd7,0x00,0x3c,0x66,0xd7,0x00,
    0x3c,0x66,0xd7,0x00,0x3c,0x66,0xd7,0x00,0x3c,0x66,0xd7,0x00,0x3c,0x66,0xd7,0x00,0x3c,0x66,0xd7,0x00,
    0x3c,0x66,0xd7,0x00,0x3c,0x66,0xd7,0x00,0x3c,0x66,0xd7,0x00,0x3c,0x66,0xd7,0x00,0x3c,0x66,0xd7,0x00,
    0x3c,0x66,0xd7,0x00,0x3c,0x66,0xd7,0x00,0x3c,0x66,0xd7,0x00,0x3c,0x66,0xd7,0x00,0x3c,0x66,0xd7,0x00,
    0x3c,0x66,0xd7,0x00,0x3c,0x66,0xd7,0x00,0x3c,0x66,0xd7,0x00,0x3c,0x66,0xd7,0x00,0x3c,0x66,0xd7,0x00,
    0x3c,0x66,0xd7,0x00,0x3c,0x66,0xd7,0x00,0x3c,0x66,0xd7,0x00,0x3c,0x66,0xd7,0x00,0x3c,0x66,0xd7,0x00,
    0x3c,0x66,0xd7,0x00,0x3c,0x66,0xd7,0x00,0x3c,0x66,0xd7,0x00,0x3c,0x66,0xd7,0x00,0x3c,0x66,0xd7,0x00,
    0x3c,0x66,0xd7,0x00,0x3c,0x66,0xd7,0x00,0x3c,0x66,0xd7,0x00,0x3c,0x66,0xd7,0x00,0x3c,0x66,0xd7,0x00,
    0x3c,0x66,0xd7,0x00,0x3c,0x66,0xd7,0x00,0x3c,0x66,0xd7,0x00,0x3c,0x66,0xd7,0x00,0x3c,0x66,0xd7,0x00,
    0x3c,0x66,0xd7,0x00,0x3c,0x66,0xd7,0x00,0x3c,0x66,0xd7,0x00,0x3c,0x66,0xd7,0x00,0x3c,0x66,0xd7,0x00,
    0x3c,0x66,0xd7,0x00,0x3c,0x66,0xd7,0x00,0x3c,0x66,0xd7,0x00,0x3c,0x66,0xd7,0x00,0x3c,0x66,0xd7,0x00,
    0x3c,0x66,0xd7,0x00,0x3c,0x66,0xd7,0x00,0x3c,0x66,0xd7,0x00,0x3c,0x66,0xd7,0x00,0x3c,0x66,0xd7,0x00,
    0x3c,0x66,0xd7,0x00,0x3c,0x66,0xd7,0x00,0x3c,0x66,0xd7,0x00,0x3c,0x66,0xd7,0x00,0x3c,0x66,0xd7,0x00,
    0x3c,0x66,0xd7,0x00,0x3c,0x66,0xd7,0x00,0x3c,0x66,0xd7,0x00,0x3c,0x66,0xd7,0x00,0x3c,0x66,0xd7,0x00,
    0x3c,0x66,0xd7,0x00,0x3c,0x66,0xd7,0x00,0x3c,0x66,0xd7,0x00,0x3c,0x66,0xd7,0x00,0x3c,0x66,0xd7,0x00,
    0x3c,0x66,0xd7,0x00,0x3c,0x66,0xd7,0x00,0x3c,0x66,0xd7,0x00,0x3c,0x66,0xd7,0x00,0x3c,0x66,0xd7,0x00,
    0x3c,0x66,0xd7,0x00,0x3c,0x66,0xd7,0x00,0x3c,0x66,0xd7,0x00,0x3c,0x66,0xd7,0x00,0x3c,0x66,0xd7,0x00,
    0x3c,0x66,0xd7,0x00,0x3c,0x66,0xd7,0x00,0x3c,0x66,0xd7,0x00,0x3c,0x66,0xd7,0x00,0x3c,0x66,0xd7,0x00,
    0x3c,0x66,0xd7,0x04,0x3c,0x66,0xd7,0x00,0x3c,0x66,0xd7,0x60,0x3c,0x66,0xd7,0xff,0x3c,0x66,0xd7,0xfc,
    0x3c,0x66,0xd7,0xff,0x3c,0x66,0xd7,0xff,0x3c,0x66,0xd7,0xff,0x3c,0x66,0xd7,0xff,0x3c,0x66,0xd7,0xff,
    0x3c,0x66,0xd7,0xff,0x3c,0x66,0xd7,0xff,0x3c,0x66,0xd7,0xff,0x3c,0x66,0xd7,0xff,0x3c,0x66,0xd7,0xff,
    0x3c,0x66,0xd7,0xfb,0x3c,0x66,0xd7,0xff,0x3c,0x66,0xd7,0xa0,0x3c,0x66,0xd7,0x00,0x3c,0x66,0xd7,0x03,
    0x3c,0x66,0xd7,0x00,0x3c,0x66,0xd7,0x01,0x3c,0x66,0xd7,0x00,0x3c,0x66,0xd7,0x11,0x3c,0x66,0xd7,0xeb,
    0x3c,0x66,0xd7,0xff,0x3c,0x66,0xd7,0xbd,0x3c,0x66,0xd7,0x00,0x3c,0x66,0xd7,0x02,0x3c,0x66,0xd7,0x00,
    0x3c,0x66,0xd7,0x00,0x3c,0x66,0xd7,0x00,0x3c,0x66,0xd7,0x00,0x3c,0x66,0xd7,0x00,0x3c,0x66,0xd7,0x00,
    0x3c,0x66,0xd7,0x00,0x3c,0x66,0xd7,0x00,0x3c,0x66,0xd7,0x00,0x3c,0x66,0xd7,0x00,0x3c,0x66,0xd7,0x00,
    0x3c,0x66,0xd7,0x00,0x3c,0x66,0xd7,0x00,0x3c,0x66,0xd7,0x00,0x3c,0x66,0xd7,0x00,0x3c,0x66,0xd7,0x00,
    0x3c,0x66,0xd7,0x00,0x3c,0x66,0xd7,0x00,0x3c,0x66,0xd7,0x00,0x3c,0x66,0xd7,0x00,0x3c,0x66,0xd7,0x00,
    0x3c,0x66,0xd7,0x00,0x3c,0x66,0xd7,0x00,0x3c,0x66,0xd7,0x00,0x3c,0x66,0xd7,0x00,0x3c,0x66,0xd7,0x02,
    0x3c,0x66,0xd7,0x00,0x3c,0x66,0xd7,0x1e,0x3c,0x66,0xd7,0xf3,0x3c,0x66,0xd7,0xfe,0x3c,0x66,0xd7,0xfe,
    0x3c,0x66,0xd7,0xff,0x3c,0x66,0xd7,0xff,0x3c,0x66,0xd7,0xff,0x3c,0x66,0xd7,0xff,0x3c,0x66,0xd7,0xff,
    0x3c,0x66,0xd7,0xff,0x3c,0x66,0xd7,0xff,0x3c,0x66,0xd7,0xff,0x3c,0x66,0xd7,0xff,0x3c,0x66,0xd7,0xfc,
    0x3c,0x66,0xd7,0xff,0x3c,0x66,0xd7,0x54,0x3c,0x66,0xd7,0x00,0x3c,0x66,0xd7,0x14,0x3c,0x66,0xd7,0xeb,
    0x3c,0x66,0xd7,0xff,0x3c,0x66,0xd7,0xbd,0x3c,0x66,0xd7,0x00,0x3c,0x66,0xd7,0x02,0x3c,0x66,0xd7,0x00,
    0x3c,0x66,0xd7,0x00,0x3c,0x66,0xd7,0x00,0x3c,0x66,0xd7,0x00,0x3c,0x66,0xd7,0x00,0x3c,0x66,0xd7,0x00,
    0x3c,0x66,0xd7,0x00,0x3c,0x66,0xd7,0x00,0x3c,0x66,0xd7,0x00,0x3c,0x66,0xd7,0x00,0x3c,0x66,0xd7,0x00,
    0x3c,0x66,0xd7,0x00,0x3c,0x66,0xd7,0x00,0x3c,0x66,0xd7,0x00,0x3c,0x66,0xd7,0x00,0x3c,0x66,0xd7,0x00,
    0x3c,0x66,0xd7,0x00,0x3c,0x66,0xd7,0x00,0x3c,0x66,0xd7,0x00,0x3c,0x66,0xd7,0x00,0x3c,0x66,0xd7,0x00,
    0x3c,0x66,0xd7,0x00,0x3c,0x66,0xd7,0x00,0x3c,0x66,0xd7,0x00,0x3c,0x66,0xd7,0x00,0x3c,0x66,0xd7,0x00,
    0x3c,0x66,0xd7,0x00,0x3c,0x66,0xd7,0x03,0x3c,0x66,0xd7,0x00,0x3c,0x66,0xd7,0x3f,0x3c,0x66,0xd7,0xff,
    0x3c,0x66,0xd7,0xfd,0x3c,0x66,0xd7,0xff,0x3c,0x66,0xd7,0xff,0x3c,0x66,0xd7,0xff,0x3c,0x66,0xd7,0xff,
    0x3c,0x66,0xd7,0xff,0x3c,0x66,0xd7,0xff,0x3c,0x66,0xd7,0xff,0x3c,0x66,0xd7,0xff,0x3c,0x66,0xd7,0xfb,
    0x3c,0x66,0xd7,0xff,0x3c,0x66,0xd7,0x7e,0x3c,0x66,0xd7,0x00,0x3c,0x66,0xd7,0x04,0x3c,0x66,0xd7,0x00,
    0x3c,0x66,0xd7,0x00,0x3c,0x66,0xd7,0x00,0x3c,0x66,0xd7,0x00,0x3c,0x66,0xd7,0x01,0x3c,0x66,0xd7,0x01,
    0x3c,0x66,0xd7,0x07,0x3c,0x66,0xd7,0xe5,0x3c,0x66,0xd7,0xa6,0x3c,0x66,0xd7,0x00,0x3c,0x66,0xd7,0x03,
    0x3c,0x66,0xd7,0x00,0x3c,0x66,0xd7,0x00,0x3c,0x66,0xd7,0x00,0x3c,0x66,0xd7,0x00,0x3c,0x66,0xd7,0x00,
    0x3c,0x66,0xd7,0x00,0x3c,0x66,0xd7,0x00,0x3c,0x66,0xd7,0x00,0x3c,0x66,0xd7,0x00,0x3c,0x66,0xd7,0x00,
    0x3c,0x66,0xd7,0x00,0x3c,0x66,0xd7,0x00,0x3c,0x66,0xd7,0x00,0x3c,0x66,0xd7,0x00,0x3c,0x66,0xd7,0x00,
    0x3c,0x66,0xd7,0x00,0x3c,0x66,0xd7,0x00,0x3c,0x66,0xd7,0x00,0x3c,0x66,0xd7,0x00,0x3c,0x66,0xd7,0x00,
    0x3c,0x66,0xd7,0x00,0x3c,0x66,0xd7,0x00,0x3c,0x66,0xd7,0x00,0x3c,0x66,0xd7,0x02,0x3c,0x66,0xd7,0x00,
    0x3c,0x66,0xd7,0x5c,0x3c,0x66,0xd7,0xf2,0x3c,0x66,0xd7,0xff,0x3c,0x66,0xd7,0xff,0x3c,0x66,0xd7,0xfc,
    0x3c,0x66,0xd7,0xfb,0x3c,0x66,0xd7,0xfb,0x3c,0x66,0xd7,0xfb,0x3c,0x66,0xd7,0xfe,0x3c,0x66,0xd7,0xff,
    0x3c,0x66,0xd7,0xff,0x3c,0x66,0xd7,0x8d,0x3c,0x66,0xd7,0x00,0x3c,0x66,0xd7,0x02,0x3c,0x66,0xd7,0x00,
    0x3c,0x66,0xd7,0x01,0x3c,0x66,0xd7,0x0f,0x3c,0x66,0xd7,0x11,0x3c,0x66,0xd7,0x00,0x3c,0x66,0xd7,0x00,
    0x3c,0x66,0xd7,0x01,0x3c,0x66,0xd7,0x04,0x3c,0x66,0xd7,0x02,0x3c,0x66,0xd7,0x00,0x3c,0x66,0xd7,0x00,
    0x3c,0x66,0xd7,0x00,0x3c,0x66,0xd7,0x00,0x3c,0x66,0xd7,0x00,0x3c,0x66,0xd7,0x00,0x3c,0x66,0xd7,0x00,
    0x3c,0x66,0xd7,0x00,0x3c,0x66,0xd7,0x00,0x3c,0x66,0xd7,0x00,0x3c,0x66,0xd7,0x00,0x3c,0x66,0xd7,0x00,
    0x3c,0x66,0xd7,0x00,0x3c,0x66,0xd7,0x00,0x3c,0x66,0xd7,0x00,0x3c,0x66,0xd7,0x00,0x3c,0x66,0xd7,0x00,
    0x3c,0x66,0xd7,0x00,0x3c,0x66,0xd7,0x00,0x3c,0x66,0xd7,0x00,0x3c,0x66,0xd7,0x00,0x3c,0x66,0xd7,0x00,
    0x3c,0x66,0xd7,0x00,0x3c,0x66,0xd7,0x00,0x3c,0x66,0xd7,0x00,0x3c,0x66,0xd7,0x00,0x3c,0x66,0xd7,0x00,
    0x3c,0x66,0xd7,0x00,0x3c,0x66,0xd7,0x00,0x3c,0x66,0xd7,0x00,0x3c,0x66,0xd7,0x00,0x3c,0x66,0xd7,0x00,
    0x3c,0x66,0xd7,0x00,0x3c,0x66,0xd7,0x00,0x3c,0x66,0xd7,0x00,0x3c,0x66,0xd7,0x00,0x3c,0x66,0xd7,0x00,
    0x3c,0x66,0xd7,0x00,0x3c,0x66,0xd7,0x00,0x3c,0x66,0xd7,0x00,0x3c,0x66,0xd7,0x00,0x3c,0x66,0xd7,0x00,
    0x3c,0x66,0xd7,0x00,0x3c,0x66,0xd7,0x00,0x3c,0x66,0xd7,0x00,0x3c,0x66,0xd7,0x00,0x3c,0x66,0xd7,0x00,
    0x3c,0x66,0xd7,0x00,0x3c,0x66,0xd7,0x00,0x3c,0x66,0xd7,0x00,0x3c,0x66,0xd7,0x00,0x3c,0x66,0xd7,0x00,
    0x3c,0x66,0xd7,0x00,0x3c,0x66,0xd7,0x00,0x3c,0x66,0xd7,0x00,0x3c,0x66,0xd7,0x00,0x3c,0x66,0xd7,0x00,
    0x3c,0x66,0xd7,0x00,0x3c,0x66,0xd7,0x00,0x3c,0x66,0xd7,0x00,0x3c,0x66,0xd7,0x00,0x3c,0x66,0xd7,0x00,
    0x3c,0x66,0xd7,0x00,0x3c,0x66,0xd7,0x00,0x3c,0x66,0xd7,0x00,0x3c,0x66,0xd7,0x00,0x3c,0x66,0xd7,0x00,
    0x3c,0x66,0xd7,0x00,0x3c,0x66,0xd7,0x00,0x3c,0x66,0xd7,0x00,0x3c,0x66,0xd7,0x00,0x3c,0x66,0xd7,0x00,
    0x3c,0x66,0xd7,0x00,0x3c,0x66,0xd7,0x00,0x3c,0x66,0xd7,0x00,0x3c,0x66,0xd7,0x00,0x3c,0x66,0xd7,0x00,
    0x3c,0x66,0xd7,0x00,0x3c,0x66,0xd7,0x00,0x3c,0x66,0xd7,0x00,0x3c,0x66,0xd7,0x00,0x3c,0x66,0xd7,0x00,
    0x3c,0x66,0xd7,0x00,0x3c,0x66,0xd7,0x00,0x3c,0x66,0xd7,0x00,0x3c,0x66,0xd7,0x00,0x3c,0x66,0xd7,0x00,
    0x3c,0x66,0xd7,0x00,0x3c,0x66,0xd7,0x00,0x3c,0x66,0xd7,0x00,0x3c,0x66,0xd7,0x00,0x3c,0x66,0xd7,0x00,
    0x3c,0x66,0xd7,0x00,0x3c,0x66,0xd7,0x00,0x3c,0x66,0xd7,0x00,0x3c,0x66,0xd7,0x00,0x3c,0x66,0xd7,0x00,
    0x3c,0x66,0xd7,0x00,0x3c,0x66,0xd7,0x00,0x3c,0x66,0xd7,0x00,0x3c,0x66,0xd7,0x00,0x3c,0x66,0xd7,0x00,
    0x3c,0x66,0xd7,0x00,0x3c,0x66,0xd7,0x00,0x3c,0x66,0xd7,0x00,0x3c,0x66,0xd7,0x00,0x3c,0x66,0xd7,0x00,
    0x3c,0x66,0xd7,0x00,0x3c,0x66,0xd7,0x00,0x3c,0x66,0xd7,0x00,0x3c,0x66,0xd7,0x00,0x3c,0x66,0xd7,0x00,
    0x3c,0x66,0xd7,0x00,0x3c,0x66,0xd7,0x00,0x3c,0x66,0xd7,0x00,0x3c,0x66,0xd7,0x00,0x3c,0x66,0xd7,0x00,
    0x3c,0x66,0xd7,0x04,0x3c,0x66,0xd7,0x00,0x3c,0x66,0xd7,0x93,0x3c,0x66,0xd7,0xff,0x3c,0x66,0xd7,0xfb,
    0x3c,0x66,0xd7,0xff,0x3c,0x66,0xd7,0xff,0x3c,0x66,0xd7,0xff,0x3c,0x66,0xd7,0xff,0x3c,0x66,0xd7,0xff,
    0x3c,0x66,0xd7,0xff,0x3c,0x66,0xd7,0xff,0x3c,0x66,0xd7,0xff,0x3c,0x66,0xd7,0xff,0x3c,0x66,0xd7,0xff,
    0x3c,0x66,0xd7,0xfd,0x3c,0x66,0xd7,0xff,0x3c,0x66,0xd7,0xce,0x3c,0x66,0xd7,0x04,0x3c,0x66,0xd7,0x01,
    0x3c,0x66,0xd7,0x00,0x3c,0x66,0xd7,0x01,0x3c,0x66,0xd7,0x00,0x3c,0x66,0xd7,0x11,0x3c,0x66,0xd7,0xeb,
    0x3c,0x66,0xd7,0xff,0x3c,0x66,0xd7,0xbd,0x3c,0x66,0xd7,0x00,0x3c,0x66,0xd7,0x02,0x3c,0x66,0xd7,0x00,
    0x3c,0x66,0xd7,0x00,0x3c,0x66,0xd7,0x00,0x3c,0x66,0xd7,0x00,0x3c,0x66,0xd7,0x00,0x3c,0x66,0xd7,0x00,
    0x3c,0x66,0xd7,0x00,0x3c,0x66,0xd7,0x00,0x3c,0x66,0xd7,0x00,0x3c,0x66,0xd7,0x00,0x3c,0x66,0xd7,0x00,
    0x3c,0x66,0xd7,0x00,0x3c,0x66,0xd7,0x00,0x3c,0x66,0xd7,0x00,0x3c,0x66,0xd7,0x00,0x3c,0x66,0xd7,0x00,
    0x3c,0x66,0xd7,0x00,0x3c,0x66,0xd7,0x00,0x3c,0x66,0xd7,0x00,0x3c,0x66,0xd7,0x00,0x3c,0x66,0xd7,0x00,
    0x3c,0x66,0xd7,0x00,0x3c,0x66,0xd7,0x00,0x3c,0x66,0xd7,0x00,0x3c,0x66,0xd7,0x00,0x3c,0x66,0xd7,0x03,
    0x3c,0x66,0xd7,0x00,0x3c,0x66,0xd7,0x41,0x3c,0x66,0xd7,0xff,0x3c,0x66,0xd7,0xfd,0x3c,0x66,0xd7,0xff,
    0x3c,0x66,0xd7,0xff,0x3c,0x66,0xd7,0xff,0x3c,0x66,0xd7,0xff,0x3c,0x66,0xd7,0xff,0x3c,0x66,0xd7,0xff,
    0x3c,0x66,0xd7,0xff,0x3c,0x66,0xd7,0xff,0x3c,0x66,0xd7,0xff,0x3c,0x66,0xd7,0xff,0x3c,0x66,0xd7,0xfb,
    0x3c,0x66,0xd7,0xff,0x3c,0x66,0xd7,0x81,0x3c,0x66,0xd7,0x00,0x3c,0x66,0xd7,0x15,0x3c,0x66,0xd7,0xeb,
    0x3c,0x66,0xd7,0xff,0x3c,0x66,0xd7,0xbd,0x3c,0x66,0xd7,0x00,0x3c,0x66,0xd7,0x02,0x3c,0x66,0xd7,0x00,
    0x3c,0x66,0xd7,0x00,0x3c,0x66,0xd7,0x00,0x3c,0x66,0xd7,0x00,0x3c,0x66,0xd7,0x00,0x3c,0x66,0xd7,0x00,
    0x3c,0x66,0xd7,0x00,0x3c,0x66,0xd7,0x00,0x3c,0x66,0xd7,0x00,0x3c,0x66,0xd7,0x00,0x3c,0x66,0xd7,0x00,
    0x3c,0x66,0xd7,0x00,0x3c,0x66,0xd7,0x00,0x3c,0x66,0xd7,0x00,0x3c,0x66,0xd7,0x00,0x3c,0x66,0xd7,0x00,
    0x3c,0x66,0xd7,0x00,0x3c,0x66,0xd7,0x00,0x3c,0x66,0xd7,0x00,0x3c,0x66,0xd7,0x00,0x3c,0x66,0xd7,0x00,
    0x3c,0x66,0xd7,0x00,0x3c,0x66,0xd7,0x00,0x3c,0x66,0xd7,0x00,0x3c,0x66,0xd7,0x00,0x3c,0x66,0xd7,0x00,
    0x3c,0x66,0xd7,0x00,0x3c,0x66,0xd7,0x04,0x3c,0x66,0xd7,0x00,0x3c,0x66,0xd7,0x5f,0x3c,0x66,0xd7,0xff,
    0x3c,0x66,0xd7,0xfc,0x3c,0x66,0xd7,0xff,0x3c,0x66,0xd7,0xff,0x3c,0x66,0xd7,0xff,0x3c,0x66,0xd7,0xff,
    0x3c,0x66,0xd7,0xff,0x3c,0x66,0xd7,0xff,0x3c,0x66,0xd7,0xff,0x3c,0x66,0xd7,0xff,0x3c,0x66,0xd7,0xfb,
    0x3c,0x66,0xd7,0xff,0x3c,0x66,0xd7,0x9e,0x3c,0x66,0xd7,0x00,0x3c,0x66,0xd7,0x03,0x3c,0x66,0xd7,0x00,
    0x3c,0x66,0xd7,0x00,0x3c,0x66,0xd7,0x00,0x3c,0x66,0xd7,0x00,0x3c,0x66,0xd7,0x01,0x3c,0x66,0xd7,0x00,
    0x3c,0x66,0xd7,0x0a,0x3c,0x66,0xd7,0xff,0x3c,0x66,0xd7,0x83,0x3c,0x66,0xd7,0x00,0x3c,0x66,0xd7,0x04,
    0x3c,0x66,0xd7,0x00,0x3c,0x66,0xd7,0x00,0x3c,0x66,0xd7,0x00,0x3c,0x66,0xd7,0x00,0x3c,0x66,0xd7,0x00,
    0x3c,0x66,0xd7,0x00,0x3c,0x66,0xd7,0x00,0x3c,0x66,0xd7,0x00,0x3c,0x66,0xd7,0x00,0x3c,0x66,0xd7,0x00,
    0x3c,0x66,0xd7,0x00,0x3c,0x66,0xd7,0x00,0x3c,0x66,0xd7,0x00,0x3c,0x66,0xd7,0x00,0x3c,0x66,0xd7,0x00,
    0x3c,0x66,0xd7,0x00,0x3c,0x66,0xd7,0x00,0x3c,0x66,0xd7,0x00,0x3c,0x66,0xd7,0x00,0x3c,0x66,0xd7,0x00,
    0x3c,0x66,0xd7,0x00,0x3c,0x66,0xd7,0x00,0x3c,0x66,0xd7,0x02,0x3c,0x66,0xd7,0x01,0x3c,0x66,0xd7,0x21,
    0x3c,0x66,0xd7,0xf5,0x3c,0x66,0xd7,0xff,0x3c,0x66,0xd7,0xfb,0x3c,0x66,0xd7,0xff,0x3c,0x66,0xd7,0xff,
    0x3c,0x66,0xd7,0xff,0x3c,0x66,0xd7,0xff,0x3c,0x66,0xd7,0xff,0x3c,0x66,0xd7,0xff,0x3c,0x66,0xd7,0xfd,
    0x3c,0x66,0xd7,0xfc,0x3c,0x66,0xd7,0xff,0x3c,0x66,0xd7,0x52,0x3c,0x66,0xd7,0x00,0x3c,0x66,0xd7,0x00,
    0x3c,0x66,0xd7,0x0f,0x3c,0x66,0xd7,0xdd,0x3c,0x66,0xd7,0xee,0x3c,0x66,0xd7,0x8b,0x3c,0x66,0xd7,0x29,
    0x3c,0x66,0xd7,0x00,0x3c,0x66,0xd7,0x00,0x3c,0x66,0xd7,0x00,0x3c,0x66,0xd7,0x01,0x3c,0x66,0xd7,0x02,
    0x3c,0x66,0xd7,0x00,0x3c,0x66,0xd7,0x00,0x3c,0x66,0xd7,0x00,0x3c,0x66,0xd7,0x00,0x3c,0x66,0xd7,0x00,
    0x3c,0x66,0xd7,0x00,0x3c,0x66,0xd7,0x00,0x3c,0x66,0xd7,0x00,0x3c,0x66,0xd7,0x00,0x3c,0x66,0xd7,0x00,
    0x3c,0x66,0xd7,0x00,0x3c,0x66,0xd7,0x00,0x3c,0x66,0xd7,0x00,0x3c,0x66,0xd7,0x00,0x3c,0x66,0xd7,0x00,
    0x3c,0x66,0xd7,0x00,0x3c,0x66,0xd7,0x00,0x3c,0x66,0xd7,0x00,0x3c,0x66,0xd7,0x00,0x3c,0x66,0xd7,0x00,
    0x3c,0x66,0xd7,0x00,0x3c,0x66,0xd7,0x00,0x3c,0x66,0xd7,0x00,0x3c,0x66,0xd7,0x00,0x3c,0x66,0xd7,0x00,
    0x3c,0x66,0xd7,0x00,0x3c,0x66,0xd7,0x00,0x3c,0x66,0xd7,0x00,0x3c,0x66,0xd7,0x00,0x3c,0x66,0xd7,0x00,
    0x3c,0x66,0xd7,0x00,0x3c,0x66,0xd7,0x00,0x3c,0x66,0xd7,0x00,0x3c,0x66,0xd7,0x00,0x3c,0x66,0xd7,0x00,
    0x3c,0x66,0xd7,0x00,0x3c,0x66,0xd7,0x00,0x3c,0x66,0xd7,0x00,0x3c,0x66,0xd7,0x00,0x3c,0x66,0xd7,0x00,
    0x3c,0x66,0xd7,0x00,0x3c,0x66,0xd7,0x00,0x3c,0x66,0xd7,0x00,0x3c,0x66,0xd7,0x00,0x3c,0x66,0xd7,0x00,
    0x3c,0x66,0xd7,0x00,0x3c,0x66,0xd7,0x00,0x3c,0x66,0xd7,0x00,0x3c,0x66,0xd7,0x00,0x3c,0x66,0xd7,0x00,
    0x3c,0x66,0xd7,0x00,0x3c,0x66,0xd7,0x00,0x3c,0x66,0xd7,0x00,0x3c,0x66,0xd7,0x00,0x3c,0x66,0xd7,0x00,
    0x3c,0x66,0xd7,0x00,0x3c,0x66,0xd7,0x00,0x3c,0x66,0xd7,0x00,0x3c,0x66,0xd7,0x00,0x3c,0x66,0xd7,0x00,
    0x3c,0x66,0xd7,0x00,0x3c,0x66,0xd7,0x00,0x3c,0x66,0xd7,0x00,0x3c,0x66,0xd7,0x00,0x3c,0x66,0xd7,0x00,
    0x3c,0x66,0xd7,0x00,0x3c,0x66,0xd7,0x00,0x3c,0x66,0xd7,0x00,0x3c,0x66,0xd7,0x00,0x3c,0x66,0xd7,0x00,
    0x3c,0x66,0xd7,0x00,0x3c,0x66,0xd7,0x00,0x3c,0x66,0xd7,0x00,0x3c,0x66,0xd7,0x00,0x3c,0x66,0xd7,0x00,
    0x3c,0x66,0xd7,0x00,0x3c,0x66,0xd7,0x00,0x3c,0x66,0xd7,0x00,0x3c,0x66,0xd7,0x00,0x3c,0x66,0xd7,0x00,
    0x3c,0x66,0xd7,0x00,0x3c,0x66,0xd7,0x00,0x3c,0x66,0xd7,0x00,0x3c,0x66,0xd7,0x00,0x3c,0x66,0xd7,0x00,
    0x3c,0x66,0xd7,0x00,0x3c,0x66,0xd7,0x00,0x3c,0x66,0xd7,0x00,0x3c,0x66,0xd7,0x00,0x3c,0x66,0xd7,0x00,
    0x3c,0x66,0xd7,0x00,0x3c,0x66,0xd7,0x00,0x3c,0x66,0xd7,0x00,0x3c,0x66,0xd7,0x00,0x3c,0x66,0xd7,0x00,
    0x3c,0x66,0xd7,0x00,0x3c,0x66,0xd7,0x00,0x3c,0x66,0xd7,0x00,0x3c,0x66,0xd7,0x00,0x3c,0x66,0xd7,0x00,
    0x3c,0x66,0xd7,0x00,0x3c,0x66,0xd7,0x00,0x3c,0x66,0xd7,0x00,0x3c,0x66,0xd7,0x00,0x3c,0x66,0xd7,0x00,
    0x3c,0x66,0xd7,0x00,0x3c,0x66,0xd7,0x00,0x3c,0x66,0xd7,0x00,0x3c,0x66,0xd7,0x00,0x3c,0x66,0xd7,0x00,
    0x3c,0x66,0xd7,0x00,0x3c,0x66,0xd7,0x00,0x3c,0x66,0xd7,0x00,0x3c,0x66,0xd7,0x00,0x3c,0x66,0xd7,0x00,
    0x3c,0x66,0xd7,0x02,0x3c,0x66,0xd7,0x02,0x3c,0x66,0xd7,0xc3,0x3c,0x66,0xd7,0xff,0x3c,0x66,0xd7,0xfc,
    0x3c,0x66,0xd7,0xff,0x3c,0x66,0xd7,0xff,0x3c,0x66,0xd7,0xff,0x3c,0x66,0xd7,0xff,0x3c,0x66,0xd7,0xff,
    0x3c,0x66,0xd7,0xff,0x3c,0x66,0xd7,0xff,0x3c,0x66,0xd7,0xff,0x3c,0x66,0xd7,0xff,0x3c,0x66,0xd7,0xff,
    0x3c,0x66,0xd7,0xfe,0x3c,0x66,0xd7,0xff,0x3c,0x66,0xd7,0xf0,0x3c,0x66,0xd7,0x15,0x3c,0x66,0xd7,0x00,
    0x3c,0x66,0xd7,0x01,0x3c,0x66,0xd7,0x01,0x3c,0x66,0xd7,0x00,0x3c,0x66,0xd7,0x11,0x3c,0x66,0xd7,0xeb,
    0x3c,0x66,0xd7,0xff,0x3c,0x66,0xd7,0xbd,0x3c,0x66,0xd7,0x00,0x3c,0x66,0xd7,0x02,0x3c,0x66,0xd7,0x00,
    0x3c,0x66,0xd7,0x00,0x3c,0x66,0xd7,0x00,0x3c,0x66,0xd7,0x00,0x3c,0x66,0xd7,0x00,0x3c,0x66,0xd7,0x00,
    0x3c,0x66,0xd7,0x00,0x3c,0x66,0xd7,0x00,0x3c,0x66,0xd7,0x00,0x3c,0x66,0xd7,0x00,0x3c,0x66,0xd7,0x00,
    0x3c,0x66,0xd7,0x00,0x3c,0x66,0xd7,0x00,0x3c,0x66,0xd7,0x00,0x3c,0x66,0xd7,0x00,0x3c,0x66,0xd7,0x00,
    0x3c,0x66,0xd7,0x00,0x3c,0x66,0xd7,0x00,0x3c,0x66,0xd7,0x00,0x3c,0x66,0xd7,0x00,0x3c,0x66,0xd7,0x00,
    0x3c,0x66,0xd7,0x00,0x3c,0x66,0xd7,0x00,0x3c,0x66,0xd7,0x00,0x3c,0x66,0xd7,0x00,0x3c,0x66,0xd7,0x04,
    0x3c,0x66,0xd7,0x00,0x3c,0x66,0xd7,0x6c,0x3c,0x66,0xd7,0xff,0x3c,0x66,0xd7,0xfb,0x3c,0x66,0xd7,0xff,
    0x3c,0x66,0xd7,0xff,0x3c,0x66,0xd7,0xff,0x3c,0x66,0xd7,0xff,0x3c,0x66,0xd7,0xff,0x3c,0x66,0xd7,0xff,
    0x3c,0x66,0xd7,0xff,0x3c,0x66,0xd7,0xff,0x3c,0x66,0xd7,0xff,0x3c,0x66,0xd7,0xff,0x3c,0x66,0xd7,0xfc,
    0x3c,0x66,0xd7,0xff,0x3c,0x66,0xd7,0xac,0x3c,0x66,0xd7,0x00,0x3c,0x66,0xd7,0x14,0x3c,0x66,0xd7,0xec,
    0x3c,0x66,0xd7,0xff,0x3c,0x66,0xd7,0xbd,0x3c,0x66,0xd7,0x00,0x3c,0x66,0xd7,0x02,0x3c,0x66,0xd7,0x00,
    0x3c,0x66,0xd7,0x00,0x3c,0x66,0xd7,0x00,0x3c,0x66,0xd7,0x00,0x3c,0x66,0xd7,0x00,0x3c,0x66,0xd7,0x00,
    0x3c,0x66,0xd7,0x00,0x3c,0x66,0xd7,0x00,0x3c,0x66,0xd7,0x00,0x3c,0x66,0xd7,0x00,0x3c,0x66,0xd7,0x00,
    0x3c,0x66,0xd7,0x00,0x3c,0x66,0xd7,0x00,0x3c,0x66,0xd7,0x00,0x3c,0x66,0xd7,0x00,0x3c,0x66,0xd7,0x00,
    0x3c,0x66,0xd7,0x00,0x3c,0x66,0xd7,0x00,0x3c,0x66,0xd7,0x00,0x3c,0x66,0xd7,0x00,0x3c,0x66,0xd7,0x00,
    0x3c,0x66,0xd7,0x00,0x3c,0x66,0xd7,0x00,0x3c,0x66,0xd7,0x00,0x3c,0x66,0xd7,0x00,0x3c,0x66,0xd7,0x00,
    0x3c,0x66,0xd7,0x00,0x3c,0x66,0xd7,0x04,0x3c,0x66,0xd7,0x00,0x3c,0x66,0xd7,0x89,0x3c,0x66,0xd7,0xff,
    0x3c,0x66,0xd7,0xfb,0x3c,0x66,0xd7,0xff,0x3c,0x66,0xd7,0xff,0x3c,0x66,0xd7,0xff,0x3c,0x66,0xd7,0xff,
    0x3c,0x66,0xd7,0xff,0x3c,0x66,0xd7,0xff,0x3c,0x66,0xd7,0xff,0x3c,0x66,0xd7,0xff,0x3c,0x66,0xd7,0xfc,
    0x3c,0x66,0xd7,0xff,0x3c,0x66,0xd7,0xc6,0x3c,0x66,0xd7,0x02,0x3c,0x66,0xd7,0x02,0x3c,0x66,0xd7,0x00,
    0x3c,0x66,0xd7,0x00,0x3c,0x66,0xd7,0x00,0x3c,0x66,0xd7,0x00,0x3c,0x66,0xd7,0x02,0x3c,0x66,0xd7,0x00,
    0x3c,0x66,0xd7,0x1a,0x3c,0x66,0xd7,0xfd,0x3c,0x66,0xd7,0x65,0x3c,0x66,0xd7,0x00,0x3c,0x66,0xd7,0x03,
    0x3c,0x66,0xd7,0x00,0x3c,0x66,0xd7,0x00,0x3c,0x66,0xd7,0x00,0x3c,0x66,0xd7,0x00,0x3c,0x66,0xd7,0x00,
    0x3c,0x66,0xd7,0x00,0x3c,0x66,0xd7,0x00,0x3c,0x66,0xd7,0x00,0x3c,0x66,0xd7,0x00,0x3c,0x66,0xd7,0x00,
    0x3c,0x66,0xd7,0x00,0x3c,0x66,0xd7,0x00,0x3c,0x66,0xd7,0x00,0x3c,0x66,0xd7,0x00,0x3c,0x66,0xd7,0x00,
    0x3c,0x66,0xd7,0x00,0x3c,0x66,0xd7,0x00,0x3c,0x66,0xd7,0x00,0x3c,0x66,0xd7,0x00,0x3c,0x66,0xd7,0x00,
    0x3c,0x66,0xd7,0x00,0x3c,0x66,0xd7,0x00,0x3c,0x66,0xd7,0x04,0x3c,0x66,0xd7,0x02,0x3c,0x66,0xd7,0x79,
    0x3c,0x66,0xd7,0xff,0x3c,0x66,0xd7,0xfa,0x3c,0x66,0xd7,0xff,0x3c,0x66,0xd7,0xff,0x3c,0x66,0xd7,0xff,
    0x3c,0x66,0xd7,0xff,0x3c,0x66,0xd7,0xff,0x3c,0x66,0xd7,0xff,0x3c,0x66,0xd7,0xff,0x3c,0x66,0xd7,0xff,
    0x3c,0x66,0xd7,0xfb,0x3c,0x66,0xd7,0xfd,0x3c,0x66,0xd7,0xb9,0x3c,0x66,0xd7,0x03,0x3c,0x66,0xd7,0x00,
    0x3c,0x66,0xd7,0x11,0x3c,0x66,0xd7,0xf2,0x3c,0x66,0xd7,0xff,0x3c,0x66,0xd7,0xff,0x3c,0x66,0xd7,0xfc,
    0x3c,0x66,0xd7,0xc5,0x3c,0x66,0xd7,0x74,0x3c,0x66,0xd7,0x29,0x3c,0x66,0xd7,0x00,0x3c,0x66,0xd7,0x00,
    0x3c,0x66,0xd7,0x00,0x3c,0x66,0xd7,0x00,0x3c,0x66,0xd7,0x00,0x3c,0x66,0xd7,0x00,0x3c,0x66,0xd7,0x00,
    0x3c,0x66,0xd7,0x00,0x3c,0x66,0xd7,0x00,0x3c,0x66,0xd7,0x00,0x3c,0x66,0xd7,0x00,0x3c,0x66,0xd7,0x00,
    0x3c,0x66,0xd7,0x00,0x3c,0x66,0xd7,0x00,0x3c,0x66,0xd7,0x00,0x3c,0x66,0xd7,0x00,0x3c,0x66,0xd7,0x00,
    0x3c,0x66,0xd7,0x00,0x3c,0x66,0xd7,0x00,0x3c,0x66,0xd7,0x00,0x3c,0x66,0xd7,0x00,0x3c,0x66,0xd7,0x00,
    0x3c,0x66,0xd7,0x00,0x3c,0x66,0xd7,0x00,0x3c,0x66,0xd7,0x00,0x3c,0x66,0xd7,0x00,0x3c,0x66,0xd7,0x00,
    0x3c,0x66,0xd7,0x00,0x3c,0x66,0xd7,0x01,0x3c,0x66,0xd7,0x03,0x3c,0x66,0xd7,0x04,0x3c,0x66,0xd7,0x04,
    0x3c,0x66,0xd7,0x04,0x3c,0x66,0xd7,0x02,0x3c,0x66,0xd7,0x00,0x3c,0x66,0xd7,0x00,0x3c,0x66,0xd7,0x00,
    0x3c,0x66,0xd7,0x00,0x3c,0x66,0xd7,0x00,0x3c,0x66,0xd7,0x00,0x3c,0x66,0xd7,0x00,0x3c,0x66,0xd7,0x00,
    0x3c,0x66,0xd7,0x00,0x3c,0x66,0xd7,0x00,0x3c,0x66,0xd7,0x00,0x3c,0x66,0xd7,0x00,0x3c,0x66,0xd7,0x00,
    0x3c,0x66,0xd7,0x00,0x3c,0x66,0xd7,0x00,0x3c,0x66,0xd7,0x00,0x3c,0x66,0xd7,0x00,0x3c,0x66,0xd7,0x00,
    0x3c,0x66,0xd7,0x00,0x3c,0x66,0xd7,0x00,0x3c,0x66,0xd7,0x00,0x3c,0x66,0xd7,0x00,0x3c,0x66,0xd7,0x00,
    0x3c,0x66,0xd7,0x00,0x3c,0x66,0xd7,0x00,0x3c,0x66,0xd7,0x00,0x3c,0x66,0xd7,0x00,0x3c,0x66,0xd7,0x00,
    0x3c,0x66,0xd7,0x00,0x3c,0x66,0xd7,0x00,0x3c,0x66,0xd7,0x00,0x3c,0x66,0xd7,0x00,0x3c,0x66,0xd7,0x00,
    0x3c,0x66,0xd7,0x00,0x3c,0x66,0xd7,0x00,0x3c,0x66,0xd7,0x00,0x3c,0x66,0xd7,0x00,0x3c,0x66,0xd7,0x00,
    0x3c,0x66,0xd7,0x00,0x3c,0x66,0xd7,0x00,0x3c,0x66,0xd7,0x00,0x3c,0x66,0xd7,0x00,0x3c,0x66,0xd7,0x00,
    0x3c,0x66,0xd7,0x00,0x3c,0x66,0xd7,0x00,0x3c,0x66,0xd7,0x00,0x3c,0x66,0xd7,0x00,0x3c,0x66,0xd7,0x00,
    0x3c,0x66,0xd7,0x00,0x3c,0x66,0xd7,0x00,0x3c,0x66,0xd7,0x00,0x3c,0x66,0xd7,0x00,0x3c,0x66,0xd7,0x00,
    0x3c,0x66,0xd7,0x00,0x3c,0x66,0xd7,0x00,0x3c,0x66,0xd7,0x00,0x3c,0x66,0xd7,0x00,0x3c,0x66,0xd7,0x00,
    0x3c,0x66,0xd7,0x00,0x3c,0x66,0xd7,0x00,0x3c,0x66,0xd7,0x00,0x3c,0x66,0xd7,0x00,0x3c,0x66,0xd7,0x00,
    0x3c,0x66,0xd7,0x00,0x3c,0x66,0xd7,0x00,0x3c,0x66,0xd7,0x00,0x3c,0x66,0xd7,0x00,0x3c,0x66,0xd7,0x00,
    0x3c,0x66,0xd7,0x00,0x3c,0x66,0xd7,0x00,0x3c,0x66,0xd7,0x00,0x3c,0x66,0xd7,0x00,0x3c,0x66,0xd7,0x00,
    0x3c,0x66,0xd7,0x00,0x3c,0x66,0xd7,0x00,0x3c,0x66,0xd7,0x00,0x3c,0x66,0xd7,0x00,0x3c,0x66,0xd7,0x00,
    0x3c,0x66,0xd7,0x00,0x3c,0x66,0xd7,0x00,0x3c,0x66,0xd7,0x00,0x3c,0x66,0xd7,0x00,0x3c,0x66,0xd7,0x01,
    0x3c,0x66,0xd7,0x00,0x3c,0x66,0xd7,0x0f,0x3c,0x66,0xd7,0xea,0x3c,0x66,0xd7,0xff,0x3c,0x66,0xd7,0xfe,
    0x3c,0x66,0xd7,0xff,0x3c,0x66,0xd7,0xff,0x3c,0x66,0xd7,0xff,0x3c,0x66,0xd7,0xff,0x3c,0x66,0xd7,0xff,
    0x3c,0x66,0xd7,0xff,0x3c,0x66,0xd7,0xff,0x3c,0x66,0xd7,0xff,0x3c,0x66,0xd7,0xff,0x3c,0x66,0xd7,0xff,
    0x3c,0x66,0xd7,0xff,0x3c,0x66,0xd7,0xfd,0x3c,0x66,0xd7,0xfd,0x3c,0x66,0xd7,0x3c,0x3c,0x66,0xd7,0x00,
    0x3c,0x66,0xd7,0x03,0x3c,0x66,0xd7,0x01,0x3c,0x66,0xd7,0x00,0x3c,0x66,0xd7,0x11,0x3c,0x66,0xd7,0xeb,
    0x3c,0x66,0xd7,0xff,0x3c,0x66,0xd7,0xbd,0x3c,0x66,0xd7,0x00,0x3c,0x66,0xd7,0x02,0x3c,0x66,0xd7,0x00,
    0x3c,0x66,0xd7,0x00,0x3c,0x66,0xd7,0x00,0x3c,0x66,0xd7,0x00,0x3c,0x66,0xd7,0x00,0x3c,0x66,0xd7,0x00,
    0x3c,0x66,0xd7,0x00,0x3c,0x66,0xd7,0x00,0x3c,0x66,0xd7,0x00,0x3c,0x66,0xd7,0x00,0x3c,0x66,0xd7,0x00,
    0x3c,0x66,0xd7,0x00,0x3c,0x66,0xd7,0x00,0x3c,0x66,0xd7,0x00,0x3c,0x66,0xd7,0x00,0x3c,0x66,0xd7,0x00,
    0x3c,0x66,0xd7,0x00,0x3c,0x66,0xd7,0x00,0x3c,0x66,0xd7,0x00,0x3c,0x66,0xd7,0x00,0x3c,0x66,0xd7,0x00,
    0x3c,0x66,0xd7,0x00,0x3c,0x66,0xd7,0x00,0x3c,0x66,0xd7,0x00,0x3c,0x66,0xd7,0x00,0x3c,0x66,0xd7,0x04,
    0x3c,0x66,0xd7,0x00,0x3c,0x66,0xd7,0x94,0x3c,0x66,0xd7,0xff,0x3c,0x66,0xd7,0xfb,0x3c,0x66,0xd7,0xff,
    0x3c,0x66,0xd7,0xff,0x3c,0x66,0xd7,0xff,0x3c,0x66,0xd7,0xff,0x3c,0x66,0xd7,0xff,0x3c,0x66,0xd7,0xff,
    0x3c,0x66,0xd7,0xff,0x3c,0x66,0xd7,0xff,0x3c,0x66,0xd7,0xff,0x3c,0x66,0xd7,0xff,0x3c,0x66,0xd7,0xfd,
    0x3c,0x66,0xd7,0xff,0x3c,0x66,0xd7,0xcf,0x3c,0x66,0xd7,0x04,0x3c,0x66,0xd7,0x11,0x3c,0x66,0xd7,0xec,
    0x3c,0x66,0xd7,0xff,0x3c,0x66,0xd7,0xbd,0x3c,0x66,0xd7,0x00,0x3c,0x66,0xd7,0x02,0x3c,0x66,0xd7,0x00,
    0x3c,0x66,0xd7,0x00,0x3c,0x66,0xd7,0x00,0x3c,0x66,0xd7,0x00,0x3c,0x66,0xd7,0x00,0x3c,0x66,0xd7,0x00,
    0x3c,0x66,0xd7,0x00,0x3c,0x66,0xd7,0x00,0x3c,0x66,0xd7,0x00,0x3c,0x66,0xd7,0x00,0x3c,0x66,0xd7,0x00,
    0x3c,0x66,0xd7,0x00,0x3c,0x66,0xd7,0x00,0x3c,0x66,0xd7,0x00,0x3c,0x66,0xd7,0x00,0x3c,0x66,0xd7,0x00,
    0x3c,0x66,0xd7,0x00,0x3c,0x66,0xd7,0x00,0x3c,0x66,0xd7,0x00,0x3c,0x66,0xd7,0x00,0x3c,0x66,0xd7,0x00,
    0x3c,0x66,0xd7,0x00,0x3c,0x66,0xd7,0x00,0x3c,0x66,0xd7,0x00,0x3c,0x66,0xd7,0x00,0x3c,0x66,0xd7,0x00,
    0x3c,0x66,0xd7,0x00,0x3c,0x66,0xd7,0x02,0x3c,0x66,0xd7,0x00,0x3c,0x66,0xd7,0xb6,0x3c,0x66,0xd7,0xff,
    0x3c,0x66,0xd7,0xfc,0x3c,0x66,0xd7,0xff,0x3c,0x66,0xd7,0xff,0x3c,0x66,0xd7,0xff,0x3c,0x66,0xd7,0xff,
    0x3c,0x66,0xd7,0xff,0x3c,0x66,0xd7,0xff,0x3c,0x66,0xd7,0xff,0x3c,0x66,0xd7,0xff,0x3c,0x66,0xd7,0xfe,
    0x3c,0x66,0xd7,0xff,0x3c,0x66,0xd7,0xe9,0x3c,0x66,0xd7,0x0d,0x3c,0x66,0xd7,0x00,0x3c,0x66,0xd7,0x01,
    0x3c,0x66,0xd7,0x00,0x3c,0x66,0xd7,0x00,0x3c,0x66,0xd7,0x00,0x3c,0x66,0xd7,0x03,0x3c,0x66,0xd7,0x00,
    0x3c,0x66,0xd7,0x40,0x3c,0x66,0xd7,0xfd,0x3c,0x66,0xd7,0x37,0x3c,0x66,0xd7,0x00,0x3c,0x66,0xd7,0x03,
    0x3c,0x66,0xd7,0x00,0x3c,0x66,0xd7,0x00,0x3c,0x66,0xd7,0x00,0x3c,0x66,0xd7,0x00,0x3c,0x66,0xd7,0x00,
    0x3c,0x66,0xd7,0x00,0x3c,0x66,0xd7,0x00,0x3c,0x66,0xd7,0x00,0x3c,0x66,0xd7,0x00,0x3c,0x66,0xd7,0x00,
    0x3c,0x66,0xd7,0x00,0x3c,0x66,0xd7,0x00,0x3c,0x66,0xd7,0x00,0x3c,0x66,0xd7,0x00,0x3c,0x66,0xd7,0x00,
    0x3c,0x66,0xd7,0x00,0x3c,0x66,0xd7,0x00,0x3c,0x66,0xd7,0x00,0x3c,0x66,0xd7,0x00,0x3c,0x66,0xd7,0x00,
    0x3c,0x66,0xd7,0x00,0x3c,0x66,0xd7,0x00,0x3c,0x66,0xd7,0x04,0x3c,0x66,0xd7,0x00,0x3c,0x66,0xd7,0x70,
    0x3c,0x66,0xd7,0xfe,0x3c,0x66,0xd7,0xfb,0x3c,0x66,0xd7,0xff,0x3c,0x66,0xd7,0xff,0x3c,0x66,0xd7,0xff,
    0x3c,0x66,0xd7,0xff,0x3c,0x66,0xd7,0xff,0x3c,0x66,0xd7,0xff,0x3c,0x66,0xd7,0xff,0x3c,0x66,0xd7,0xff,
    0x3c,0x66,0xd7,0xfc,0x3c,0x66,0xd7,0xff,0x3c,0x66,0xd7,0xb2,0x3c,0x66,0xd7,0x00,0x3c,0x66,0xd7,0x00,
    0x3c,0x66,0xd7,0x11,0x3c,0x66,0xd7,0xed,0x3c,0x66,0xd7,0xfe,0x3c,0x66,0xd7,0xfb,0x3c,0x66,0xd7,0xff,
    0x3c,0x66,0xd7,0xff,0x3c,0x66,0xd7,0xff,0x3c,0x66,0xd7,0xfa,0x3c,0x66,0xd7,0xd2,0x3c,0x66,0xd7,0x4d,
    0x3c,0x66,0xd7,0x01,0x3c,0x66,0xd7,0x02,0x3c,0x66,0xd7,0x00,0x3c,0x66,0xd7,0x00,0x3c,0x66,0xd7,0x00,
    0x3c,0x66,0xd7,0x00,0x3c,0x66,0xd7,0x00,0x3c,0x66,0xd7,0x00,0x3c,0x66,0xd7,0x00,0x3c,0x66,0xd7,0x00,
    0x3c,0x66,0xd7,0x00,0x3c,0x66,0xd7,0x00,0x3c,0x66,0xd7,0x00,0x3c,0x66,0xd7,0x00,0x3c,0x66,0xd7,0x00,
    0x3c,0x66,0xd7,0x00,0x3c,0x66,0xd7,0x00,0x3c,0x66,0xd7,0x00,0x3c,0x66,0xd7,0x00,0x3c,0x66,0xd7,0x00,
    0x3c,0x66,0xd7,0x00,0x3c,0x66,0xd7,0x00,0x3c,0x66,0xd7,0x00,0x3c,0x66,0xd7,0x00,0x3c,0x66,0xd7,0x00,
    0x3c,0x66,0xd7,0x03,0x3c,0x66,0xd7,0x00,0x3c,0x66,0xd7,0x00,0x3c,0x66,0xd7,0x00,0x3c,0x66,0xd7,0x00,
    0x3c,0x66,0xd7,0x00,0x3c,0x66,0xd7,0x00,0x3c,0x66,0xd7,0x03,0x3c,0x66,0xd7,0x01,0x3c,0x66,0xd7,0x00,
    0x3c,0x66,0xd7,0x00,0x3c,0x66,0xd7,0x00,0x3c,0x66,0xd7,0x00,0x3c,0x66,0xd7,0x00,0x3c,0x66,0xd7,0x00,
    0x3c,0x66,0xd7,0x00,0x3c,0x66,0xd7,0x00,0x3c,0x66,0xd7,0x00,0x3c,0x66,0xd7,0x00,0x3c,0x66,0xd7,0x00,
    0x3c,0x66,0xd7,0x00,0x3c,0x66,0xd7,0x00,0x3c,0x66,0xd7,0x00,0x3c,0x66,0xd7,0x00,0x3c,0x66,0xd7,0x00,
    0x3c,0x66,0xd7,0x00,0x3c,0x66,0xd7,0x00,0x3c,0x66,0xd7,0x00,0x3c,0x66,0xd7,0x00,0x3c,0x66,0xd7,0x00,
    0x3c,0x66,0xd7,0x00,0x3c,0x66,0xd7,0x00,0x3c,0x66,0xd7,0x00,0x3c,0x66,0xd7,0x00,0x3c,0x66,0xd7,0x00,
    0x3c,0x66,0xd7,0x00,0x3c,0x66,0xd7,0x00,0x3c,0x66,0xd7,0x00,0x3c,0x66,0xd7,0x00,0x3c,0x66,0xd7,0x00,
    0x3c,0x66,0xd7,0x00,0x3c,0x66,0xd7,0x00,0x3c,0x66,0xd7,0x00,0x3c,0x66,0xd7,0x00,0x3c,0x66,0xd7,0x00,
    0x3c,0x66,0xd7,0x00,0x3c,0x66,0xd7,0x00,0x3c,0x66,0xd7,0x00,0x3c,0x66,0xd7,0x00,0x3c,0x66,0xd7,0x00,
    0x3c,0x66,0xd7,0x00,0x3c,0x66,0xd7,0x00,0x3c,0x66,0xd7,0x00,0x3c,0x66,0xd7,0x00,0x3c,0x66,0xd7,0x00,
    0x3c,0x66,0xd7,0x00,0x3c,0x66,0xd7,0x00,0x3c,0x66,0xd7,0x00,0x3c,0x66,0xd7,0x00,0x3c,0x66,0xd7,0x00,
    0x3c,0x66,0xd7,0x00,0x3c,0x66,0xd7,0x00,0x3c,0x66,0xd7,0x00,0x3c,0x66,0xd7,0x00,0x3c,0x66,0xd7,0x00,
    0x3c,0x66,0xd7,0x00,0x3c,0x66,0xd7,0x00,0x3c,0x66,0xd7,0x00,0x3c,0x66,0xd7,0x00,0x3c,0x66,0xd7,0x00,
    0x3c,0x66,0xd7,0x00,0x3c,0x66,0xd7,0x00,0x3c,0x66,0xd7,0x00,0x3c,0x66,0xd7,0x00,0x3c,0x66,0xd7,0x00,
    0x3c,0x66,0xd7,0x00,0x3c,0x66,0xd7,0x00,0x3c,0x66,0xd7,0x00,0x3c,0x66,0xd7,0x00,0x3c,0x66,0xd7,0x00,
    0x3c,0x66,0xd7,0x00,0x3c,0x66,0xd7,0x00,0x3c,0x66,0xd7,0x00,0x3c,0x66,0xd7,0x00,0x3c,0x66,0xd7,0x00,
    0x3c,0x66,0xd7,0x00,0x3c,0x66,0xd7,0x00,0x3c,0x66,0xd7,0x00,0x3c,0x66,0xd7,0x00,0x3c,0x66,0xd7,0x02,
    0x3c,0x66,0xd7,0x00,0x3c,0x66,0xd7,0x31,0x3c,0x66,0xd7,0xfb,0x3c,0x66,0xd7,0xfe,0x3c,0x66,0xd7,0xff,
    0x3c,0x66,0xd7,0xff,0x3c,0x66,0xd7,0xff,0x3c,0x66,0xd7,0xff,0x3c,0x66,0xd7,0xff,0x3c,0x66,0xd7,0xff,
    0x3c,0x66,0xd7,0xff,0x3c,0x66,0xd7,0xff,0x3c,0x66,0xd7,0xff,0x3c,0x66,0xd7,0xff,0x3c,0x66,0xd7,0xff,
    0x3c,0x66,0xd7,0xff,0x3c,0x66,0xd7,0xfb,0x3c,0x66,0xd7,0xff,0x3c,0x66,0xd7,0x6d,0x3c,0x66,0xd7,0x00,
    0x3c,0x66,0xd7,0x04,0x3c,0x66,0xd7,0x01,0x3c,0x66,0xd7,0x00,0x3c,0x66,0xd7,0x11,0x3c,0x66,0xd7,0xeb,
    0x3c,0x66,0xd7,0xff,0x3c,0x66,0xd7,0xbd,0x3c,0x66,0xd7,0x00,0x3c,0x66,0xd7,0x02,0x3c,0x66,0xd7,0x00,
    0x3c,0x66,0xd7,0x00,0x3c,0x66,0xd7,0x00,0x3c,0x66,0xd7,0x00,0x3c,0x66,0xd7,0x00,0x3c,0x66,0xd7,0x00,
    0x3c,0x66,0xd7,0x00,0x3c,0x66,0xd7,0x00,0x3c,0x66,0xd7,0x00,0x3c,0x66,0xd7,0x00,0x3c,0x66,0xd7,0x00,
    0x3c,0x66,0xd7,0x00,0x3c,0x66,0xd7,0x00,0x3c,0x66,0xd7,0x00,0x3c,0x66,0xd7,0x00,0x3c,0x66,0xd7,0x00,
    0x3c,0x66,0xd7,0x00,0x3c,0x66,0xd7,0x00,0x3c,0x66,0xd7,0x00,0x3c,0x66,0xd7,0x00,0x3c,0x66,0xd7,0x00,
    0x3c,0x66,0xd7,0x00,0x3c,0x66,0xd7,0x00,0x3c,0x66,0xd7,0x00,0x3c,0x66,0xd7,0x00,0x3c,0x66,0xd7,0x02,
    0x3c,0x66,0xd7,0x00,0x3c,0x66,0xd7,0xbc,0x3c,0x66,0xd7,0xff,0x3c,0x66,0xd7,0xfc,0x3c,0x66,0xd7,0xff,
    0x3c,0x66,0xd7,0xff,0x3c,0x66,0xd7,0xff,0x3c,0x66,0xd7,0xff,0x3c,0x66,0xd7,0xff,0x3c,0x66,0xd7,0xff,
    0x3c,0x66,0xd7,0xff,0x3c,0x66,0xd7,0xff,0x3c,0x66,0xd7,0xff,0x3c,0x66,0xd7,0xff,0x3c,0x66,0xd7,0xfe,
    0x3c,0x66,0xd7,0xff,0x3c,0x66,0xd7,0xf0,0x3c,0x66,0xd7,0x09,0x3c,0x66,0xd7,0x0c,0x3c,0x66,0xd7,0xed,
    0x3c,0x66,0xd7,0xff,0x3c,0x66,0xd7,0xbd,0x3c,0x66,0xd7,0x00,0x3c,0x66,0xd7,0x02,0x3c,0x66,0xd7,0x00,
    0x3c,0x66,0xd7,0x00,0x3c,0x66,0xd7,0x00,0x3c,0x66,0xd7,0x00,0x3c,0x66,0xd7,0x00,0x3c,0x66,0xd7,0x00,
    0x3c,0x66,0xd7,0x00,0x3c,0x66,0xd7,0x00,0x3c,0x66,0xd7,0x00,0x3c,0x66,0xd7,0x00,0x3c,0x66,0xd7,0x00,
    0x3c,0x66,0xd7,0x00,0x3c,0x66,0xd7,0x00,0x3c,0x66,0xd7,0x00,0x3c,0x66,0xd7,0x00,0x3c,0x66,0xd7,0x00,
    0x3c,0x66,0xd7,0x00,0x3c,0x66,0xd7,0x00,0x3c,0x66,0xd7,0x00,0x3c,0x66,0xd7,0x00,0x3c,0x66,0xd7,0x00,
    0x3c,0x66,0xd7,0x00,0x3c,0x66,0xd7,0x00,0x3c,0x66,0xd7,0x00,0x3c,0x66,0xd7,0x00,0x3c,0x66,0xd7,0x00,
    0x3c,0x66,0xd7,0x00,0x3c,0x66,0xd7,0x01,0x3c,0x66,0xd7,0x05,0x3c,0x66,0xd7,0xcc,0x3c,0x66,0xd7,0xff,
    0x3c,0x66,0xd7,0xfd,0x3c,0x66,0xd7,0xff,0x3c,0x66,0xd7,0xff,0x3c,0x66,0xd7,0xff,0x3c,0x66,0xd7,0xff,
    0x3c,0x66,0xd7,0xff,0x3c,0x66,0xd7,0xff,0x3c,0x66,0xd7,0xff,0x3c,0x66,0xd7,0xff,0x3c,0x66,0xd7,0xfe,
    0x3c,0x66,0xd7,0xfe,0x3c,0x66,0xd7,0xf3,0x3c,0x66,0xd7,0x1e,0x3c,0x66,0xd7,0x00,0x3c,0x66,0xd7,0x02,
    0x3c,0x66,0xd7,0x00,0x3c,0x66,0xd7,0x00,0x3c,0x66,0xd7,0x00,0x3c,0x66,0xd7,0x04,0x3c,0x66,0xd7,0x00,
    0x3c,0x66,0xd7,0x6e,0x3c,0x66,0xd7,0xff,0x3c,0x66,0xd7,0x11,0x3c,0x66,0xd7,0x00,0x3c,0x66,0xd7,0x01,
    0x3c,0x66,0xd7,0x00,0x3c,0x66,0xd7,0x00,0x3c,0x66,0xd7,0x00,0x3c,0x66,0xd7,0x00,0x3c,0x66,0xd7,0x00,
    0x3c,0x66,0xd7,0x00,0x3c,0x66,0xd7,0x00,0x3c,0x66,0xd7,0x00,0x3c,0x66,0xd7,0x00,0x3c,0x66,0xd7,0x00,
    0x3c,0x66,0xd7,0x00,0x3c,0x66,0xd7,0x00,0x3c,0x66,0xd7,0x00,0x3c,0x66,0xd7,0x00,0x3c,0x66,0xd7,0x00,
    0x3c,0x66,0xd7,0x00,0x3c,0x66,0xd7,0x00,0x3c,0x66,0xd7,0x00,0x3c,0x66,0xd7,0x00,0x3c,0x66,0xd7,0x00,
    0x3c,0x66,0xd7,0x00,0x3c,0x66,0xd7,0x02,0x3c,0x66,0xd7,0x02,0x3c,0x66,0xd7,0x3c,0x3c,0x66,0xd7,0xa3,
    0x3c,0x66,0xd7,0xfd,0x3c,0x66,0xd7,0xfe,0x3c,0x66,0xd7,0xff,0x3c,0x66,0xd7,0xff,0x3c,0x66,0xd7,0xff,
    0x3c,0x66,0xd7,0xff,0x3c,0x66,0xd7,0xff,0x3c,0x66,0xd7,0xff,0x3c,0x66,0xd7,0xff,0x3c,0x66,0xd7,0xff,
    0x3c,0x66,0xd7,0xfd,0x3c,0x66,0xd7,0xfd,0x3c,0x66,0xd7,0xc3,0x3c,0x66,0xd7,0x5c,0x3c,0x66,0xd7,0x00,
    0x3c,0x66,0xd7,0x12,0x3c,0x66,0xd7,0xee,0x3c,0x66,0xd7,0xff,0x3c,0x66,0xd7,0xfe,0x3c,0x66,0xd7,0xfe,
    0x3c,0x66,0xd7,0xf9,0x3c,0x66,0xd7,0xff,0x3c,0x66,0xd7,0xff,0x3c,0x66,0xd7,0x9a,0x3c,0x66,0xd7,0x17,
    0x3c,0x66,0xd7,0x02,0x3c,0x66,0xd7,0x01,0x3c,0x66,0xd7,0x00,0x3c,0x66,0xd7,0x00,0x3c,0x66,0xd7,0x00,
    0x3c,0x66,0xd7,0x00,0x3c,0x66,0xd7,0x00,0x3c,0x66,0xd7,0x00,0x3c,0x66,0xd7,0x00,0x3c,0x66,0xd7,0x00,
    0x3c,0x66,0xd7,0x00,0x3c,0x66,0xd7,0x00,0x3c,0x66,0xd7,0x00,0x3c,0x66,0xd7,0x00,0x3c,0x66,0xd7,0x00,
    0x3c,0x66,0xd7,0x00,0x3c,0x66,0xd7,0x00,0x3c,0x66,0xd7,0x00,0x3c,0x66,0xd7,0x00,0x3c,0x66,0xd7,0x00,
    0x3c,0x66,0xd7,0x00,0x3c,0x66,0xd7,0x00,0x3c,0x66,0xd7,0x00,0x3c,0x66,0xd7,0x00,0x3c,0x66,0xd7,0x01,
    0x3c,0x66,0xd7,0x00,0x3c,0x66,0xd7,0x16,0x3c,0x66,0xd7,0x51,0x3c,0x66,0xd7,0x7f,0x3c,0x66,0xd7,0x7f,
    0x3c,0x66,0xd7,0x60,0x3c,0x66,0xd7,0x27,0x3c,0x66,0xd7,0x00,0x3c,0x66,0xd7,0x00,0x3c,0x66,0xd7,0x00,
    0x3c,0x66,0xd7,0x00,0x3c,0x66,0xd7,0x00,0x3c,0x66,0xd7,0x00,0x3c,0x66,0xd7,0x00,0x3c,0x66,0xd7,0x00,
    0x3c,0x66,0xd7,0x00,0x3c,0x66,0xd7,0x00,0x3c,0x66,0xd7,0x00,0x3c,0x66,0xd7,0x00,0x3c,0x66,0xd7,0x00,
    0x3c,0x66,0xd7,0x00,0x3c,0x66,0xd7,0x00,0x3c,0x66,0xd7,0x00,0x3c,0x66,0xd7,0x00,0x3c,0x66,0xd7,0x00,
    0x3c,0x66,0xd7,0x00,0x3c,0x66,0xd7,0x00,0x3c,0x66,0xd7,0x00,0x3c,0x66,0xd7,0x00,0x3c,0x66,0xd7,0x00,
    0x3c,0x66,0xd7,0x00,0x3c,0x66,0xd7,0x00,0x3c,0x66,0xd7,0x00,0x3c,0x66,0xd7,0x00,0x3c,0x66,0xd7,0x00,
    0x3c,0x66,0xd7,0x00,0x3c,0x66,0xd7,0x00,0x3c,0x66,0xd7,0x00,0x3c,0x66,0xd7,0x00,0x3c,0x66,0xd7,0x00,
    0x3c,0x66,0xd7,0x00,0x3c,0x66,0xd7,0x00,0x3c,0x66,0xd7,0x00,0x3c,0x66,0xd7,0x00,0x3c,0x66,0xd7,0x00,
    0x3c,0x66,0xd7,0x00,0x3c,0x66,0xd7,0x00,0x3c,0x66,0xd7,0x00,0x3c,0x66,0xd7,0x00,0x3c,0x66,0xd7,0x00,
    0x3c,0x66,0xd7,0x00,0x3c,0x66,0xd7,0x00,0x3c,0x66,0xd7,0x00,0x3c,0x66,0xd7,0x00,0x3c,0x66,0xd7,0x00,
    0x3c,0x66,0xd7,0x00,0x3c,0x66,0xd7,0x00,0x3c,0x66,0xd7,0x00,0x3c,0x66,0xd7,0x00,0x3c,0x66,0xd7,0x00,
    0x3c,0x66,0xd7,0x00,0x3c,0x66,0xd7,0x00,0x3c,0x66,0xd7,0x00,0x3c,0x66,0xd7,0x00,0x3c,0x66,0xd7,0x00,
    0x3c,0x66,0xd7,0x00,0x3c,0x66,0xd7,0x00,0x3c,0x66,0xd7,0x00,0x3c,0x66,0xd7,0x00,0x3c,0x66,0xd7,0x00,
    0x3c,0x66,0xd7,0x00,0x3c,0x66,0xd7,0x00,0x3c,0x66,0xd7,0x00,0x3c,0x66,0xd7,0x00,0x3c,0x66,0xd7,0x00,
    0x3c,0x66,0xd7,0x00,0x3c,0x66,0xd7,0x00,0x3c,0x66,0xd7,0x00,0x3c,0x66,0xd7,0x00,0x3c,0x66,0xd7,0x00,
    0x3c,0x66,0xd7,0x00,0x3c,0x66,0xd7,0x00,0x3c,0x66,0xd7,0x00,0x3c,0x66,0xd7,0x00,0x3c,0x66,0xd7,0x00,
    0x3c,0x66,0xd7,0x00,0x3c,0x66,0xd7,0x00,0x3c,0x66,0xd7,0x00,0x3c,0x66,0xd7,0x00,0x3c,0x66,0xd7,0x04,
    0x3c,0x66,0xd7,0x00,0x3c,0x66,0xd7,0x60,0x3c,0x66,0xd7,0xff,0x3c,0x66,0xd7,0xfc,0x3c,0x66,0xd7,0xff,
    0x3c,0x66,0xd7,0xff,0x3c,0x66,0xd7,0xff,0x3c,0x66,0xd7,0xff,0x3c,0x66,0xd7,0xff,0x3c,0x66,0xd7,0xff,
    0x3c,0x66,0xd7,0xff,0x3c,0x66,0xd7,0xff,0x3c,0x66,0xd7,0xff,0x3c,0x66,0xd7,0xff,0x3c,0x66,0xd7,0xff,
    0x3c,0x66,0xd7,0xff,0x3c,0x66,0xd7,0xfb,0x3c,0x66,0xd7,0xff,0x3c,0x66,0xd7,0xa0,0x3c,0x66,0xd7,0x00,
    0x3c,0x66,0xd7,0x03,0x3c,0x66,0xd7,0x01,0x3c,0x66,0xd7,0x00,0x3c,0x66,0xd7,0x11,0x3c,0x66,0xd7,0xeb,
    0x3c,0x66,0xd7,0xff,0x3c,0x66,0xd7,0xbd,0x3c,0x66,0xd7,0x00,0x3c,0x66,0xd7,0x02,0x3c,0x66,0xd7,0x00,
    0x3c,0x66,0xd7,0x00,0x3c,0x66,0xd7,0x00,0x3c,0x66,0xd7,0x00,0x3c,0x66,0xd7,0x00,0x3c,0x66,0xd7,0x00,
    0x3c,0x66,0xd7,0x00,0x3c,0x66,0xd7,0x00,0x3c,0x66,0xd7,0x00,0x3c,0x66,0xd7,0x00,0x3c,0x66,0xd7,0x00,
    0x3c,0x66,0xd7,0x00,0x3c,0x66,0xd7,0x00,0x3c,0x66,0xd7,0x00,0x3c,0x66,0xd7,0x00,0x3c,0x66,0xd7,0x00,
    0x3c,0x66,0xd7,0x00,0x3c,0x66,0xd7,0x00,0x3c,0x66,0xd7,0x00,0x3c,0x66,0xd7,0x00,0x3c,0x66,0xd7,0x00,
    0x3c,0x66,0xd7,0x00,0x3c,0x66,0xd7,0x00,0x3c,0x66,0xd7,0x00,0x3c,0x66,0xd7,0x00,0x3c,0x66,0xd7,0x01,
    0x3c,0x66,0xd7,0x08,0x3c,0x66,0xd7,0xd5,0x3c,0x66,0xd7,0xff,0x3c,0x66,0xd7,0xfd,0x3c,0x66,0xd7,0xff,
    0x3c,0x66,0xd7,0xff,0x3c,0x66,0xd7,0xff,0x3c,0x66,0xd7,0xff,0x3c,0x66,0xd7,0xff,0x3c,0x66,0xd7,0xff,
    0x3c,0x66,0xd7,0xff,0x3c,0x66,0xd7,0xff,0x3c,0x66,0xd7,0xff,0x3c,0x66,0xd7,0xff,0x3c,0x66,0xd7,0xfe,
    0x3c,0x66,0xd7,0xfe,0x3c,0x66,0xd7,0xf7,0x3c,0x66,0xd7,0x23,0x3c,0x66,0xd7,0x08,0x3c,0x66,0xd7,0xed,
    0x3c,0x66,0xd7,0xff,0x3c,0x66,0xd7,0xbd,0x3c,0x66,0xd7,0x00,0x3c,0x66,0xd7,0x02,0x3c,0x66,0xd7,0x00,
    0x3c,0x66,0xd7,0x00,0x3c,0x66,0xd7,0x00,0x3c,0x66,0xd7,0x00,0x3c,0x66,0xd7,0x00,0x3c,0x66,0xd7,0x00,
    0x3c,0x66,0xd7,0x00,0x3c,0x66,0xd7,0x00,0x3c,0x66,0xd7,0x00,0x3c,0x66,0xd7,0x00,0x3c,0x66,0xd7,0x00,
    0x3c,0x66,0xd7,0x00,0x3c,0x66,0xd7,0x00,0x3c,0x66,0xd7,0x00,0x3c,0x66,0xd7,0x00,0x3c,0x66,0xd7,0x00,
    0x3c,0x66,0xd7,0x00,0x3c,0x66,0xd7,0x00,0x3c,0x66,0xd7,0x00,0x3c,0x66,0xd7,0x00,0x3c,0x66,0xd7,0x00,
    0x3c,0x66,0xd7,0x00,0x3c,0x66,0xd7,0x00,0x3c,0x66,0xd7,0x00,0x3c,0x66,0xd7,0x00,0x3c,0x66,0xd7,0x00,
    0x3c,0x66,0xd7,0x01,0x3c,0x66,0xd7,0x00,0x3c,0x66,0xd7,0x10,0x3c,0x66,0xd7,0xef,0x3c,0x66,0xd7,0xff,
    0x3c,0x66,0xd7,0xfe,0x3c,0x66,0xd7,0xff,0x3c,0x66,0xd7,0xff,0x3c,0x66,0xd7,0xff,0x3c,0x66,0xd7,0xff,
    0x3c,0x66,0xd7,0xff,0x3c,0x66,0xd7,0xff,0x3c,0x66,0xd7,0xff,0x3c,0x66,0xd7,0xff,0x3c,0x66,0xd7,0xff,
    0x3c,0x66,0xd7,0xfd,0x3c,0x66,0xd7,0xff,0x3c,0x66,0xd7,0x41,0x3c,0x66,0xd7,0x00,0x3c,0x66,0xd7,0x03,
    0x3c,0x66,0xd7,0x00,0x3c,0x66,0xd7,0x00,0x3c,0x66,0xd7,0x00,0x3c,0x66,0xd7,0x03,0x3c,0x66,0xd7,0x00,
    0x3c,0x66,0xd7,0xab,0x3c,0x66,0xd7,0xd9,0x3c,0x66,0xd7,0x02,0x3c,0x66,0xd7,0x02,0x3c,0x66,0xd7,0x00,
    0x3c,0x66,0xd7,0x00,0x3c,0x66,0xd7,0x00,0x3c,0x66,0xd7,0x00,0x3c,0x66,0xd7,0x00,0x3c,0x66,0xd7,0x00,
    0x3c,0x66,0xd7,0x00,0x3c,0x66,0xd7,0x00,0x3c,0x66,0xd7,0x00,0x3c,0x66,0xd7,0x00,0x3c,0x66,0xd7,0x00,
    0x3c,0x66,0xd7,0x00,0x3c,0x66,0xd7,0x00,0x3c,0x66,0xd7,0x00,0x3c,0x66,0xd7,0x00,0x3c,0x66,0xd7,0x00,
    0x3c,0x66,0xd7,0x00,0x3c,0x66,0xd7,0x00,0x3c,0x66,0xd7,0x00,0x3c,0x66,0xd7,0x00,0x3c,0x66,0xd7,0x00,
    0x3c,0x66,0xd7,0x00,0x3c,0x66,0xd7,0x03,0x3c,0x66,0xd7,0x00,0x3c,0x66,0xd7,0xa8,0x3c,0x66,0xd7,0xff,
    0x3c,0x66,0xd7,0xfb,0x3c,0x66,0xd7,0xff,0x3c,0x66,0xd7,0xff,0x3c,0x66,0xd7,0xff,0x3c,0x66,0xd7,0xff,
    0x3c,0x66,0xd7,0xff,0x3c,0x66,0xd7,0xff,0x3c,0x66,0xd7,0xff,0x3c,0x66,0xd7,0xff,0x3c,0x66,0xd7,0xff,
    0x3c,0x66,0xd7,0xff,0x3c,0x66,0xd7,0xfd,0x3c,0x66,0xd7,0xff,0x3c,0x66,0xd7,0xe6,0x3c,0x66,0xd7,0x05,
    0x3c,0x66,0xd7,0x10,0x3c,0x66,0xd7,0xf0,0x3c,0x66,0xd7,0xff,0x3c,0x66,0xd7,0xfd,0x3c,0x66,0xd7,0xfb,
    0x3c,0x66,0xd7,0xff,0x3c,0x66,0xd7,0xe5,0x3c,0x66,0xd7,0x46,0x3c,0x66,0xd7,0x00,0x3c,0x66,0xd7,0x00,
    0x3c,0x66,0xd7,0x00,0x3c,0x66,0xd7,0x00,0x3c,0x66,0xd7,0x00,0x3c,0x66,0xd7,0x00,0x3c,0x66,0xd7,0x00,
    0x3c,0x66,0xd7,0x00,0x3c,0x66,0xd7,0x00,0x3c,0x66,0xd7,0x00,0x3c,0x66,0xd7,0x00,0x3c,0x66,0xd7,0x00,
    0x3c,0x66,0xd7,0x00,0x3c,0x66,0xd7,0x00,0x3c,0x66,0xd7,0x00,0x3c,0x66,0xd7,0x00,0x3c,0x66,0xd7,0x00,
    0x3c,0x66,0xd7,0x00,0x3c,0x66,0xd7,0x00,0x3c,0x66,0xd7,0x00,0x3c,0x66,0xd7,0x00,0x3c,0x66,0xd7,0x00,
    0x3c,0x66,0xd7,0x00,0x3c,0x66,0xd7,0x00,0x3c,0x66,0xd7,0x00,0x3c,0x66,0xd7,0x01,0x3c,0x66,0xd7,0x00,
    0x3c,0x66,0xd7,0x7a,0x3c,0x66,0xd7,0xe9,0x3c,0x66,0xd7,0xff,0x3c,0x66,0xd7,0xff,0x3c,0x66,0xd7,0xff,
    0x3c,0x66,0xd7,0xff,0x3c,0x66,0xd7,0xf9,0x3c,0x66,0xd7,0x9e,0x3c,0x66,0xd7,0x0d,0x3c,0x66,0xd7,0x01,
    0x3c,0x66,0xd7,0x01,0x3c,0x66,0xd7,0x00,0x3c,0x66,0xd7,0x00,0x3c,0x66,0xd7,0x00,0x3c,0x66,0xd7,0x00,
    0x3c,0x66,0xd7,0x00,0x3c,0x66,0xd7,0x00,0x3c,0x66,0xd7,0x00,0x3c,0x66,0xd7,0x00,0x3c,0x66,0xd7,0x00,
    0x3c,0x66,0xd7,0x00,0x3c,0x66,0xd7,0x00,0x3c,0x66,0xd7,0x00,0x3c,0x66,0xd7,0x00,0x3c,0x66,0xd7,0x00,
    0x3c,0x66,0xd7,0x00,0x3c,0x66,0xd7,0x00,0x3c,0x66,0xd7,0x00,0x3c,0x66,0xd7,0x00,0x3c,0x66,0xd7,0x00,
    0x3c,0x66,0xd7,0x00,0x3c,0x66,0xd7,0x00,0x3c,0x66,0xd7,0x00,0x3c,0x66,0xd7,0x00,0x3c,0x66,0xd7,0x00,
    0x3c,0x66,0xd7,0x00,0x3c,0x66,0xd7,0x00,0x3c,0x66,0xd7,0x01,0x3c,0x66,0xd7,0x03,0x3c,0x66,0xd7,0x04,
    0x3c,0x66,0xd7,0x04,0x3c,0x66,0xd7,0x04,0x3c,0x66,0xd7,0x02,0x3c,0x66,0xd7,0x00,0x3c,0x66,0xd7,0x00,
    0x3c,0x66,0xd7,0x00,0x3c,0x66,0xd7,0x00,0x3c,0x66,0xd7,0x00,0x3c,0x66,0xd7,0x00,0x3c,0x66,0xd7,0x00,
    0x3c,0x66,0xd7,0x00,0x3c,0x66,0xd7,0x00,0x3c,0x66,0xd7,0x00,0x3c,0x66,0xd7,0x00,0x3c,0x66,0xd7,0x00,
    0x3c,0x66,0xd7,0x00,0x3c,0x66,0xd7,0x00,0x3c,0x66,0xd7,0x00,0x3c,0x66,0xd7,0x00,0x3c,0x66,0xd7,0x00,
    0x3c,0x66,0xd7,0x00,0x3c,0x66,0xd7,0x00,0x3c,0x66,0xd7,0x00,0x3c,0x66,0xd7,0x00,0x3c,0x66,0xd7,0x00,
    0x3c,0x66,0xd7,0x00,0x3c,0x66,0xd7,0x00,0x3c,0x66,0xd7,0x00,0x3c,0x66,0xd7,0x00,0x3c,0x66,0xd7,0x00,
    0x3c,0x66,0xd7,0x00,0x3c,0x66,0xd7,0x00,0x3c,0x66,0xd7,0x00,0x3c,0x66,0xd7,0x00,0x3c,0x66,0xd7,0x00,
    0x3c,0x66,0xd7,0x00,0x3c,0x66,0xd7,0x00,0x3c,0x66,0xd7,0x00,0x3c,0x66,0xd7,0x00,0x3c,0x66,0xd7,0x00,
    0x3c,0x66,0xd7,0x00,0x3c,0x66,0xd7,0x00,0x3c,0x66,0xd7,0x00,0x3c,0x66,0xd7,0x00,0x3c,0x66,0xd7,0x00,
    0x3c,0x66,0xd7,0x00,0x3c,0x66,0xd7,0x00,0x3c,0x66,0xd7,0x00,0x3c,0x66,0xd7,0x00,0x3c,0x66,0xd7,0x04,
    0x3c,0x66,0xd7,0x00,0x3c,0x66,0xd7,0x93,0x3c,0x66,0xd7,0xff,0x3c,0x66,0xd7,0xfb,0x3c,0x66,0xd7,0xff,
    0x3c,0x66,0xd7,0xff,0x3c,0x66,0xd7,0xff,0x3c,0x66,0xd7,0xff,0x3c,0x66,0xd7,0xff,0x3c,0x66,0xd7,0xff,
    0x3c,0x66,0xd7,0xff,0x3c,0x66,0xd7,0xff,0x3c,0x66,0xd7,0xff,0x3c,0x66,0xd7,0xff,0x3c,0x66,0xd7,0xff,
    0x3c,0x66,0xd7,0xff,0x3c,0x66,0xd7,0xfd,0x3c,0x66,0xd7,0xff,0x3c,0x66,0xd7,0xce,0x3c,0x66,0xd7,0x04,
    0x3c,0x66,0xd7,0x01,0x3c,0x66,0xd7,0x01,0x3c,0x66,0xd7,0x00,0x3c,0x66,0xd7,0x11,0x3c,0x66,0xd7,0xeb,
    0x3c,0x66,0xd7,0xff,0x3c,0x66,0xd7,0xbd,0x3c,0x66,0xd7,0x00,0x3c,0x66,0xd7,0x02,0x3c,0x66,0xd7,0x00,
    0x3c,0x66,0xd7,0x00,0x3c,0x66,0xd7,0x00,0x3c,0x66,0xd7,0x00,0x3c,0x66,0xd7,0x00,0x3c,0x66,0xd7,0x00,
    0x3c,0x66,0xd7,0x00,0x3c,0x66,0xd7,0x00,0x3c,0x66,0xd7,0x00,0x3c,0x66,0xd7,0x00,0x3c,0x66,0xd7,0x00,
    0x3c,0x66,0xd7,0x00,0x3c,0x66,0xd7,0x00,0x3c,0x66,0xd7,0x00,0x3c,0x66,0xd7,0x00,0x3c,0x66,0xd7,0x00,
    0x3c,0x66,0xd7,0x00,0x3c,0x66,0xd7,0x00,0x3c,0x66,0xd7,0x00,0x3c,0x66,0xd7,0x00,0x3c,0x66,0xd7,0x00,
    0x3c,0x66,0xd7,0x00,0x3c,0x66,0xd7,0x00,0x3c,0x66,0xd7,0x00,0x3c,0x66,0xd7,0x01,0x3c,0x66,0xd7,0x00,
    0x3c,0x66,0xd7,0x16,0x3c,0x66,0xd7,0xf3,0x3c,0x66,0xd7,0xff,0x3c,0x66,0xd7,0xfe,0x3c,0x66,0xd7,0xff,
    0x3c,0x66,0xd7,0xff,0x3c,0x66,0xd7,0xff,0x3c,0x66,0xd7,0xff,0x3c,0x66,0xd7,0xff,0x3c,0x66,0xd7,0xff,
    0x3c,0x66,0xd7,0xff,0x3c,0x66,0xd7,0xff,0x3c,0x66,0xd7,0xff,0x3c,0x66,0xd7,0xff,0x3c,0x66,0xd7,0xff,
    0x3c,0x66,0xd7,0xfd,0x3c,0x66,0xd7,0xff,0x3c,0x66,0xd7,0x45,0x3c,0x66,0xd7,0x02,0x3c,0x66,0xd7,0xee,
    0x3c,0x66,0xd7,0xff,0x3c,0x66,0xd7,0xbd,0x3c,0x66,0xd7,0x00,0x3c,0x66,0xd7,0x02,0x3c,0x66,0xd7,0x00,
    0x3c,0x66,0xd7,0x00,0x3c,0x66,0xd7,0x00,0x3c,0x66,0xd7,0x00,0x3c,0x66,0xd7,0x00,0x3c,0x66,0xd7,0x00,
    0x3c,0x66,0xd7,0x00,0x3c,0x66,0xd7,0x00,0x3c,0x66,0xd7,0x00,0x3c,0x66,0xd7,0x00,0x3c,0x66,0xd7,0x00,
    0x3c,0x66,0xd7,0x00,0x3c,0x66,0xd7,0x00,0x3c,0x66,0xd7,0x00,0x3c,0x66,0xd7,0x00,0x3c,0x66,0xd7,0x00,
    0x3c,0x66,0xd7,0x00,0x3c,0x66,0xd7,0x00,0x3c,0x66,0xd7,0x00,0x3c,0x66,0xd7,0x00,0x3c,0x66,0xd7,0x00,
    0x3c,0x66,0xd7,0x00,0x3c,0x66,0xd7,0x00,0x3c,0x66,0xd7,0x00,0x3c,0x66,0xd7,0x00,0x3c,0x66,0xd7,0x00,
    0x3c,0x66,0xd7,0x02,0x3c,0x66,0xd7,0x00,0x3c,0x66,0xd7,0x33,0x3c,0x66,0xd7,0xfa,0x3c,0x66,0xd7,0xfe,
    0x3c,0x66,0xd7,0xff,0x3c,0x66,0xd7,0xff,0x3c,0x66,0xd7,0xff,0x3c,0x66,0xd7,0xff,0x3c,0x66,0xd7,0xff,
    0x3c,0x66,0xd7,0xff,0x3c,0x66,0xd7,0xff,0x3c,0x66,0xd7,0xff,0x3c,0x66,0xd7,0xff,0x3c,0x66,0xd7,0xff,
    0x3c,0x66,0xd7,0xfc,0x3c,0x66,0xd7,0xff,0x3c,0x66,0xd7,0x6e,0x3c,0x66,0xd7,0x00,0x3c,0x66,0xd7,0x04,
    0x3c,0x66,0xd7,0x00,0x3c,0x66,0xd7,0x00,0x3c,0x66,0xd7,0x01,0x3c,0x66,0xd7,0x00,0x3c,0x66,0xd7,0x09,
    0x3c,0x66,0xd7,0xf6,0x3c,0x66,0xd7,0x7b,0x3c,0x66,0xd7,0x00,0x3c,0x66,0xd7,0x04,0x3c,0x66,0xd7,0x00,
    0x3c,0x66,0xd7,0x00,0x3c,0x66,0xd7,0x00,0x3c,0x66,0xd7,0x00,0x3c,0x66,0xd7,0x00,0x3c,0x66,0xd7,0x00,
    0x3c,0x66,0xd7,0x00,0x3c,0x66,0xd7,0x00,0x3c,0x66,0xd7,0x00,0x3c,0x66,0xd7,0x00,0x3c,0x66,0xd7,0x00,
    0x3c,0x66,0xd7,0x00,0x3c,0x66,0xd7,0x00,0x3c,0x66,0xd7,0x00,0x3c,0x66,0xd7,0x00,0x3c,0x66,0xd7,0x00,
    0x3c,0x66,0xd7,0x00,0x3c,0x66,0xd7,0x00,0x3c,0x66,0xd7,0x00,0x3c,0x66,0xd7,0x00,0x3c,0x66,0xd7,0x00,
    0x3c,0x66,0xd7,0x00,0x3c,0x66,0xd7,0x02,0x3c,0x66,0xd7,0x02,0x3c,0x66,0xd7,0xc4,0x3c,0x66,0xd7,0xfc,
    0x3c,0x66,0xd7,0xfc,0x3c,0x66,0xd7,0xff,0x3c,0x66,0xd7,0xff,0x3c,0x66,0xd7,0xff,0x3c,0x66,0xd7,0xff,
    0x3c,0x66,0xd7,0xff,0x3c,0x66,0xd7,0xff,0x3c,0x66,0xd7,0xff,0x3c,0x66,0xd7,0xff,0x3c,0x66,0xd7,0xff,
    0x3c,0x66,0xd7,0xff,0x3c,0x66,0xd7,0xfe,0x3c,0x66,0xd7,0xfd,0x3c,0x66,0xd7,0xf1,0x3c,0x66,0xd7,0x11,
    0x3c,0x66,0xd7,0x0b,0x3c,0x66,0xd7,0xf0,0x3c,0x66,0xd7,0xff,0x3c,0x66,0xd7,0xff,0x3c,0x66,0xd7,0xff,
    0x3c,0x66,0xd7,0xb8,0x3c,0x66,0xd7,0x19,0x3c,0x66,0xd7,0x00,0x3c,0x66,0xd7,0x04,0x3c,0x66,0xd7,0x01,
    0x3c,0x66,0xd7,0x00,0x3c,0x66,0xd7,0x00,0x3c,0x66,0xd7,0x00,0x3c,0x66,0xd7,0x00,0x3c,0x66,0xd7,0x00,
    0x3c,0x66,0xd7,0x00,0x3c,0x66,0xd7,0x00,0x3c,0x66,0xd7,0x00,0x3c,0x66,0xd7,0x00,0x3c,0x66,0xd7,0x00,
    0x3c,0x66,0xd7,0x00,0x3c,0x66,0xd7,0x00,0x3c,0x66,0xd7,0x00,0x3c,0x66,0xd7,0x00,0x3c,0x66,0xd7,0x00,
    0x3c,0x66,0xd7,0x00,0x3c,0x66,0xd7,0x00,0x3c,0x66,0xd7,0x00,0x3c,0x66,0xd7,0x00,0x3c,0x66,0xd7,0x00,
    0x3c,0x66,0xd7,0x00,0x3c,0x66,0xd7,0x00,0x3c,0x66,0xd7,0x03,0x3c,0x66,0xd7,0x00,0x3c,0x66,0xd7,0x59,
    0x3c,0x66,0xd7,0xff,0x3c,0x66,0xd7,0xff,0x3c,0x66,0xd7,0xfc,0x3c,0x66,0xd7,0xfb,0x3c,0x66,0xd7,0xfb,
    0x3c,0x66,0xd7,0xfc,0x3c,0x66,0xd7,0xfe,0x3c,0x66,0xd7,0xff,0x3c,0x66,0xd7,0x97,0x3c,0x66,0xd7,0x00,
    0x3c,0x66,0xd7,0x03,0x3c,0x66,0xd7,0x00,0x3c,0x66,0xd7,0x00,0x3c,0x66,0xd7,0x00,0x3c,0x66,0xd7,0x00,
    0x3c,0x66,0xd7,0x00,0x3c,0x66,0xd7,0x00,0x3c,0x66,0xd7,0x00,0x3c,0x66,0xd7,0x00,0x3c,0x66,0xd7,0x00,
    0x3c,0x66,0xd7,0x00,0x3c,0x66,0xd7,0x00,0x3c,0x66,0xd7,0x00,0x3c,0x66,0xd7,0x00,0x3c,0x66,0xd7,0x00,
    0x3c,0x66,0xd7,0x00,0x3c,0x66,0xd7,0x00,0x3c,0x66,0xd7,0x00,0x3c,0x66,0xd7,0x00,0x3c,0x66,0xd7,0x00,
    0x3c,0x66,0xd7,0x00,0x3c,0x66,0xd7,0x00,0x3c,0x66,0xd7,0x00,0x3c,0x66,0xd7,0x00,0x3c,0x66,0xd7,0x00,
    0x3c,0x66,0xd7,0x00,0x3c,0x66,0xd7,0x03,0x3c,0x66,0xd7,0x00,0x3c,0x66,0xd7,0x00,0x3c,0x66,0xd7,0x00,
    0x3c,0x66,0xd7,0x00,0x3c,0x66,0xd7,0x00,0x3c,0x66,0xd7,0x00,0x3c,0x66,0xd7,0x03,0x3c,0x66,0xd7,0x01,
    0x3c,0x66,0xd7,0x00,0x3c,0x66,0xd7,0x00,0x3c,0x66,0xd7,0x00,0x3c,0x66,0xd7,0x00,0x3c,0x66,0xd7,0x00,
    0x3c,0x66,0xd7,0x00,0x3c,0x66,0xd7,0x00,0x3c,0x66,0xd7,0x00,0x3c,0x66,0xd7,0x00,0x3c,0x66,0xd7,0x00,
    0x3c,0x66,0xd7,0x00,0x3c,0x66,0xd7,0x00,0x3c,0x66,0xd7,0x00,0x3c,0x66,0xd7,0x00,0x3c,0x66,0xd7,0x00,
    0x3c,0x66,0xd7,0x00,0x3c,0x66,0xd7,0x00,0x3c,0x66,0xd7,0x00,0x3c,0x66,0xd7,0x00,0x3c,0x66,0xd7,0x00,
    0x3c,0x66,0xd7,0x00,0x3c,0x66,0xd7,0x00,0x3c,0x66,0xd7,0x00,0x3c,0x66,0xd7,0x00,0x3c,0x66,0xd7,0x00,
    0x3c,0x66,0xd7,0x00,0x3c,0x66,0xd7,0x00,0x3c,0x66,0xd7,0x00,0x3c,0x66,0xd7,0x00,0x3c,0x66,0xd7,0x00,
    0x3c,0x66,0xd7,0x00,0x3c,0x66,0xd7,0x00,0x3c,0x66,0xd7,0x00,0x3c,0x66,0xd7,0x00,0x3c,0x66,0xd7,0x00,
    0x3c,0x66,0xd7,0x00,0x3c,0x66,0xd7,0x00,0x3c,0x66,0xd7,0x00,0x3c,0x66,0xd7,0x00,0x3c,0x66,0xd7,0x00,
    0x3c,0x66,0xd7,0x00,0x3c,0x66,0xd7,0x00,0x3c,0x66,0xd7,0x00,0x3c,0x66,0xd7,0x00,0x3c,0x66,0xd7,0x02,
    0x3c,0x66,0xd7,0x02,0x3c,0x66,0xd7,0xc3,0x3c,0x66,0xd7,0xff,0x3c,0x66,0xd7,0xfc,0x3c,0x66,0xd7,0xff,
    0x3c,0x66,0xd7,0xff,0x3c,0x66,0xd7,0xff,0x3c,0x66,0xd7,0xff,0x3c,0x66,0xd7,0xff,0x3c,0x66,0xd7,0xff,
    0x3c,0x66,0xd7,0xff,0x3c,0x66,0xd7,0xff,0x3c,0x66,0xd7,0xff,0x3c,0x66,0xd7,0xff,0x3c,0x66,0xd7,0xff,
    0x3c,0x66,0xd7,0xff,0x3c,0x66,0xd7,0xfe,0x3c,0x66,0xd7,0xff,0x3c,0x66,0xd7,0xf0,0x3c,0x66,0xd7,0x15,
    0x3c,0x66,0xd7,0x00,0x3c,0x66,0xd7,0x02,0x3c,0x66,0xd7,0x00,0x3c,0x66,0xd7,0x11,0x3c,0x66,0xd7,0xeb,
    0x3c,0x66,0xd7,0xff,0x3c,0x66,0xd7,0xbd,0x3c,0x66,0xd7,0x00,0x3c,0x66,0xd7,0x02,0x3c,0x66,0xd7,0x00,
    0x3c,0x66,0xd7,0x00,0x3c,0x66,0xd7,0x00,0x3c,0x66,0xd7,0x00,0x3c,0x66,0xd7,0x00,0x3c,0x66,0xd7,0x00,
    0x3c,0x66,0xd7,0x00,0x3c,0x66,0xd7,0x00,0x3c,0x66,0xd7,0x00,0x3c,0x66,0xd7,0x00,0x3c,0x66,0xd7,0x00,
    0x3c,0x66,0xd7,0x00,0x3c,0x66,0xd7,0x00,0x3c,0x66,0xd7,0x00,0x3c,0x66,0xd7,0x00,0x3c,0x66,0xd7,0x00,
    0x3c,0x66,0xd7,0x00,0x3c,0x66,0xd7,0x00,0x3c,0x66,0xd7,0x00,0x3c,0x66,0xd7,0x00,0x3c,0x66,0xd7,0x00,
    0x3c,0x66,0xd7,0x00,0x3c,0x66,0xd7,0x00,0x3c,0x66,0xd7,0x00,0x3c,0x66,0xd7,0x03,0x3c,0x66,0xd7,0x00,
    0x3c,0x66,0xd7,0x3a,0x3c,0x66,0xd7,0xfd,0x3c,0x66,0xd7,0xfd,0x3c,0x66,0xd7,0xff,0x3c,0x66,0xd7,0xff,
    0x3c,0x66,0xd7,0xff,0x3c,0x66,0xd7,0xff,0x3c,0x66,0xd7,0xff,0x3c,0x66,0xd7,0xff,0x3c,0x66,0xd7,0xff,
    0x3c,0x66,0xd7,0xff,0x3c,0x66,0xd7,0xff,0x3c,0x66,0xd7,0xff,0x3c,0x66,0xd7,0xff,0x3c,0x66,0xd7,0xff,
    0x3c,0x66,0xd7,0xfb,0x3c,0x66,0xd7,0xff,0x3c,0x66,0xd7,0x73,0x3c,0x66,0xd7,0x00,0x3c,0x66,0xd7,0xf0,
    0x3c,0x66,0xd7,0xff,0x3c,0x66,0xd7,0xbd,0x3c,0x66,0xd7,0x00,0x3c,0x66,0xd7,0x02,0x3c,0x66,0xd7,0x00,
    0x3c,0x66,0xd7,0x00,0x3c,0x66,0xd7,0x00,0x3c,0x66,0xd7,0x00,0x3c,0x66,0xd7,0x00,0x3c,0x66,0xd7,0x00,
    0x3c,0x66,0xd7,0x00,0x3c,0x66,0xd7,0x00,0x3c,0x66,0xd7,0x00,0x3c,0x66,0xd7,0x00,0x3c,0x66,0xd7,0x00,
    0x3c,0x66,0xd7,0x00,0x3c,0x66,0xd7,0x00,0x3c,0x66,0xd7,0x00,0x3c,0x66,0xd7,0x00,0x3c,0x66,0xd7,0x00,
    0x3c,0x66,0xd7,0x00,0x3c,0x66,0xd7,0x00,0x3c,0x66,0xd7,0x00,0x3c,0x66,0xd7,0x00,0x3c,0x66,0xd7,0x00,
    0x3c,0x66,0xd7,0x00,0x3c,0x66,0xd7,0x00,0x3c,0x66,0xd7,0x00,0x3c,0x66,0xd7,0x00,0x3c,0x66,0xd7,0x00,
    0x3c,0x66,0xd7,0x03,0x3c,0x66,0xd7,0x00,0x3c,0x66,0xd7,0x48,0x3c,0x66,0xd7,0xff,0x3c,0x66,0xd7,0xfd,
    0x3c,0x66,0xd7,0xff,0x3c,0x66,0xd7,0xff,0x3c,0x66,0xd7,0xff,0x3c,0x66,0xd7,0xff,0x3c,0x66,0xd7,0xff,
    0x3c,0x66,0xd7,0xff,0x3c,0x66,0xd7,0xff,0x3c,0x66,0xd7,0xff,0x3c,0x66,0xd7,0xff,0x3c,0x66,0xd7,0xff,
    0x3c,0x66,0xd7,0xfb,0x3c,0x66,0xd7,0xff,0x3c,0x66,0xd7,0x88,0x3c,0x66,0xd7,0x00,0x3c,0x66,0xd7,0x04,
    0x3c,0x66,0xd7,0x00,0x3c,0x66,0xd7,0x00,0x3c,0x66,0xd7,0x03,0x3c,0x66,0xd7,0x00,0x3c,0x66,0xd7,0x4f,
    0x3c,0x66,0xd7,0xff,0x3c,0x66,0xd7,0x22,0x3c,0x66,0xd7,0x00,0x3c,0x66,0xd7,0x02,0x3c,0x66,0xd7,0x00,
    0x3c,0x66,0xd7,0x00,0x3c,0x66,0xd7,0x00,0x3c,0x66,0xd7,0x00,0x3c,0x66,0xd7,0x00,0x3c,0x66,0xd7,0x00,
    0x3c,0x66,0xd7,0x00,0x3c,0x66,0xd7,0x00,0x3c,0x66,0xd7,0x00,0x3c,0x66,0xd7,0x00,0x3c,0x66,0xd7,0x00,
    0x3c,0x66,0xd7,0x00,0x3c,0x66,0xd7,0x00,0x3c,0x66,0xd7,0x00,0x3c,0x66,0xd7,0x00,0x3c,0x66,0xd7,0x00,
    0x3c,0x66,0xd7,0x00,0x3c,0x66,0xd7,0x00,0x3c,0x66,0xd7,0x00,0x3c,0x66,0xd7,0x00,0x3c,0x66,0xd7,0x00,
    0x3c,0x66,0xd7,0x01,0x3c,0x66,0xd7,0x00,0x3c,0x66,0xd7,0x0d,0x3c,0x66,0xd7,0xe9,0x3c,0x66,0xd7,0xff,
    0x3c,0x66,0xd7,0xfe,0x3c,0x66,0xd7,0xff,0x3c,0x66,0xd7,0xff,0x3c,0x66,0xd7,0xff,0x3c,0x66,0xd7,0xff,
    0x3c,0x66,0xd7,0xff,0x3c,0x66,0xd7,0xff,0x3c,0x66,0xd7,0xff,0x3c,0x66,0xd7,0xff,0x3c,0x66,0xd7,0xff,
    0x3c,0x66,0xd7,0xff,0x3c,0x66,0xd7,0xff,0x3c,0x66,0xd7,0xfd,0x3c,0x66,0xd7,0xfd,0x3c,0x66,0xd7,0x35,
    0x3c,0x66,0xd7,0x04,0x3c,0x66,0xd7,0xf1,0x3c,0x66,0xd7,0xff,0x3c,0x66,0xd7,0xf6,0x3c,0x66,0xd7,0x80,
    0x3c,0x66,0xd7,0x00,0x3c,0x66,0xd7,0x00,0x3c,0x66,0xd7,0x03,0x3c,0x66,0xd7,0x00,0x3c,0x66,0xd7,0x00,
    0x3c,0x66,0xd7,0x00,0x3c,0x66,0xd7,0x00,0x3c,0x66,0xd7,0x00,0x3c,0x66,0xd7,0x00,0x3c,0x66,0xd7,0x00,
    0x3c,0x66,0xd7,0x00,0x3c,0x66,0xd7,0x00,0x3c,0x66,0xd7,0x00,0x3c,0x66,0xd7,0x00,0x3c,0x66,0xd7,0x00,
    0x3c,0x66,0xd7,0x00,0x3c,0x66,0xd7,0x00,0x3c,0x66,0xd7,0x00,0x3c,0x66,0xd7,0x00,0x3c,0x66,0xd7,0x00,
    0x3c,0x66,0xd7,0x00,0x3c,0x66,0xd7,0x00,0x3c,0x66,0xd7,0x00,0x3c,0x66,0xd7,0x00,0x3c,0x66,0xd7,0x00,
    0x3c,0x66,0xd7,0x00,0x3c,0x66,0xd7,0x00,0x3c,0x66,0xd7,0x04,0x3c,0x66,0xd7,0x00,0x3c,0x66,0xd7,0x74,
    0x3c,0x66,0xd7,0xfb,0x3c,0x66,0xd7,0xfa,0x3c,0x66,0xd7,0xff,0x3c,0x66,0xd7,0xff,0x3c,0x66,0xd7,0xff,
    0x3c,0x66,0xd7,0xff,0x3c,0x66,0xd7,0xfb,0x3c,0x66,0xd7,0xfb,0x3c,0x66,0xd7,0xb1,0x3c,0x66,0xd7,0x00,
    0x3c,0x66,0xd7,0x02,0x3c,0x66,0xd7,0x00,0x3c,0x66,0xd7,0x00,0x3c,0x66,0xd7,0x00,0x3c,0x66,0xd7,0x00,
    0x3c,0x66,0xd7,0x00,0x3c,0x66,0xd7,0x00,0x3c,0x66,0xd7,0x00,0x3c,0x66,0xd7,0x00,0x3c,0x66,0xd7,0x00,
    0x3c,0x66,0xd7,0x00,0x3c,0x66,0xd7,0x00,0x3c,0x66,0xd7,0x00,0x3c,0x66,0xd7,0x00,0x3c,0x66,0xd7,0x00,
    0x3c,0x66,0xd7,0x00,0x3c,0x66,0xd7,0x00,0x3c,0x66,0xd7,0x00,0x3c,0x66,0xd7,0x00,0x3c,0x66,0xd7,0x00,
    0x3c,0x66,0xd7,0x00,0x3c,0x66,0xd7,0x00,0x3c,0x66,0xd7,0x00,0x3c,0x66,0xd7,0x00,0x3c,0x66,0xd7,0x00,
    0x3c,0x66,0xd7,0x01,0x3c,0x66,0xd7,0x00,0x3c,0x66,0xd7,0x16,0x3c,0x66,0xd7,0x51,0x3c,0x66,0xd7,0x7f,
    0x3c,0x66,0xd7,0x7f,0x3c,0x66,0xd7,0x60,0x3c,0x66,0xd7,0x27,0x3c,0x66,0xd7,0x00,0x3c,0x66,0xd7,0x00,
    0x3c,0x66,0xd7,0x00,0x3c,0x66,0xd7,0x00,0x3c,0x66,0xd7,0x00,0x3c,0x66,0xd7,0x00,0x3c,0x66,0xd7,0x00,
    0x3c,0x66,0xd7,0x00,0x3c,0x66,0xd7,0x00,0x3c,0x66,0xd7,0x00,0x3c,0x66,0xd7,0x00,0x3c,0x66,0xd7,0x00,
    0x3c,0x66,0xd7,0x00,0x3c,0x66,0xd7,0x00,0x3c,0x66,0xd7,0x00,0x3c,0x66,0xd7,0x00,0x3c,0x66,0xd7,0x00,
    0x3c,0x66,0xd7,0x00,0x3c,0x66,0xd7,0x00,0x3c,0x66,0xd7,0x00,0x3c,0x66,0xd7,0x00,0x3c,0x66,0xd7,0x00,
    0x3c,0x66,0xd7,0x00,0x3c,0x66,0xd7,0x00,0x3c,0x66,0xd7,0x00,0x3c,0x66,0xd7,0x00,0x3c,0x66,0xd7,0x00,
    0x3c,0x66,0xd7,0x00,0x3c,0x66,0xd7,0x00,0x3c,0x66,0xd7,0x00,0x3c,0x66,0xd7,0x00,0x3c,0x66,0xd7,0x00,
    0x3c,0x66,0xd7,0x00,0x3c,0x66,0xd7,0x00,0x3c,0x66,0xd7,0x00,0x3c,0x66,0xd7,0x00,0x3c,0x66,0xd7,0x00,
    0x3c,0x66,0xd7,0x00,0x3c,0x66,0xd7,0x00,0x3c,0x66,0xd7,0x00,0x3c,0x66,0xd7,0x00,0x3c,0x66,0xd7,0x00,
    0x3c,0x66,0xd7,0x00,0x3c,0x66,0xd7,0x00,0x3c,0x66,0xd7,0x00,0x3c,0x66,0xd7,0x01,0x3c,0x66,0xd7,0x00,
    0x3c,0x66,0xd7,0x0f,0x3c,0x66,0xd7,0xea,0x3c,0x66,0xd7,0xff,0x3c,0x66,0xd7,0xfe,0x3c,0x66,0xd7,0xff,
    0x3c,0x66,0xd7,0xff,0x3c,0x66,0xd7,0xff,0x3c,0x66,0xd7,0xff,0x3c,0x66,0xd7,0xff,0x3c,0x66,0xd7,0xff,
    0x3c,0x66,0xd7,0xff,0x3c,0x66,0xd7,0xff,0x3c,0x66,0xd7,0xff,0x3c,0x66,0xd7,0xff,0x3c,0x66,0xd7,0xff,
    0x3c,0x66,0xd7,0xff,0x3c,0x66,0xd7,0xff,0x3c,0x66,0xd7,0xfd,0x3c,0x66,0xd7,0xfd,0x3c,0x66,0xd7,0x3c,
    0x3c,0x66,0xd7,0x00,0x3c,0x66,0xd7,0x04,0x3c,0x66,0xd7,0x00,0x3c,0x66,0xd7,0x11,0x3c,0x66,0xd7,0xeb,
    0x3c,0x66,0xd7,0xff,0x3c,0x66,0xd7,0xbd,0x3c,0x66,0xd7,0x00,0x3c,0x66,0xd7,0x02,0x3c,0x66,0xd7,0x00,
    0x3c,0x66,0xd7,0x00,0x3c,0x66,0xd7,0x00,0x3c,0x66,0xd7,0x00,0x3c,0x66,0xd7,0x00,0x3c,0x66,0xd7,0x00,
    0x3c,0x66,0xd7,0x00,0x3c,0x66,0xd7,0x00,0x3c,0x66,0xd7,0x00,0x3c,0x66,0xd7,0x00,0x3c,0x66,0xd7,0x00,
    0x3c,0x66,0xd7,0x00,0x3c,0x66,0xd7,0x00,0x3c,0x66,0xd7,0x00,0x3c,0x66,0xd7,0x00,0x3c,0x66,0xd7,0x00,
    0x3c,0x66,0xd7,0x00,0x3c,0x66,0xd7,0x00,0x3c,0x66,0xd7,0x00,0x3c,0x66,0xd7,0x00,0x3c,0x66,0xd7,0x00,
    0x3c,0x66,0xd7,0x00,0x3c,0x66,0xd7,0x00,0x3c,0x66,0xd7,0x00,0x3c,0x66,0xd7,0x03,0x3c,0x66,0xd7,0x00,
    0x3c,0x66,0xd7,0x53,0x3c,0x66,0xd7,0xff,0x3c,0x66,0xd7,0xfc,0x3c,0x66,0xd7,0xff,0x3c,0x66,0xd7,0xff,
    0x3c,0x66,0xd7,0xff,0x3c,0x66,0xd7,0xff,0x3c,0x66,0xd7,0xff,0x3c,0x66,0xd7,0xff,0x3c,0x66,0xd7,0xff,
    0x3c,0x66,0xd7,0xff,0x3c,0x66,0xd7,0xff,0x3c,0x66,0xd7,0xff,0x3c,0x66,0xd7,0xff,0x3c,0x66,0xd7,0xff,
    0x3c,0x66,0xd7,0xfb,0x3c,0x66,0xd7,0xff,0x3c,0x66,0xd7,0x8c,0x3c,0x66,0xd7,0x01,0x3c,0x66,0xd7,0xef,
    0x3c,0x66,0xd7,0xff,0x3c,0x66,0xd7,0xbd,0x3c,0x66,0xd7,0x00,0x3c,0x66,0xd7,0x02,0x3c,0x66,0xd7,0x00,
    0x3c,0x66,0xd7,0x00,0x3c,0x66,0xd7,0x00,0x3c,0x66,0xd7,0x00,0x3c,0x66,0xd7,0x00,0x3c,0x66,0xd7,0x00,
    0x3c,0x66,0xd7,0x00,0x3c,0x66,0xd7,0x00,0x3c,0x66,0xd7,0x00,0x3c,0x66,0xd7,0x00,0x3c,0x66,0xd7,0x00,
    0x3c,0x66,0xd7,0x00,0x3c,0x66,0xd7,0x00,0x3c,0x66,0xd7,0x00,0x3c,0x66,0xd7,0x00,0x3c,0x66,0xd7,0x00,
    0x3c,0x66,0xd7,0x00,0x3c,0x66,0xd7,0x00,0x3c,0x66,0xd7,0x00,0x3c,0x66,0xd7,0x00,0x3c,0x66,0xd7,0x00,
    0x3c,0x66,0xd7,0x00,0x3c,0x66,0xd7,0x00,0x3c,0x66,0xd7,0x00,0x3c,0x66,0xd7,0x00,0x3c,0x66,0xd7,0x00,
    0x3c,0x66,0xd7,0x04,0x3c,0x66,0xd7,0x00,0x3c,0x66,0xd7,0x78,0x3c,0x66,0xd7,0xff,0x3c,0x66,0xd7,0xfb,
    0x3c,0x66,0xd7,0xff,0x3c,0x66,0xd7,0xff,0x3c,0x66,0xd7,0xff,0x3c,0x66,0xd7,0xff,0x3c,0x66,0xd7,0xff,
    0x3c,0x66,0xd7,0xff,0x3c,0x66,0xd7,0xff,0x3c,0x66,0xd7,0xff,0x3c,0x66,0xd7,0xff,0x3c,0x66,0xd7,0xff,
    0x3c,0x66,0xd7,0xfc,0x3c,0x66,0xd7,0xff,0x3c,0x66,0xd7,0xb7,0x3c,0x66,0xd7,0x00,0x3c,0x66,0xd7,0x02,
    0x3c,0x66,0xd7,0x00,0x3c,0x66,0xd7,0x00,0x3c,0x66,0xd7,0x03,0x3c,0x66,0xd7,0x00,0x3c,0x66,0xd7,0xbc,
    0x3c,0x66,0xd7,0xaf,0x3c,0x66,0xd7,0x00,0x3c,0x66,0xd7,0x03,0x3c,0x66,0xd7,0x00,0x3c,0x66,0xd7,0x00,
    0x3c,0x66,0xd7,0x00,0x3c,0x66,0xd7,0x00,0x3c,0x66,0xd7,0x00,0x3c,0x66,0xd7,0x00,0x3c,0x66,0xd7,0x00,
    0x3c,0x66,0xd7,0x00,0x3c,0x66,0xd7,0x00,0x3c,0x66,0xd7,0x00,0x3c,0x66,0xd7,0x00,0x3c,0x66,0xd7,0x00,
    0x3c,0x66,0xd7,0x00,0x3c,0x66,0xd7,0x00,0x3c,0x66,0xd7,0x00,0x3c,0x66,0xd7,0x00,0x3c,0x66,0xd7,0x00,
    0x3c,0x66,0xd7,0x00,0x3c,0x66,0xd7,0x00,0x3c,0x66,0xd7,0x00,0x3c,0x66,0xd7,0x00,0x3c,0x66,0xd7,0x00,
    0x3c,0x66,0xd7,0x02,0x3c,0x66,0xd7,0x00,0x3c,0x66,0xd7,0x28,0x3c,0x66,0xd7,0xf7,0x3c,0x66,0xd7,0xfe,
    0x3c,0x66,0xd7,0xff,0x3c,0x66,0xd7,0xff,0x3c,0x66,0xd7,0xff,0x3c,0x66,0xd7,0xff,0x3c,0x66,0xd7,0xff,
    0x3c,0x66,0xd7,0xff,0x3c,0x66,0xd7,0xff,0x3c,0x66,0xd7,0xff,0x3c,0x66,0xd7,0xff,0x3c,0x66,0xd7,0xff,
    0x3c,0x66,0xd7,0xff,0x3c,0x66,0xd7,0xff,0x3c,0x66,0xd7,0xfc,0x3c,0x66,0xd7,0xff,0x3c,0x66,0xd7,0x5c,
    0x3c,0x66,0xd7,0x01,0x3c,0x66,0xd7,0xef,0x3c,0x66,0xd7,0xff,0x3c,0x66,0xd7,0x56,0x3c,0x66,0xd7,0x00,
    0x3c,0x66,0xd7,0x03,0x3c,0x66,0xd7,0x02,0x3c,0x66,0xd7,0x00,0x3c,0x66,0xd7,0x00,0x3c,0x66,0xd7,0x00,
    0x3c,0x66,0xd7,0x00,0x3c,0x66,0xd7,0x00,0x3c,0x66,0xd7,0x00,0x3c,0x66,0xd7,0x00,0x3c,0x66,0xd7,0x00,
    0x3c,0x66,0xd7,0x00,0x3c,0x66,0xd7,0x00,0x3c,0x66,0xd7,0x00,0x3c,0x66,0xd7,0x00,0x3c,0x66,0xd7,0x00,
    0x3c,0x66,0xd7,0x00,0x3c,0x66,0xd7,0x00,0x3c,0x66,0xd7,0x00,0x3c,0x66,0xd7,0x00,0x3c,0x66,0xd7,0x00,
    0x3c,0x66,0xd7,0x00,0x3c,0x66,0xd7,0x00,0x3c,0x66,0xd7,0x00,0x3c,0x66,0xd7,0x00,0x3c,0x66,0xd7,0x00,
    0x3c,0x66,0xd7,0x00,0x3c,0x66,0xd7,0x00,0x3c,0x66,0xd7,0x01,0x3c,0x66,0xd7,0x00,0x3c,0x66,0xd7,0x11,
    0x3c,0x66,0xd7,0xf1,0x3c,0x66,0xd7,0xff,0x3c,0x66,0xd7,0xfe,0x3c,0x66,0xd7,0xff,0x3c,0x66,0xd7,0xff,
    0x3c,0x66,0xd7,0xff,0x3c,0x66,0xd7,0xfd,0x3c,0x66,0xd7,0xff,0x3c,0x66,0xd7,0x44,0x3c,0x66,0xd7,0x00,
    0x3c,0x66,0xd7,0x03,0x3c,0x66,0xd7,0x00,0x3c,0x66,0xd7,0x00,0x3c,0x66,0xd7,0x00,0x3c,0x66,0xd7,0x00,
    0x3c,0x66,0xd7,0x00,0x3c,0x66,0xd7,0x00,0x3c,0x66,0xd7,0x00,0x3c,0x66,0xd7,0x00,0x3c,0x66,0xd7,0x00,
    0x3c,0x66,0xd7,0x00,0x3c,0x66,0xd7,0x00,0x3c,0x66,0xd7,0x00,0x3c,0x66,0xd7,0x00,0x3c,0x66,0xd7,0x00,
    0x3c,0x66,0xd7,0x00,0x3c,0x66,0xd7,0x00,0x3c,0x66,0xd7,0x00,0x3c,0x66,0xd7,0x00,0x3c,0x66,0xd7,0x00,
    0x3c,0x66,0xd7,0x00,0x3c,0x66,0xd7,0x00,0x3c,0x66,0xd7,0x00,0x3c,0x66,0xd7,0x00,0x3c,0x66,0xd7,0x01,
    0x3c,0x66,0xd7,0x00,0x3c,0x66,0xd7,0x7a,0x3c,0x66,0xd7,0xe9,0x3c,0x66,0xd7,0xff,0x3c,0x66,0xd7,0xff,
    0x3c,0x66,0xd7,0xff,0x3c,0x66,0xd7,0xff,0x3c,0x66,0xd7,0xf9,0x3c,0x66,0xd7,0x9e,0x3c,0x66,0xd7,0x0d,
    0x3c,0x66,0xd7,0x01,0x3c,0x66,0xd7,0x01,0x3c,0x66,0xd7,0x00,0x3c,0x66,0xd7,0x00,0x3c,0x66,0xd7,0x00,
    0x3c,0x66,0xd7,0x00,0x3c,0x66,0xd7,0x00,0x3c,0x66,0xd7,0x00,0x3c,0x66,0xd7,0x00,0x3c,0x66,0xd7,0x00,
    0x3c,0x66,0xd7,0x00,0x3c,0x66,0xd7,0x00,0x3c,0x66,0xd7,0x00,0x3c,0x66,0xd7,0x00,0x3c,0x66,0xd7,0x00,
    0x3c,0x66,0xd7,0x00,0x3c,0x66,0xd7,0x00,0x3c,0x66,0xd7,0x00,0x3c,0x66,0xd7,0x00,0x3c,0x66,0xd7,0x00,
    0x3c,0x66,0xd7,0x00,0x3c,0x66,0xd7,0x00,0x3c,0x66,0xd7,0x00,0x3c,0x66,0xd7,0x00,0x3c,0x66,0xd7,0x00,
    0x3c,0x66,0xd7,0x00,0x3c,0x66,0xd7,0x00,0x3c,0x66,0xd7,0x00,0x3c,0x66,0xd7,0x00,0x3c,0x66,0xd7,0x00,
    0x3c,0x66,0xd7,0x00,0x3c,0x66,0xd7,0x00,0x3c,0x66,0xd7,0x00,0x3c,0x66,0xd7,0x00,0x3c,0x66,0xd7,0x00,
    0x3c,0x66,0xd7,0x00,0x3c,0x66,0xd7,0x00,0x3c,0x66,0xd7,0x00,0x3c,0x66,0xd7,0x00,0x3c,0x66,0xd7,0x00,
    0x3c,0x66,0xd7,0x00,0x3c,0x66,0xd7,0x00,0x3c,0x66,0xd7,0x00,0x3c,0x66,0xd7,0x02,0x3c,0x66,0xd7,0x00,
    0x3c,0x66,0xd7,0x31,0x3c,0x66,0xd7,0xfb,0x3c,0x66,0xd7,0xfe,0x3c,0x66,0xd7,0xff,0x3c,0x66,0xd7,0xff,
    0x3c,0x66,0xd7,0xff,0x3c,0x66,0xd7,0xff,0x3c,0x66,0xd7,0xff,0x3c,0x66,0xd7,0xff,0x3c,0x66,0xd7,0xff,
    0x3c,0x66,0xd7,0xff,0x3c,0x66,0xd7,0xff,0x3c,0x66,0xd7,0xff,0x3c,0x66,0xd7,0xff,0x3c,0x66,0xd7,0xff,
    0x3c,0x66,0xd7,0xff,0x3c,0x66,0xd7,0xff,0x3c,0x66,0xd7,0xfb,0x3c,0x66,0xd7,0xff,0x3c,0x66,0xd7,0x6d,
    0x3c,0x66,0xd7,0x00,0x3c,0x66,0xd7,0x05,0x3c,0x66,0xd7,0x00,0x3c,0x66,0xd7,0x11,0x3c,0x66,0xd7,0xeb,
    0x3c,0x66,0xd7,0xff,0x3c,0x66,0xd7,0xbd,0x3c,0x66,0xd7,0x00,0x3c,0x66,0xd7,0x02,0x3c,0x66,0xd7,0x00,
    0x3c,0x66,0xd7,0x00,0x3c,0x66,0xd7,0x00,0x3c,0x66,0xd7,0x00,0x3c,0x66,0xd7,0x00,0x3c,0x66,0xd7,0x00,
    0x3c,0x66,0xd7,0x00,0x3c,0x66,0xd7,0x00,0x3c,0x66,0xd7,0x00,0x3c,0x66,0xd7,0x00,0x3c,0x66,0xd7,0x00,
    0x3c,0x66,0xd7,0x00,0x3c,0x66,0xd7,0x00,0x3c,0x66,0xd7,0x00,0x3c,0x66,0xd7,0x00,0x3c,0x66,0xd7,0x00,
    0x3c,0x66,0xd7,0x00,0x3c,0x66,0xd7,0x00,0x3c,0x66,0xd7,0x00,0x3c,0x66,0xd7,0x00,0x3c,0x66,0xd7,0x00,
    0x3c,0x66,0xd7,0x00,0x3c,0x66,0xd7,0x00,0x3c,0x66,0xd7,0x00,0x3c,0x66,0xd7,0x04,0x3c,0x66,0xd7,0x00,
    0x3c,0x66,0xd7,0x80,0x3c,0x66,0xd7,0xff,0x3c,0x66,0xd7,0xfb,0x3c,0x66,0xd7,0xff,0x3c,0x66,0xd7,0xff,
    0x3c,0x66,0xd7,0xff,0x3c,0x66,0xd7,0xff,0x3c,0x66,0xd7,0xff,0x3c,0x66,0xd7,0xff,0x3c,0x66,0xd7,0xff,
    0x3c,0x66,0xd7,0xff,0x3c,0x66,0xd7,0xff,0x3c,0x66,0xd7,0xff,0x3c,0x66,0xd7,0xff,0x3c,0x66,0xd7,0xff,
    0x3c,0x66,0xd7,0xfc,0x3c,0x66,0xd7,0xff,0x3c,0x66,0xd7,0xba,0x3c,0x66,0xd7,0x05,0x3c,0x66,0xd7,0xee,
    0x3c,0x66,0xd7,0xff,0x3c,0x66,0xd7,0xbd,0x3c,0x66,0xd7,0x00,0x3c,0x66,0xd7,0x02,0x3c,0x66,0xd7,0x00,
    0x3c,0x66,0xd7,0x00,0x3c,0x66,0xd7,0x00,0x3c,0x66,0xd7,0x00,0x3c,0x66,0xd7,0x00,0x3c,0x66,0xd7,0x00,
    0x3c,0x66,0xd7,0x00,0x3c,0x66,0xd7,0x00,0x3c,0x66,0xd7,0x00,0x3c,0x66,0xd7,0x00,0x3c,0x66,0xd7,0x00,
    0x3c,0x66,0xd7,0x00,0x3c,0x66,0xd7,0x00,0x3c,0x66,0xd7,0x00,0x3c,0x66,0xd7,0x00,0x3c,0x66,0xd7,0x00,
    0x3c,0x66,0xd7,0x00,0x3c,0x66,0xd7,0x00,0x3c,0x66,0xd7,0x00,0x3c,0x66,0xd7,0x00,0x3c,0x66,0xd7,0x00,
    0x3c,0x66,0xd7,0x00,0x3c,0x66,0xd7,0x00,0x3c,0x66,0xd7,0x00,0x3c,0x66,0xd7,0x00,0x3c,0x66,0xd7,0x00,
    0x3c,0x66,0xd7,0x03,0x3c,0x66,0xd7,0x00,0x3c,0x66,0xd7,0x91,0x3c,0x66,0xd7,0xff,0x3c,0x66,0xd7,0xfb,
    0x3c,0x66,0xd7,0xff,0x3c,0x66,0xd7,0xff,0x3c,0x66,0xd7,0xff,0x3c,0x66,0xd7,0xff,0x3c,0x66,0xd7,0xff,
    0x3c,0x66,0xd7,0xff,0x3c,0x66,0xd7,0xff,0x3c,0x66,0xd7,0xff,0x3c,0x66,0xd7,0xff,0x3c,0x66,0xd7,0xff,
    0x3c,0x66,0xd7,0xfd,0x3c,0x66,0xd7,0xff,0x3c,0x66,0xd7,0xcc,0x3c,0x66,0xd7,0x05,0x3c,0x66,0xd7,0x01,
    0x3c,0x66,0xd7,0x00,0x3c,0x66,0xd7,0x00,0x3c,0x66,0xd7,0x01,0x3c,0x66,0xd7,0x00,0x3c,0x66,0xd7,0x1f,
    0x3c,0x66,0xd7,0x12,0x3c,0x66,0xd7,0x01,0x3c,0x66,0xd7,0x01,0x3c,0x66,0xd7,0x00,0x3c,0x66,0xd7,0x00,
    0x3c,0x66,0xd7,0x00,0x3c,0x66,0xd7,0x00,0x3c,0x66,0xd7,0x00,0x3c,0x66,0xd7,0x00,0x3c,0x66,0xd7,0x00,
    0x3c,0x66,0xd7,0x00,0x3c,0x66,0xd7,0x00,0x3c,0x66,0xd7,0x00,0x3c,0x66,0xd7,0x00,0x3c,0x66,0xd7,0x00,
    0x3c,0x66,0xd7,0x00,0x3c,0x66,0xd7,0x00,0x3c,0x66,0xd7,0x00,0x3c,0x66,0xd7,0x00,0x3c,0x66,0xd7,0x00,
    0x3c,0x66,0xd7,0x00,0x3c,0x66,0xd7,0x00,0x3c,0x66,0xd7,0x00,0x3c,0x66,0xd7,0x00,0x3c,0x66,0xd7,0x00,
    0x3c,0x66,0xd7,0x03,0x3c,0x66,0xd7,0x00,0x3c,0x66,0xd7,0x4a,0x3c,0x66,0xd7,0xff,0x3c,0x66,0xd7,0xfd,
    0x3c,0x66,0xd7,0xff,0x3c,0x66,0xd7,0xff,0x3c,0x66,0xd7,0xff,0x3c,0x66,0xd7,0xff,0x3c,0x66,0xd7,0xff,
    0x3c,0x66,0xd7,0xff,0x3c,0x66,0xd7,0xff,0x3c,0x66,0xd7,0xff,0x3c,0x66,0xd7,0xff,0x3c,0x66,0xd7,0xff,
    0x3c,0x66,0xd7,0xff,0x3c,0x66,0xd7,0xff,0x3c,0x66,0xd7,0xfb,0x3c,0x66,0xd7,0xff,0x3c,0x66,0xd7,0x84,
    0x3c,0x66,0xd7,0x01,0x3c,0x66,0xd7,0xf0,0x3c,0x66,0xd7,0xff,0x3c,0x66,0xd7,0x3b,0x3c,0x66,0xd7,0x03,
    0x3c,0x66,0xd7,0x03,0x3c,0x66,0xd7,0x00,0x3c,0x66,0xd7,0x00,0x3c,0x66,0xd7,0x00,0x3c,0x66,0xd7,0x00,
    0x3c,0x66,0xd7,0x00,0x3c,0x66,0xd7,0x00,0x3c,0x66,0xd7,0x00,0x3c,0x66,0xd7,0x00,0x3c,0x66,0xd7,0x00,
    0x3c,0x66,0xd7,0x00,0x3c,0x66,0xd7,0x00,0x3c,0x66,0xd7,0x00,0x3c,0x66,0xd7,0x00,0x3c,0x66,0xd7,0x00,
    0x3c,0x66,0xd7,0x00,0x3c,0x66,0xd7,0x00,0x3c,0x66,0xd7,0x00,0x3c,0x66,0xd7,0x00,0x3c,0x66,0xd7,0x00,
    0x3c,0x66,0xd7,0x00,0x3c,0x66,0xd7,0x00,0x3c,0x66,0xd7,0x00,0x3c,0x66,0xd7,0x00,0x3c,0x66,0xd7,0x00,
    0x3c,0x66,0xd7,0x00,0x3c,0x66,0xd7,0x00,0x3c,0x66,0xd7,0x00,0x3c,0x66,0xd7,0x01,0x3c,0x66,0xd7,0x09,
    0x3c,0x66,0xd7,0xde,0x3c,0x66,0xd7,0xfe,0x3c,0x66,0xd7,0xfd,0x3c,0x66,0xd7,0xff,0x3c,0x66,0xd7,0xff,
    0x3c,0x66,0xd7,0xff,0x3c,0x66,0xd7,0xfd,0x3c,0x66,0xd7,0xfd,0x3c,0x66,0xd7,0x2a,0x3c,0x66,0xd7,0x00,
    0x3c,0x66,0xd7,0x02,0x3c,0x66,0xd7,0x00,0x3c,0x66,0xd7,0x00,0x3c,0x66,0xd7,0x00,0x3c,0x66,0xd7,0x00,
    0x3c,0x66,0xd7,0x00,0x3c,0x66,0xd7,0x00,0x3c,0x66,0xd7,0x00,0x3c,0x66,0xd7,0x00,0x3c,0x66,0xd7,0x00,
    0x3c,0x66,0xd7,0x00,0x3c,0x66,0xd7,0x00,0x3c,0x66,0xd7,0x00,0x3c,0x66,0xd7,0x00,0x3c,0x66,0xd7,0x00,
    0x3c,0x66,0xd7,0x00,0x3c,0x66,0xd7,0x00,0x3c,0x66,0xd7,0x00,0x3c,0x66,0xd7,0x00,0x3c,0x66,0xd7,0x00,
    0x3c,0x66,0xd7,0x00,0x3c,0x66,0xd7,0x00,0x3c,0x66,0xd7,0x00,0x3c,0x66,0xd7,0x03,0x3c,0x66,0xd7,0x00,
    0x3c,0x66,0xd7,0x59,0x3c,0x66,0xd7,0xff,0x3c,0x66,0xd7,0xff,0x3c,0x66,0xd7,0xfc,0x3c,0x66,0xd7,0xfb,
    0x3c,0x66,0xd7,0xfb,0x3c,0x66,0xd7,0xfc,0x3c,0x66,0xd7,0xfe,0x3c,0x66,0xd7,0xff,0x3c,0x66,0xd7,0x97,
    0x3c,0x66,0xd7,0x00,0x3c,0x66,0xd7,0x03,0x3c,0x66,0xd7,0x00,0x3c,0x66,0xd7,0x00,0x3c,0x66,0xd7,0x00,
    0x3c,0x66,0xd7,0x00,0x3c,0x66,0xd7,0x00,0x3c,0x66,0xd7,0x00,0x3c,0x66,0xd7,0x00,0x3c,0x66,0xd7,0x00,
    0x3c,0x66,0xd7,0x00,0x3c,0x66,0xd7,0x00,0x3c,0x66,0xd7,0x00,0x3c,0x66,0xd7,0x00,0x3c,0x66,0xd7,0x00,
    0x3c,0x66,0xd7,0x00,0x3c,0x66,0xd7,0x00,0x3c,0x66,0xd7,0x00,0x3c,0x66,0xd7,0x00,0x3c,0x66,0xd7,0x00,
    0x3c,0x66,0xd7,0x00,0x3c,0x66,0xd7,0x00,0x3c,0x66,0xd7,0x00,0x3c,0x66,0xd7,0x00,0x3c,0x66,0xd7,0x00,
    0x3c,0x66,0xd7,0x00,0x3c,0x66,0xd7,0x00,0x3c,0x66,0xd7,0x00,0x3c,0x66,0xd7,0x00,0x3c,0x66,0xd7,0x00,
    0x3c,0x66,0xd7,0x00,0x3c,0x66,0xd7,0x00,0x3c,0x66,0xd7,0x00,0x3c,0x66,0xd7,0x00,0x3c,0x66,0xd7,0x00,
    0x3c,0x66,0xd7,0x00,0x3c,0x66,0xd7,0x00,0x3c,0x66,0xd7,0x00,0x3c,0x66,0xd7,0x00,0x3c,0x66,0xd7,0x00,
    0x3c,0x66,0xd7,0x00,0x3c,0x66,0xd7,0x00,0x3c,0x66,0xd7,0x00,0x3c,0x66,0xd7,0x04,0x3c,0x66,0xd7,0x00,
    0x3c,0x66,0xd7,0x60,0x3c,0x66,0xd7,0xff,0x3c,0x66,0xd7,0xfc,0x3c,0x66,0xd7,0xff,0x3c,0x66,0xd7,0xff,
    0x3c,0x66,0xd7,0xff,0x3c,0x66,0xd7,0xff,0x3c,0x66,0xd7,0xff,0x3c,0x66,0xd7,0xff,0x3c,0x66,0xd7,0xff,
    0x3c,0x66,0xd7,0xff,0x3c,0x66,0xd7,0xff,0x3c,0x66,0xd7,0xff,0x3c,0x66,0xd7,0xff,0x3c,0x66,0xd7,0xff,
    0x3c,0x66,0xd7,0xff,0x3c,0x66,0xd7,0xff,0x3c,0x66,0xd7,0xfb,0x3c,0x66,0xd7,0xff,0x3c,0x66,0xd7,0xa0,
    0x3c,0x66,0xd7,0x00,0x3c,0x66,0xd7,0x05,0x3c,0x66,0xd7,0x00,0x3c,0x66,0xd7,0x11,0x3c,0x66,0xd7,0xeb,
    0x3c,0x66,0xd7,0xff,0x3c,0x66,0xd7,0xbd,0x3c,0x66,0xd7,0x00,0x3c,0x66,0xd7,0x02,0x3c,0x66,0xd7,0x00,
    0x3c,0x66,0xd7,0x00,0x3c,0x66,0xd7,0x00,0x3c,0x66,0xd7,0x00,0x3c,0x66,0xd7,0x00,0x3c,0x66,0xd7,0x00,
    0x3c,0x66,0xd7,0x00,0x3c,0x66,0xd7,0x00,0x3c,0x66,0xd7,0x00,0x3c,0x66,0xd7,0x00,0x3c,0x66,0xd7,0x00,
    0x3c,0x66,0xd7,0x00,0x3c,0x66,0xd7,0x00,0x3c,0x66,0xd7,0x00,0x3c,0x66,0xd7,0x00,0x3c,0x66,0xd7,0x00,
    0x3c,0x66,0xd7,0x00,0x3c,0x66,0xd7,0x00,0x3c,0x66,0xd7,0x00,0x3c,0x66,0xd7,0x00,0x3c,0x66,0xd7,0x00,
    0x3c,0x66,0xd7,0x00,0x3c,0x66,0xd7,0x00,0x3c,0x66,0xd7,0x00,0x3c,0x66,0xd7,0x03,0x3c,0x66,0xd7,0x00,
    0x3c,0x66,0xd7,0xab,0x3c,0x66,0xd7,0xff,0x3c,0x66,0xd7,0xfc,0x3c,0x66,0xd7,0xff,0x3c,0x66,0xd7,0xff,
    0x3c,0x66,0xd7,0xff,0x3c,0x66,0xd7,0xff,0x3c,0x66,0xd7,0xff,0x3c,0x66,0xd7,0xff,0x3c,0x66,0xd7,0xff,
    0x3c,0x66,0xd7,0xff,0x3c,0x66,0xd7,0xff,0x3c,0x66,0xd7,0xff,0x3c,0x66,0xd7,0xff,0x3c,0x66,0xd7,0xff,
    0x3c,0x66,0xd7,0xfd,0x3c,0x66,0xd7,0xff,0x3c,0x66,0xd7,0xdc,0x3c,0x66,0xd7,0x17,0x3c,0x66,0xd7,0xe9,
    0x3c,0x66,0xd7,0xff,0x3c,0x66,0xd7,0xbd,0x3c,0x66,0xd7,0x00,0x3c,0x66,0xd7,0x02,0x3c,0x66,0xd7,0x00,
    0x3c,0x66,0xd7,0x00,0x3c,0x66,0xd7,0x00,0x3c,0x66,0xd7,0x00,0x3c,0x66,0xd7,0x00,0x3c,0x66,0xd7,0x00,
    0x3c,0x66,0xd7,0x00,0x3c,0x66,0xd7,0x00,0x3c,0x66,0xd7,0x00,0x3c,0x66,0xd7,0x00,0x3c,0x66,0xd7,0x00,
    0x3c,0x66,0xd7,0x00,0x3c,0x66,0xd7,0x00,0x3c,0x66,0xd7,0x00,0x3c,0x66,0xd7,0x00,0x3c,0x66,0xd7,0x00,
    0x3c,0x66,0xd7,0x00,0x3c,0x66,0xd7,0x00,0x3c,0x66,0xd7,0x00,0x3c,0x66,0xd7,0x00,0x3c,0x66,0xd7,0x00,
    0x3c,0x66,0xd7,0x00,0x3c,0x66,0xd7,0x00,0x3c,0x66,0xd7,0x00,0x3c,0x66,0xd7,0x00,0x3c,0x66,0xd7,0x00,
    0x3c,0x66,0xd7,0x02,0x3c,0x66,0xd7,0x00,0x3c,0x66,0xd7,0xbe,0x3c,0x66,0xd7,0xff,0x3c,0x66,0xd7,0xfc,
    0x3c,0x66,0xd7,0xff,0x3c,0x66,0xd7,0xff,0x3c,0x66,0xd7,0xff,0x3c,0x66,0xd7,0xff,0x3c,0x66,0xd7,0xff,
    0x3c,0x66,0xd7,0xff,0x3c,0x66,0xd7,0xff,0x3c,0x66,0xd7,0xff,0x3c,0x66,0xd7,0xff,0x3c,0x66,0xd7,0xff,
    0x3c,0x66,0xd7,0xfe,0x3c,0x66,0xd7,0xff,0x3c,0x66,0xd7,0xef,0x3c,0x66,0xd7,0x10,0x3c,0x66,0xd7,0x00,
    0x3c,0x66,0xd7,0x01,0x3c,0x66,0xd7,0x00,0x3c,0x66,0xd7,0x00,0x3c,0x66,0xd7,0x00,0x3c,0x66,0xd7,0x00,
    0x3c,0x66,0xd7,0x00,0x3c,0x66,0xd7,0x00,0x3c,0x66,0xd7,0x00,0x3c,0x66,0xd7,0x00,0x3c,0x66,0xd7,0x00,
    0x3c,0x66,0xd7,0x00,0x3c,0x66,0xd7,0x00,0x3c,0x66,0xd7,0x00,0x3c,0x66,0xd7,0x00,0x3c,0x66,0xd7,0x00,
    0x3c,0x66,0xd7,0x00,0x3c,0x66,0xd7,0x00,0x3c,0x66,0xd7,0x00,0x3c,0x66,0xd7,0x00,0x3c,0x66,0xd7,0x00,
    0x3c,0x66,0xd7,0x00,0x3c,0x66,0xd7,0x00,0x3c,0x66,0xd7,0x00,0x3c,0x66,0xd7,0x00,0x3c,0x66,0xd7,0x00,
    0x3c,0x66,0xd7,0x00,0x3c,0x66,0xd7,0x00,0x3c,0x66,0xd7,0x00,0x3c,0x66,0xd7,0x00,0x3c,0x66,0xd7,0x00,
    0x3c,0x66,0xd7,0x04,0x3c,0x66,0xd7,0x00,0x3c,0x66,0xd7,0x77,0x3c,0x66,0xd7,0xff,0x3c,0x66,0xd7,0xfb,
    0x3c,0x66,0xd7,0xff,0x3c,0x66,0xd7,0xff,0x3c,0x66,0xd7,0xff,0x3c,0x66,0xd7,0xff,0x3c,0x66,0xd7,0xff,
    0x3c,0x66,0xd7,0xff,0x3c,0x66,0xd7,0xff,0x3c,0x66,0xd7,0xff,0x3c,0x66,0xd7,0xff,0x3c,0x66,0xd7,0xff,
    0x3c,0x66,0xd7,0xff,0x3c,0x66,0xd7,0xff,0x3c,0x66,0xd7,0xfc,0x3c,0x66,0xd7,0xff,0x3c,0x66,0xd7,0xb0,
    0x3c,0x66,0xd7,0x03,0x3c,0x66,0xd7,0xef,0x3c,0x66,0xd7,0xff,0x3c,0x66,0xd7,0x41,0x3c,0x66,0xd7,0x00,
    0x3c,0x66,0xd7,0x03,0x3c,0x66,0xd7,0x00,0x3c,0x66,0xd7,0x00,0x3c,0x66,0xd7,0x00,0x3c,0x66,0xd7,0x00,
    0x3c,0x66,0xd7,0x00,0x3c,0x66,0xd7,0x00,0x3c,0x66,0xd7,0x00,0x3c,0x66,0xd7,0x00,0x3c,0x66,0xd7,0x00,
    0x3c,0x66,0xd7,0x00,0x3c,0x66,0xd7,0x00,0x3c,0x66,0xd7,0x00,0x3c,0x66,0xd7,0x00,0x3c,0x66,0xd7,0x00,
    0x3c,0x66,0xd7,0x00,0x3c,0x66,0xd7,0x00,0x3c,0x66,0xd7,0x00,0x3c,0x66,0xd7,0x00,0x3c,0x66,0xd7,0x00,
    0x3c,0x66,0xd7,0x00,0x3c,0x66,0xd7,0x00,0x3c,0x66,0xd7,0x00,0x3c,0x66,0xd7,0x00,0x3c,0x66,0xd7,0x00,
    0x3c,0x66,0xd7,0x00,0x3c,0x66,0xd7,0x00,0x3c,0x66,0xd7,0x00,0x3c,0x66,0xd7,0x03,0x3c,0x66,0xd7,0x00,
    0x3c,0x66,0xd7,0x76,0x3c,0x66,0xd7,0xff,0x3c,0x66,0xd7,0xfc,0x3c,0x66,0xd7,0xff,0x3c,0x66,0xd7,0xff,
    0x3c,0x66,0xd7,0xfc,0x3c,0x66,0xd7,0xff,0x3c,0x66,0xd7,0xb5,0x3c,0x66,0xd7,0x00,0x3c,0x66,0xd7,0x02,
    0x3c,0x66,0xd7,0x00,0x3c,0x66,0xd7,0x00,0x3c,0x66,0xd7,0x00,0x3c,0x66,0xd7,0x00,0x3c,0x66,0xd7,0x00,
    0x3c,0x66,0xd7,0x00,0x3c,0x66,0xd7,0x00,0x3c,0x66,0xd7,0x00,0x3c,0x66,0xd7,0x00,0x3c,0x66,0xd7,0x00,
    0x3c,0x66,0xd7,0x00,0x3c,0x66,0xd7,0x00,0x3c,0x66,0xd7,0x00,0x3c,0x66,0xd7,0x00,0x3c,0x66,0xd7,0x00,
    0x3c,0x66,0xd7,0x00,0x3c,0x66,0xd7,0x00,0x3c,0x66,0xd7,0x00,0x3c,0x66,0xd7,0x00,0x3c,0x66,0xd7,0x00,
    0x3c,0x66,0xd7,0x00,0x3c,0x66,0xd7,0x00,0x3c,0x66,0xd7,0x00,0x3c,0x66,0xd7,0x04,0x3c,0x66,0xd7,0x00,
    0x3c,0x66,0xd7,0x74,0x3c,0x66,0xd7,0xfb,0x3c,0x66,0xd7,0xfa,0x3c,0x66,0xd7,0xff,0x3c,0x66,0xd7,0xff,
    0x3c,0x66,0xd7,0xff,0x3c,0x66,0xd7,0xff,0x3c,0x66,0xd7,0xfb,0x3c,0x66,0xd7,0xfb,0x3c,0x66,0xd7,0xb1,
    0x3c,0x66,0xd7,0x00,0x3c,0x66,0xd7,0x02,0x3c,0x66,0xd7,0x00,0x3c,0x66,0xd7,0x00,0x3c,0x66,0xd7,0x00,
    0x3c,0x66,0xd7,0x00,0x3c,0x66,0xd7,0x00,0x3c,0x66,0xd7,0x00,0x3c,0x66,0xd7,0x00,0x3c,0x66,0xd7,0x00,
    0x3c,0x66,0xd7,0x00,0x3c,0x66,0xd7,0x00,0x3c,0x66,0xd7,0x00,0x3c,0x66,0xd7,0x00,0x3c,0x66,0xd7,0x00,
    0x3c,0x66,0xd7,0x00,0x3c,0x66,0xd7,0x00,0x3c,0x66,0xd7,0x00,0x3c,0x66,0xd7,0x00,0x3c,0x66,0xd7,0x00,
    0x3c,0x66,0xd7,0x00,0x3c,0x66,0xd7,0x00,0x3c,0x66,0xd7,0x00,0x3c,0x66,0xd7,0x00,0x3c,0x66,0xd7,0x00,
    0x3c,0x66,0xd7,0x00,0x3c,0x66,0xd7,0x00,0x3c,0x66,0xd7,0x00,0x3c,0x66,0xd7,0x00,0x3c,0x66,0xd7,0x00,
    0x3c,0x66,0xd7,0x00,0x3c,0x66,0xd7,0x00,0x3c,0x66,0xd7,0x00,0x3c,0x66,0xd7,0x00,0x3c,0x66,0xd7,0x00,
    0x3c,0x66,0xd7,0x00,0x3c,0x66,0xd7,0x00,0x3c,0x66,0xd7,0x00,0x3c,0x66,0xd7,0x00,0x3c,0x66,0xd7,0x00,
    0x3c,0x66,0xd7,0x00,0x3c,0x66,0xd7,0x00,0x3c,0x66,0xd7,0x00,0x3c,0x66,0xd7,0x04,0x3c,0x66,0xd7,0x00,
    0x3c,0x66,0xd7,0x93,0x3c,0x66,0xd7,0xff,0x3c,0x66,0xd7,0xfb,0x3c,0x66,0xd7,0xff,0x3c,0x66,0xd7,0xff,
    0x3c,0x66,0xd7,0xff,0x3c,0x66,0xd7,0xff,0x3c,0x66,0xd7,0xff,0x3c,0x66,0xd7,0xff,0x3c,0x66,0xd7,0xff,
    0x3c,0x66,0xd7,0xff,0x3c,0x66,0xd7,0xff,0x3c,0x66,0xd7,0xff,0x3c,0x66,0xd7,0xff,0x3c,0x66,0xd7,0xff,
    0x3c,0x66,0xd7,0xff,0x3c,0x66,0xd7,0xff,0x3c,0x66,0xd7,0xfd,0x3c,0x66,0xd7,0xff,0x3c,0x66,0xd7,0xce,
    0x3c,0x66,0xd7,0x04,0x3c,0x66,0xd7,0x03,0x3c,0x66,0xd7,0x00,0x3c,0x66,0xd7,0x11,0x3c,0x66,0xd7,0xeb,
    0x3c,0x66,0xd7,0xff,0x3c,0x66,0xd7,0xbd,0x3c,0x66,0xd7,0x00,0x3c,0x66,0xd7,0x02,0x3c,0x66,0xd7,0x00,
    0x3c,0x66,0xd7,0x00,0x3c,0x66,0xd7,0x00,0x3c,0x66,0xd7,0x00,0x3c,0x66,0xd7,0x00,0x3c,0x66,0xd7,0x00,
    0x3c,0x66,0xd7,0x00,0x3c,0x66,0xd7,0x00,0x3c,0x66,0xd7,0x00,0x3c,0x66,0xd7,0x00,0x3c,0x66,0xd7,0x00,
    0x3c,0x66,0xd7,0x00,0x3c,0x66,0xd7,0x00,0x3c,0x66,0xd7,0x00,0x3c,0x66,0xd7,0x00,0x3c,0x66,0xd7,0x00,
    0x3c,0x66,0xd7,0x00,0x3c,0x66,0xd7,0x00,0x3c,0x66,0xd7,0x00,0x3c,0x66,0xd7,0x00,0x3c,0x66,0xd7,0x00,
    0x3c,0x66,0xd7,0x00,0x3c,0x66,0xd7,0x00,0x3c,0x66,0xd7,0x00,0x3c,0x66,0xd7,0x01,0x3c,0x66,0xd7,0x05,
    0x3c,0x66,0xd7,0xce,0x3c,0x66,0xd7,0xff,0x3c,0x66,0xd7,0xfd,0x3c,0x66,0xd7,0xff,0x3c,0x66,0xd7,0xff,
    0x3c,0x66,0xd7,0xff,0x3c,0x66,0xd7,0xff,0x3c,0x66,0xd7,0xff,0x3c,0x66,0xd7,0xff,0x3c,0x66,0xd7,0xff,
    0x3c,0x66,0xd7,0xff,0x3c,0x66,0xd7,0xff,0x3c,0x66,0xd7,0xff,0x3c,0x66,0xd7,0xff,0x3c,0x66,0xd7,0xff,
    0x3c,0x66,0xd7,0xfe,0x3c,0x66,0xd7,0xff,0x3c,0x66,0xd7,0xf2,0x3c,0x66,0xd7,0x30,0x3c,0x66,0xd7,0xe4,
    0x3c,0x66,0xd7,0xff,0x3c,0x66,0xd7,0xbd,0x3c,0x66,0xd7,0x00,0x3c,0x66,0xd7,0x02,0x3c,0x66,0xd7,0x00,
    0x3c,0x66,0xd7,0x00,0x3c,0x66,0xd7,0x00,0x3c,0x66,0xd7,0x00,0x3c,0x66,0xd7,0x00,0x3c,0x66,0xd7,0x00,
    0x3c,0x66,0xd7,0x00,0x3c,0x66,0xd7,0x00,0x3c,0x66,0xd7,0x00,0x3c,0x66,0xd7,0x00,0x3c,0x66,0xd7,0x00,
    0x3c,0x66,0xd7,0x00,0x3c,0x66,0xd7,0x00,0x3c,0x66,0xd7,0x00,0x3c,0x66,0xd7,0x00,0x3c,0x66,0xd7,0x00,
    0x3c,0x66,0xd7,0x00,0x3c,0x66,0xd7,0x00,0x3c,0x66,0xd7,0x00,0x3c,0x66,0xd7,0x00,0x3c,0x66,0xd7,0x00,
    0x3c,0x66,0xd7,0x00,0x3c,0x66,0xd7,0x00,0x3c,0x66,0xd7,0x00,0x3c,0x66,0xd7,0x00,0x3c,0x66,0xd7,0x01,
    0x3c,0x66,0xd7,0x01,0x3c,0x66,0xd7,0x0c,0x3c,0x66,0xd7,0xe1,0x3c,0x66,0xd7,0xff,0x3c,0x66,0xd7,0xfd,
    0x3c,0x66,0xd7,0xff,0x3c,0x66,0xd7,0xff,0x3c,0x66,0xd7,0xff,0x3c,0x66,0xd7,0xff,0x3c,0x66,0xd7,0xff,
    0x3c,0x66,0xd7,0xff,0x3c,0x66,0xd7,0xff,0x3c,0x66,0xd7,0xff,0x3c,0x66,0xd7,0xff,0x3c,0x66,0xd7,0xff,
    0x3c,0x66,0xd7,0xff,0x3c,0x66,0xd7,0xfe,0x3c,0x66,0xd7,0xfa,0x3c,0x66,0xd7,0x33,0x3c,0x66,0xd7,0x00,
    0x3c,0x66,0xd7,0x02,0x3c,0x66,0xd7,0x00,0x3c,0x66,0xd7,0x00,0x3c,0x66,0xd7,0x00,0x3c,0x66,0xd7,0x01,
    0x3c,0x66,0xd7,0x01,0x3c,0x66,0xd7,0x00,0x3c,0x66,0xd7,0x00,0x3c,0x66,0xd7,0x00,0x3c,0x66,0xd7,0x00,
    0x3c,0x66,0xd7,0x00,0x3c,0x66,0xd7,0x00,0x3c,0x66,0xd7,0x00,0x3c,0x66,0xd7,0x00,0x3c,0x66,0xd7,0x00,
    0x3c,0x66,0xd7,0x00,0x3c,0x66,0xd7,0x00,0x3c,0x66,0xd7,0x00,0x3c,0x66,0xd7,0x00,0x3c,0x66,0xd7,0x00,
    0x3c,0x66,0xd7,0x00,0x3c,0x66,0xd7,0x00,0x3c,0x66,0xd7,0x00,0x3c,0x66,0xd7,0x00,0x3c,0x66,0xd7,0x00,
    0x3c,0x66,0xd7,0x00,0x3c,0x66,0xd7,0x00,0x3c,0x66,0xd7,0x00,0x3c,0x66,0xd7,0x00,0x3c,0x66,0xd7,0x00,
    0x3c,0x66,0xd7,0x03,0x3c,0x66,0xd7,0x00,0x3c,0x66,0xd7,0x9f,0x3c,0x66,0xd7,0xff,0x3c,0x66,0xd7,0xfb,
    0x3c,0x66,0xd7,0xff,0x3c,0x66,0xd7,0xff,0x3c,0x66,0xd7,0xff,0x3c,0x66,0xd7,0xff,0x3c,0x66,0xd7,0xff,
    0x3c,0x66,0xd7,0xff,0x3c,0x66,0xd7,0xff,0x3c,0x66,0xd7,0xff,0x3c,0x66,0xd7,0xff,0x3c,0x66,0xd7,0xff,
    0x3c,0x66,0xd7,0xff,0x3c,0x66,0xd7,0xff,0x3c,0x66,0xd7,0xfd,0x3c,0x66,0xd7,0xff,0x3c,0x66,0xd7,0xd2,
    0x3c,0x66,0xd7,0x12,0x3c,0x66,0xd7,0xeb,0x3c,0x66,0xd7,0xff,0x3c,0x66,0xd7,0x40,0x3c,0x66,0xd7,0x00,
    0x3c,0x66,0xd7,0x03,0x3c,0x66,0xd7,0x00,0x3c,0x66,0xd7,0x00,0x3c,0x66,0xd7,0x00,0x3c,0x66,0xd7,0x00,
    0x3c,0x66,0xd7,0x00,0x3c,0x66,0xd7,0x00,0x3c,0x66,0xd7,0x00,0x3c,0x66,0xd7,0x00,0x3c,0x66,0xd7,0x00,
    0x3c,0x66,0xd7,0x00,0x3c,0x66,0xd7,0x00,0x3c,0x66,0xd7,0x00,0x3c,0x66,0xd7,0x00,0x3c,0x66,0xd7,0x00,
    0x3c,0x66,0xd7,0x00,0x3c,0x66,0xd7,0x00,0x3c,0x66,0xd7,0x00,0x3c,0x66,0xd7,0x00,0x3c,0x66,0xd7,0x00,
    0x3c,0x66,0xd7,0x00,0x3c,0x66,0xd7,0x00,0x3c,0x66,0xd7,0x00,0x3c,0x66,0xd7,0x00,0x3c,0x66,0xd7,0x00,
    0x3c,0x66,0xd7,0x00,0x3c,0x66,0xd7,0x00,0x3c,0x66,0xd7,0x00,0x3c,0x66,0xd7,0x01,0x3c,0x66,0xd7,0x06,
    0x3c,0x66,0xd7,0x17,0x3c,0x66,0xd7,0xc3,0x3c,0x66,0xd7,0xff,0x3c,0x66,0xd7,0xfd,0x3c,0x66,0xd7,0xfe,
    0x3c,0x66,0xd7,0xfe,0x3c,0x66,0xd7,0xe2,0x3c,0x66,0xd7,0x34,0x3c,0x66,0xd7,0x0a,0x3c,0x66,0xd7,0x01,
    0x3c,0x66,0xd7,0x00,0x3c,0x66,0xd7,0x00,0x3c,0x66,0xd7,0x00,0x3c,0x66,0xd7,0x00,0x3c,0x66,0xd7,0x00,
    0x3c,0x66,0xd7,0x00,0x3c,0x66,0xd7,0x00,0x3c,0x66,0xd7,0x00,0x3c,0x66,0xd7,0x00,0x3c,0x66,0xd7,0x00,
    0x3c,0x66,0xd7,0x00,0x3c,0x66,0xd7,0x00,0x3c,0x66,0xd7,0x00,0x3c,0x66,0xd7,0x00,0x3c,0x66,0xd7,0x00,
    0x3c,0x66,0xd7,0x00,0x3c,0x66,0xd7,0x00,0x3c,0x66,0xd7,0x00,0x3c,0x66,0xd7,0x00,0x3c,0x66,0xd7,0x00,
    0x3c,0x66,0xd7,0x00,0x3c,0x66,0xd7,0x00,0x3c,0x66,0xd7,0x00,0x3c,0x66,0xd7,0x01,0x3c,0x66,0xd7,0x00,
    0x3c,0x66,0xd7,0x11,0x3c,0x66,0xd7,0xf1,0x3c,0x66,0xd7,0xff,0x3c,0x66,0xd7,0xfe,0x3c,0x66,0xd7,0xff,
    0x3c,0x66,0xd7,0xff,0x3c,0x66,0xd7,0xff,0x3c,0x66,0xd7,0xfd,0x3c,0x66,0xd7,0xff,0x3c,0x66,0xd7,0x44,
    0x3c,0x66,0xd7,0x00,0x3c,0x66,0xd7,0x03,0x3c,0x66,0xd7,0x00,0x3c,0x66,0xd7,0x00,0x3c,0x66,0xd7,0x00,
    0x3c,0x66,0xd7,0x00,0x3c,0x66,0xd7,0x00,0x3c,0x66,0xd7,0x00,0x3c,0x66,0xd7,0x00,0x3c,0x66,0xd7,0x00,
    0x3c,0x66,0xd7,0x00,0x3c,0x66,0xd7,0x00,0x3c,0x66,0xd7,0x00,0x3c,0x66,0xd7,0x00,0x3c,0x66,0xd7,0x00,
    0x3c,0x66,0xd7,0x00,0x3c,0x66,0xd7,0x00,0x3c,0x66,0xd7,0x00,0x3c,0x66,0xd7,0x00,0x3c,0x66,0xd7,0x00,
    0x3c,0x66,0xd7,0x00,0x3c,0x66,0xd7,0x00,0x3c,0x66,0xd7,0x00,0x3c,0x66,0xd7,0x00,0x3c,0x66,0xd7,0x00,
    0x3c,0x66,0xd7,0x00,0x3c,0x66,0xd7,0x00,0x3c,0x66,0xd7,0x00,0x3c,0x66,0xd7,0x00,0x3c,0x66,0xd7,0x00,
    0x3c,0x66,0xd7,0x00,0x3c,0x66,0xd7,0x00,0x3c,0x66,0xd7,0x00,0x3c,0x66,0xd7,0x00,0x3c,0x66,0xd7,0x00,
    0x3c,0x66,0xd7,0x00,0x3c,0x66,0xd7,0x00,0x3c,0x66,0xd7,0x00,0x3c,0x66,0xd7,0x00,0x3c,0x66,0xd7,0x00,
    0x3c,0x66,0xd7,0x00,0x3c,0x66,0xd7,0x00,0x3c,0x66,0xd7,0x00,0x3c,0x66,0xd7,0x02,0x3c,0x66,0xd7,0x02,
    0x3c,0x66,0xd7,0xc3,0x3c,0x66,0xd7,0xff,0x3c,0x66,0xd7,0xfc,0x3c,0x66,0xd7,0xff,0x3c,0x66,0xd7,0xff,
    0x3c,0x66,0xd7,0xff,0x3c,0x66,0xd7,0xff,0x3c,0x66,0xd7,0xff,0x3c,0x66,0xd7,0xff,0x3c,0x66,0xd7,0xff,
    0x3c,0x66,0xd7,0xff,0x3c,0x66,0xd7,0xff,0x3c,0x66,0xd7,0xff,0x3c,0x66,0xd7,0xff,0x3c,0x66,0xd7,0xff,
    0x3c,0x66,0xd7,0xff,0x3c,0x66,0xd7,0xff,0x3c,0x66,0xd7,0xfe,0x3c,0x66,0xd7,0xff,0x3c,0x66,0xd7,0xf0,
    0x3c,0x66,0xd7,0x15,0x3c,0x66,0xd7,0x00,0x3c,0x66,0xd7,0x00,0x3c,0x66,0xd7,0x11,0x3c,0x66,0xd7,0xeb,
    0x3c,0x66,0xd7,0xff,0x3c,0x66,0xd7,0xbd,0x3c,0x66,0xd7,0x00,0x3c,0x66,0xd7,0x02,0x3c,0x66,0xd7,0x00,
    0x3c,0x66,0xd7,0x00,0x3c,0x66,0xd7,0x00,0x3c,0x66,0xd7,0x00,0x3c,0x66,0xd7,0x00,0x3c,0x66,0xd7,0x00,
    0x3c,0x66,0xd7,0x00,0x3c,0x66,0xd7,0x00,0x3c,0x66,0xd7,0x00,0x3c,0x66,0xd7,0x00,0x3c,0x66,0xd7,0x00,
    0x3c,0x66,0xd7,0x00,0x3c,0x66,0xd7,0x00,0x3c,0x66,0xd7,0x00,0x3c,0x66,0xd7,0x00,0x3c,0x66,0xd7,0x00,
    0x3c,0x66,0xd7,0x00,0x3c,0x66,0xd7,0x00,0x3c,0x66,0xd7,0x00,0x3c,0x66,0xd7,0x00,0x3c,0x66,0xd7,0x00,
    0x3c,0x66,0xd7,0x00,0x3c,0x66,0xd7,0x00,0x3c,0x66,0xd7,0x01,0x3c,0x66,0xd7,0x00,0x3c,0x66,0xd7,0x0e,
    0x3c,0x66,0xd7,0xee,0x3c,0x66,0xd7,0xff,0x3c,0x66,0xd7,0xfe,0x3c,0x66,0xd7,0xff,0x3c,0x66,0xd7,0xff,
    0x3c,0x66,0xd7,0xff,0x3c,0x66,0xd7,0xff,0x3c,0x66,0xd7,0xff,0x3c,0x66,0xd7,0xff,0x3c,0x66,0xd7,0xff,
    0x3c,0x66,0xd7,0xff,0x3c,0x66,0xd7,0xff,0x3c,0x66,0xd7,0xff,0x3c,0x66,0xd7,0xff,0x3c,0x66,0xd7,0xff,
    0x3c,0x66,0xd7,0xff,0x3c,0x66,0xd7,0xfe,0x3c,0x66,0xd7,0xff,0x3c,0x66,0xd7,0x4f,0x3c,0x66,0xd7,0xde,
    0x3c,0x66,0xd7,0xff,0x3c,0x66,0xd7,0xbd,0x3c,0x66,0xd7,0x00,0x3c,0x66,0xd7,0x02,0x3c,0x66,0xd7,0x00,
    0x3c,0x66,0xd7,0x00,0x3c,0x66,0xd7,0x00,0x3c,0x66,0xd7,0x00,0x3c,0x66,0xd7,0x00,0x3c,0x66,0xd7,0x00,
    0x3c,0x66,0xd7,0x00,0x3c,0x66,0xd7,0x00,0x3c,0x66,0xd7,0x00,0x3c,0x66,0xd7,0x00,0x3c,0x66,0xd7,0x00,
    0x3c,0x66,0xd7,0x00,0x3c,0x66,0xd7,0x00,0x3c,0x66,0xd7,0x00,0x3c,0x66,0xd7,0x00,0x3c,0x66,0xd7,0x00,
    0x3c,0x66,0xd7,0x00,0x3c,0x66,0xd7,0x00,0x3c,0x66,0xd7,0x00,0x3c,0x66,0xd7,0x00,0x3c,0x66,0xd7,0x00,
    0x3c,0x66,0xd7,0x00,0x3c,0x66,0xd7,0x00,0x3c,0x66,0xd7,0x00,0x3c,0x66,0xd7,0x00,0x3c,0x66,0xd7,0x01,
    0x3c,0x66,0xd7,0x00,0x3c,0x66,0xd7,0x16,0x3c,0x66,0xd7,0xf2,0x3c,0x66,0xd7,0xff,0x3c,0x66,0xd7,0xfe,
    0x3c,0x66,0xd7,0xff,0x3c,0x66,0xd7,0xff,0x3c,0x66,0xd7,0xff,0x3c,0x66,0xd7,0xff,0x3c,0x66,0xd7,0xff,
    0x3c,0x66,0xd7,0xff,0x3c,0x66,0xd7,0xff,0x3c,0x66,0xd7,0xff,0x3c,0x66,0xd7,0xff,0x3c,0x66,0xd7,0xff,
    0x3c,0x66,0xd7,0xff,0x3c,0x66,0xd7,0xfd,0x3c,0x66,0xd7,0xff,0x3c,0x66,0xd7,0x49,0x3c,0x66,0xd7,0x00,
    0x3c,0x66,0xd7,0x03,0x3c,0x66,0xd7,0x00,0x3c,0x66,0xd7,0x00,0x3c,0x66,0xd7,0x00,0x3c,0x66,0xd7,0x00,
    0x3c,0x66,0xd7,0x00,0x3c,0x66,0xd7,0x00,0x3c,0x66,0xd7,0x00,0x3c,0x66,0xd7,0x00,0x3c,0x66,0xd7,0x00,
    0x3c,0x66,0xd7,0x00,0x3c,0x66,0xd7,0x00,0x3c,0x66,0xd7,0x00,0x3c,0x66,0xd7,0x00,0x3c,0x66,0xd7,0x00,
    0x3c,0x66,0xd7,0x00,0x3c,0x66,0xd7,0x00,0x3c,0x66,0xd7,0x00,0x3c,0x66,0xd7,0x00,0x3c,0x66,0xd7,0x00,
    0x3c,0x66,0xd7,0x00,0x3c,0x66,0xd7,0x00,0x3c,0x66,0xd7,0x00,0x3c,0x66,0xd7,0x00,0x3c,0x66,0xd7,0x00,
    0x3c,0x66,0xd7,0x00,0x3c,0x66,0xd7,0x00,0x3c,0x66,0xd7,0x00,0x3c,0x66,0xd7,0x00,0x3c,0x66,0xd7,0x00,
    0x3c,0x66,0xd7,0x02,0x3c,0x66,0xd7,0x02,0x3c,0x66,0xd7,0xc6,0x3c,0x66,0xd7,0xff,0x3c,0x66,0xd7,0xfc,
    0x3c,0x66,0xd7,0xff,0x3c,0x66,0xd7,0xff,0x3c,0x66,0xd7,0xff,0x3c,0x66,0xd7,0xff,0x3c,0x66,0xd7,0xff,
    0x3c,0x66,0xd7,0xff,0x3c,0x66,0xd7,0xff,0x3c,0x66,0xd7,0xff,0x3c,0x66,0xd7,0xff,0x3c,0x66,0xd7,0xff,
    0x3c,0x66,0xd7,0xff,0x3c,0x66,0xd7,0xff,0x3c,0x66,0xd7,0xfe,0x3c,0x66,0xd7,0xff,0x3c,0x66,0xd7,0xef,
    0x3c,0x66,0xd7,0x27,0x3c,0x66,0xd7,0xe7,0x3c,0x66,0xd7,0xff,0x3c,0x66,0xd7,0x40,0x3c,0x66,0xd7,0x00,
    0x3c,0x66,0xd7,0x03,0x3c,0x66,0xd7,0x00,0x3c,0x66,0xd7,0x00,0x3c,0x66,0xd7,0x00,0x3c,0x66,0xd7,0x00,
    0x3c,0x66,0xd7,0x00,0x3c,0x66,0xd7,0x00,0x3c,0x66,0xd7,0x00,0x3c,0x66,0xd7,0x00,0x3c,0x66,0xd7,0x00,
    0x3c,0x66,0xd7,0x00,0x3c,0x66,0xd7,0x00,0x3c,0x66,0xd7,0x00,0x3c,0x66,0xd7,0x00,0x3c,0x66,0xd7,0x00,
    0x3c,0x66,0xd7,0x00,0x3c,0x66,0xd7,0x00,0x3c,0x66,0xd7,0x00,0x3c,0x66,0xd7,0x00,0x3c,0x66,0xd7,0x00,
    0x3c,0x66,0xd7,0x00,0x3c,0x66,0xd7,0x00,0x3c,0x66,0xd7,0x00,0x3c,0x66,0xd7,0x00,0x3c,0x66,0xd7,0x00,
    0x3c,0x66,0xd7,0x00,0x3c,0x66,0xd7,0x00,0x3c,0x66,0xd7,0x03,0x3c,0x66,0xd7,0x00,0x3c,0x66,0xd7,0x88,
    0x3c,0x66,0xd7,0xee,0x3c,0x66,0xd7,0xe6,0x3c,0x66,0xd7,0xff,0x3c,0x66,0xd7,0xff,0x3c,0x66,0xd7,0xff,
    0x3c,0x66,0xd7,0xff,0x3c,0x66,0xd7,0xee,0x3c,0x66,0xd7,0xea,0x3c,0x66,0xd7,0xbf,0x3c,0x66,0xd7,0x05,
    0x3c,0x66,0xd7,0x01,0x3c,0x66,0xd7,0x00,0x3c,0x66,0xd7,0x00,0x3c,0x66,0xd7,0x00,0x3c,0x66,0xd7,0x00,
    0x3c,0x66,0xd7,0x00,0x3c,0x66,0xd7,0x00,0x3c,0x66,0xd7,0x00,0x3c,0x66,0xd7,0x00,0x3c,0x66,0xd7,0x00,
    0x3c,0x66,0xd7,0x00,0x3c,0x66,0xd7,0x00,0x3c,0x66,0xd7,0x00,0x3c,0x66,0xd7,0x00,0x3c,0x66,0xd7,0x00,
    0x3c,0x66,0xd7,0x00,0x3c,0x66,0xd7,0x00,0x3c,0x66,0xd7,0x00,0x3c,0x66,0xd7,0x00,0x3c,0x66,0xd7,0x00,
    0x3c,0x66,0xd7,0x00,0x3c,0x66,0xd7,0x00,0x3c,0x66,0xd7,0x00,0x3c,0x66,0xd7,0x00,0x3c,0x66,0xd7,0x01,
    0x3c,0x66,0xd7,0x09,0x3c,0x66,0xd7,0xde,0x3c,0x66,0xd7,0xfe,0x3c,0x66,0xd7,0xfd,0x3c,0x66,0xd7,0xff,
    0x3c,0x66,0xd7,0xff,0x3c,0x66,0xd7,0xff,0x3c,0x66,0xd7,0xfd,0x3c,0x66,0xd7,0xfd,0x3c,0x66,0xd7,0x2a,
    0x3c,0x66,0xd7,0x00,0x3c,0x66,0xd7,0x02,0x3c,0x66,0xd7,0x00,0x3c,0x66,0xd7,0x00,0x3c,0x66,0xd7,0x00,
    0x3c,0x66,0xd7,0x00,0x3c,0x66,0xd7,0x00,0x3c,0x66,0xd7,0x00,0x3c,0x66,0xd7,0x00,0x3c,0x66,0xd7,0x00,
    0x3c,0x66,0xd7,0x00,0x3c,0x66,0xd7,0x00,0x3c,0x66,0xd7,0x00,0x3c,0x66,0xd7,0x00,0x3c,0x66,0xd7,0x00,
    0x3c,0x66,0xd7,0x00,0x3c,0x66,0xd7,0x00,0x3c,0x66,0xd7,0x00,0x3c,0x66,0xd7,0x00,0x3c,0x66,0xd7,0x00,
    0x3c,0x66,0xd7,0x00,0x3c,0x66,0xd7,0x00,0x3c,0x66,0xd7,0x00,0x3c,0x66,0xd7,0x00,0x3c,0x66,0xd7,0x00,
    0x3c,0x66,0xd7,0x00,0x3c,0x66,0xd7,0x00,0x3c,0x66,0xd7,0x00,0x3c,0x66,0xd7,0x00,0x3c,0x66,0xd7,0x00,
    0x3c,0x66,0xd7,0x00,0x3c,0x66,0xd7,0x00,0x3c,0x66,0xd7,0x00,0x3c,0x66,0xd7,0x00,0x3c,0x66,0xd7,0x00,
    0x3c,0x66,0xd7,0x00,0x3c,0x66,0xd7,0x00,0x3c,0x66,0xd7,0x00,0x3c,0x66,0xd7,0x00,0x3c,0x66,0xd7,0x00,
    0x3c,0x66,0xd7,0x00,0x3c,0x66,0xd7,0x00,0x3c,0x66,0xd7,0x01,0x3c,0x66,0xd7,0x00,0x3c,0x66,0xd7,0x0f,
    0x3c,0x66,0xd7,0xea,0x3c,0x66,0xd7,0xff,0x3c,0x66,0xd7,0xfe,0x3c,0x66,0xd7,0xff,0x3c,0x66,0xd7,0xff,
    0x3c,0x66,0xd7,0xff,0x3c,0x66,0xd7,0xff,0x3c,0x66,0xd7,0xff,0x3c,0x66,0xd7,0xff,0x3c,0x66,0xd7,0xff,
    0x3c,0x66,0xd7,0xff,0x3c,0x66,0xd7,0xff,0x3c,0x66,0xd7,0xff,0x3c,0x66,0xd7,0xff,0x3c,0x66,0xd7,0xff,
    0x3c,0x66,0xd7,0xff,0x3c,0x66,0xd7,0xff,0x3c,0x66,0xd7,0xff,0x3c,0x66,0xd7,0xfd,0x3c,0x66,0xd7,0xfd,
    0x3c,0x66,0xd7,0x3c,0x3c,0x66,0xd7,0x00,0x3c,0x66,0xd7,0x00,0x3c,0x66,0xd7,0x11,0x3c,0x66,0xd7,0xeb,
    0x3c,0x66,0xd7,0xff,0x3c,0x66,0xd7,0xbd,0x3c,0x66,0xd7,0x00,0x3c,0x66,0xd7,0x02,0x3c,0x66,0xd7,0x00,
    0x3c,0x66,0xd7,0x00,0x3c,0x66,0xd7,0x00,0x3c,0x66,0xd7,0x00,0x3c,0x66,0xd7,0x00,0x3c,0x66,0xd7,0x00,
    0x3c,0x66,0xd7,0x00,0x3c,0x66,0xd7,0x00,0x3c,0x66,0xd7,0x00,0x3c,0x66,0xd7,0x00,0x3c,0x66,0xd7,0x00,
    0x3c,0x66,0xd7,0x00,0x3c,0x66,0xd7,0x00,0x3c,0x66,0xd7,0x00,0x3c,0x66,0xd7,0x00,0x3c,0x66,0xd7,0x00,
    0x3c,0x66,0xd7,0x00,0x3c,0x66,0xd7,0x00,0x3c,0x66,0xd7,0x00,0x3c,0x66,0xd7,0x00,0x3c,0x66,0xd7,0x00,
    0x3c,0x66,0xd7,0x00,0x3c,0x66,0xd7,0x00,0x3c,0x66,0xd7,0x02,0x3c,0x66,0xd7,0x00,0x3c,0x66,0xd7,0x28,
    0x3c,0x66,0xd7,0xf6,0x3c,0x66,0xd7,0xfe,0x3c,0x66,0xd7,0xfe,0x3c,0x66,0xd7,0xff,0x3c,0x66,0xd7,0xff,
    0x3c,0x66,0xd7,0xff,0x3c,0x66,0xd7,0xff,0x3c,0x66,0xd7,0xff,0x3c,0x66,0xd7,0xff,0x3c,0x66,0xd7,0xff,
    0x3c,0x66,0xd7,0xff,0x3c,0x66,0xd7,0xff,0x3c,0x66,0xd7,0xff,0x3c,0x66,0xd7,0xff,0x3c,0x66,0xd7,0xff,
    0x3c,0x66,0xd7,0xff,0x3c,0x66,0xd7,0xfd,0x3c,0x66,0xd7,0xff,0x3c,0x66,0xd7,0x6f,0x3c,0x66,0xd7,0xdb,
    0x3c,0x66,0xd7,0xff,0x3c,0x66,0xd7,0xbd,0x3c,0x66,0xd7,0x00,0x3c,0x66,0xd7,0x02,0x3c,0x66,0xd7,0x00,
    0x3c,0x66,0xd7,0x00,0x3c,0x66,0xd7,0x00,0x3c,0x66,0xd7,0x00,0x3c,0x66,0xd7,0x00,0x3c,0x66,0xd7,0x00,
    0x3c,0x66,0xd7,0x00,0x3c,0x66,0xd7,0x00,0x3c,0x66,0xd7,0x00,0x3c,0x66,0xd7,0x00,0x3c,0x66,0xd7,0x00,
    0x3c,0x66,0xd7,0x00,0x3c,0x66,0xd7,0x00,0x3c,0x66,0xd7,0x00,0x3c,0x66,0xd7,0x00,0x3c,0x66,0xd7,0x00,
    0x3c,0x66,0xd7,0x00,0x3c,0x66,0xd7,0x00,0x3c,0x66,0xd7,0x00,0x3c,0x66,0xd7,0x00,0x3c,0x66,0xd7,0x00,
    0x3c,0x66,0xd7,0x00,0x3c,0x66,0xd7,0x00,0x3c,0x66,0xd7,0x00,0x3c,0x66,0xd7,0x00,0x3c,0x66,0xd7,0x03,
    0x3c,0x66,0xd7,0x00,0x3c,0x66,0xd7,0x39,0x3c,0x66,0xd7,0xfd,0x3c,0x66,0xd7,0xfd,0x3c,0x66,0xd7,0xff,
    0x3c,0x66,0xd7,0xff,0x3c,0x66,0xd7,0xff,0x3c,0x66,0xd7,0xff,0x3c,0x66,0xd7,0xff,0x3c,0x66,0xd7,0xff,
    0x3c,0x66,0xd7,0xff,0x3c,0x66,0xd7,0xff,0x3c,0x66,0xd7,0xff,0x3c,0x66,0xd7,0xff,0x3c,0x66,0xd7,0xff,
    0x3c,0x66,0xd7,0xff,0x3c,0x66,0xd7,0xfb,0x3c,0x66,0xd7,0xff,0x3c,0x66,0xd7,0x77,0x3c,0x66,0xd7,0x00,
    0x3c,0x66,0xd7,0x04,0x3c,0x66,0xd7,0x00,0x3c,0x66,0xd7,0x00,0x3c,0x66,0xd7,0x00,0x3c,0x66,0xd7,0x00,
    0x3c,0x66,0xd7,0x00,0x3c,0x66,0xd7,0x00,0x3c,0x66,0xd7,0x00,0x3c,0x66,0xd7,0x00,0x3c,0x66,0xd7,0x00,
    0x3c,0x66,0xd7,0x00,0x3c,0x66,0xd7,0x00,0x3c,0x66,0xd7,0x00,0x3c,0x66,0xd7,0x00,0x3c,0x66,0xd7,0x00,
    0x3c,0x66,0xd7,0x00,0x3c,0x66,0xd7,0x00,0x3c,0x66,0xd7,0x00,0x3c,0x66,0xd7,0x00,0x3c,0x66,0xd7,0x00,
    0x3c,0x66,0xd7,0x00,0x3c,0x66,0xd7,0x00,0x3c,0x66,0xd7,0x00,0x3c,0x66,0xd7,0x00,0x3c,0x66,0xd7,0x00,
    0x3c,0x66,0xd7,0x00,0x3c,0x66,0xd7,0x00,0x3c,0x66,0xd7,0x00,0x3c,0x66,0xd7,0x00,0x3c,0x66,0xd7,0x01,
    0x3c,0x66,0xd7,0x00,0x3c,0x66,0xd7,0x0d,0x3c,0x66,0xd7,0xe9,0x3c,0x66,0xd7,0xff,0x3c,0x66,0xd7,0xfe,
    0x3c,0x66,0xd7,0xff,0x3c,0x66,0xd7,0xff,0x3c,0x66,0xd7,0xff,0x3c,0x66,0xd7,0xff,0x3c,0x66,0xd7,0xff,
    0x3c,0x66,0xd7,0xff,0x3c,0x66,0xd7,0xff,0x3c,0x66,0xd7,0xff,0x3c,0x66,0xd7,0xff,0x3c,0x66,0xd7,0xff,
    0x3c,0x66,0xd7,0xff,0x3c,0x66,0xd7,0xff,0x3c,0x66,0xd7,0xff,0x3c,0x66,0xd7,0xfe,0x3c,0x66,0xd7,0xfd,
    0x3c,0x66,0xd7,0x4a,0x3c,0x66,0xd7,0xdf,0x3c,0x66,0xd7,0xff,0x3c,0x66,0xd7,0x40,0x3c,0x66,0xd7,0x00,
    0x3c,0x66,0xd7,0x03,0x3c,0x66,0xd7,0x00,0x3c,0x66,0xd7,0x00,0x3c,0x66,0xd7,0x00,0x3c,0x66,0xd7,0x00,
    0x3c,0x66,0xd7,0x00,0x3c,0x66,0xd7,0x00,0x3c,0x66,0xd7,0x00,0x3c,0x66,0xd7,0x00,0x3c,0x66,0xd7,0x00,
    0x3c,0x66,0xd7,0x00,0x3c,0x66,0xd7,0x00,0x3c,0x66,0xd7,0x00,0x3c,0x66,0xd7,0x00,0x3c,0x66,0xd7,0x00,
    0x3c,0x66,0xd7,0x00,0x3c,0x66,0xd7,0x00,0x3c,0x66,0xd7,0x00,0x3c,0x66,0xd7,0x00,0x3c,0x66,0xd7,0x00,
    0x3c,0x66,0xd7,0x00,0x3c,0x66,0xd7,0x00,0x3c,0x66,0xd7,0x00,0x3c,0x66,0xd7,0x00,0x3c,0x66,0xd7,0x00,
    0x3c,0x66,0xd7,0x00,0x3c,0x66,0xd7,0x00,0x3c,0x66,0xd7,0x02,0x3c,0x66,0xd7,0x00,0x3c,0x66,0xd7,0xc1,
    0x3c,0x66,0xd7,0xff,0x3c,0x66,0xd7,0xff,0x3c,0x66,0xd7,0xff,0x3c,0x66,0xd7,0xff,0x3c,0x66,0xd7,0xff,
    0x3c,0x66,0xd7,0xff,0x3c,0x66,0xd7,0xff,0x3c,0x66,0xd7,0xff,0x3c,0x66,0xd7,0xf3,0x3c,0x66,0xd7,0x11,
    0x3c,0x66,0xd7,0x00,0x3c,0x66,0xd7,0x01,0x3c,0x66,0xd7,0x00,0x3c,0x66,0xd7,0x00,0x3c,0x66,0xd7,0x00,
    0x3c,0x66,0xd7,0x00,0x3c,0x66,0xd7,0x00,0x3c,0x66,0xd7,0x00,0x3c,0x66,0xd7,0x00,0x3c,0x66,0xd7,0x00,
    0x3c,0x66,0xd7,0x00,0x3c,0x66,0xd7,0x00,0x3c,0x66,0xd7,0x00,0x3c,0x66,0xd7,0x00,0x3c,0x66,0xd7,0x00,
    0x3c,0x66,0xd7,0x00,0x3c,0x66,0xd7,0x00,0x3c,0x66,0xd7,0x00,0x3c,0x66,0xd7,0x00,0x3c,0x66,0xd7,0x00,
    0x3c,0x66,0xd7,0x00,0x3c,0x66,0xd7,0x00,0x3c,0x66,0xd7,0x00,0x3c,0x66,0xd7,0x00,0x3c,0x66,0xd7,0x03,
    0x3c,0x66,0xd7,0x00,0x3c,0x66,0xd7,0x76,0x3c,0x66,0xd7,0xff,0x3c,0x66,0xd7,0xfc,0x3c,0x66,0xd7,0xff,
    0x3c,0x66,0xd7,0xff,0x3c,0x66,0xd7,0xfc,0x3c,0x66,0xd7,0xff,0x3c,0x66,0xd7,0xb5,0x3c,0x66,0xd7,0x00,
    0x3c,0x66,0xd7,0x02,0x3c,0x66,0xd7,0x00,0x3c,0x66,0xd7,0x00,0x3c,0x66,0xd7,0x00,0x3c,0x66,0xd7,0x00,
    0x3c,0x66,0xd7,0x00,0x3c,0x66,0xd7,0x00,0x3c,0x66,0xd7,0x00,0x3c,0x66,0xd7,0x00,0x3c,0x66,0xd7,0x00,
    0x3c,0x66,0xd7,0x00,0x3c,0x66,0xd7,0x00,0x3c,0x66,0xd7,0x00,0x3c,0x66,0xd7,0x00,0x3c,0x66,0xd7,0x00,
    0x3c,0x66,0xd7,0x00,0x3c,0x66,0xd7,0x00,0x3c,0x66,0xd7,0x00,0x3c,0x66,0xd7,0x00,0x3c,0x66,0xd7,0x00,
    0x3c,0x66,0xd7,0x00,0x3c,0x66,0xd7,0x00,0x3c,0x66,0xd7,0x00,0x3c,0x66,0xd7,0x00,0x3c,0x66,0xd7,0x00,
    0x3c,0x66,0xd7,0x00,0x3c,0x66,0xd7,0x00,0x3c,0x66,0xd7,0x00,0x3c,0x66,0xd7,0x00,0x3c,0x66,0xd7,0x00,
    0x3c,0x66,0xd7,0x00,0x3c,0x66,0xd7,0x00,0x3c,0x66,0xd7,0x00,0x3c,0x66,0xd7,0x00,0x3c,0x66,0xd7,0x00,
    0x3c,0x66,0xd7,0x00,0x3c,0x66,0xd7,0x00,0x3c,0x66,0xd7,0x00,0x3c,0x66,0xd7,0x00,0x3c,0x66,0xd7,0x00,
    0x3c,0x66,0xd7,0x00,0x3c,0x66,0xd7,0x00,0x3c,0x66,0xd7,0x02,0x3c,0x66,0xd7,0x00,0x3c,0x66,0xd7,0x31,
    0x3c,0x66,0xd7,0xfb,0x3c,0x66,0xd7,0xfe,0x3c,0x66,0xd7,0xff,0x3c,0x66,0xd7,0xff,0x3c,0x66,0xd7,0xff,
    0x3c,0x66,0xd7,0xff,0x3c,0x66,0xd7,0xff,0x3c,0x66,0xd7,0xff,0x3c,0x66,0xd7,0xff,0x3c,0x66,0xd7,0xff,
    0x3c,0x66,0xd7,0xff,0x3c,0x66,0xd7,0xff,0x3c,0x66,0xd7,0xff,0x3c,0x66,0xd7,0xff,0x3c,0x66,0xd7,0xff,
    0x3c,0x66,0xd7,0xff,0x3c,0x66,0xd7,0xff,0x3c,0x66,0xd7,0xff,0x3c,0x66,0xd7,0xfb,0x3c,0x66,0xd7,0xff,
    0x3c,0x66,0xd7,0x6d,0x3c,0x66,0xd7,0x00,0x3c,0x66,0xd7,0x00,0x3c,0x66,0xd7,0x11,0x3c,0x66,0xd7,0xeb,
    0x3c,0x66,0xd7,0xff,0x3c,0x66,0xd7,0xbd,0x3c,0x66,0xd7,0x00,0x3c,0x66,0xd7,0x02,0x3c,0x66,0xd7,0x00,
    0x3c,0x66,0xd7,0x00,0x3c,0x66,0xd7,0x00,0x3c,0x66,0xd7,0x00,0x3c,0x66,0xd7,0x00,0x3c,0x66,0xd7,0x00,
    0x3c,0x66,0xd7,0x00,0x3c,0x66,0xd7,0x00,0x3c,0x66,0xd7,0x00,0x3c,0x66,0xd7,0x00,0x3c,0x66,0xd7,0x00,
    0x3c,0x66,0xd7,0x00,0x3c,0x66,0xd7,0x00,0x3c,0x66,0xd7,0x00,0x3c,0x66,0xd7,0x00,0x3c,0x66,0xd7,0x00,
    0x3c,0x66,0xd7,0x00,0x3c,0x66,0xd7,0x00,0x3c,0x66,0xd7,0x00,0x3c,0x66,0xd7,0x00,0x3c,0x66,0xd7,0x00,
    0x3c,0x66,0xd7,0x00,0x3c,0x66,0xd7,0x00,0x3c,0x66,0xd7,0x03,0x3c,0x66,0xd7,0x00,0x3c,0x66,0xd7,0x49,
    0x3c,0x66,0xd7,0xff,0x3c,0x66,0xd7,0xfd,0x3c,0x66,0xd7,0xff,0x3c,0x66,0xd7,0xff,0x3c,0x66,0xd7,0xff,
    0x3c,0x66,0xd7,0xff,0x3c,0x66,0xd7,0xff,0x3c,0x66,0xd7,0xff,0x3c,0x66,0xd7,0xff,0x3c,0x66,0xd7,0xff,
    0x3c,0x66,0xd7,0xff,0x3c,0x66,0xd7,0xff,0x3c,0x66,0xd7,0xff,0x3c,0x66,0xd7,0xff,0x3c,0x66,0xd7,0xff,
    0x3c,0x66,0xd7,0xff,0x3c,0x66,0xd7,0xfc,0x3c,0x66,0xd7,0xff,0x3c,0x66,0xd7,0x99,0x3c,0x66,0xd7,0xd8,
    0x3c,0x66,0xd7,0xff,0x3c,0x66,0xd7,0xbd,0x3c,0x66,0xd7,0x00,0x3c,0x66,0xd7,0x02,0x3c,0x66,0xd7,0x00,
    0x3c,0x66,0xd7,0x00,0x3c,0x66,0xd7,0x00,0x3c,0x66,0xd7,0x00,0x3c,0x66,0xd7,0x00,0x3c,0x66,0xd7,0x00,
    0x3c,0x66,0xd7,0x00,0x3c,0x66,0xd7,0x00,0x3c,0x66,0xd7,0x00,0x3c,0x66,0xd7,0x00,0x3c,0x66,0xd7,0x00,
    0x3c,0x66,0xd7,0x00,0x3c,0x66,0xd7,0x00,0x3c,0x66,0xd7,0x00,0x3c,0x66,0xd7,0x00,0x3c,0x66,0xd7,0x00,
    0x3c,0x66,0xd7,0x00,0x3c,0x66,0xd7,0x00,0x3c,0x66,0xd7,0x00,0x3c,0x66,0xd7,0x00,0x3c,0x66,0xd7,0x00,
    0x3c,0x66,0xd7,0x00,0x3c,0x66,0xd7,0x00,0x3c,0x66,0xd7,0x00,0x3c,0x66,0xd7,0x00,0x3c,0x66,0xd7,0x04,
    0x3c,0x66,0xd7,0x00,0x3c,0x66,0xd7,0x62,0x3c,0x66,0xd7,0xff,0x3c,0x66,0xd7,0xfc,0x3c,0x66,0xd7,0xff,
    0x3c,0x66,0xd7,0xff,0x3c,0x66,0xd7,0xff,0x3c,0x66,0xd7,0xff,0x3c,0x66,0xd7,0xff,0x3c,0x66,0xd7,0xff,
    0x3c,0x66,0xd7,0xff,0x3c,0x66,0xd7,0xff,0x3c,0x66,0xd7,0xff,0x3c,0x66,0xd7,0xff,0x3c,0x66,0xd7,0xff,
    0x3c,0x66,0xd7,0xff,0x3c,0x66,0xd7,0xfb,0x3c,0x66,0xd7,0xff,0x3c,0x66,0xd7,0xa1,0x3c,0x66,0xd7,0x00,
    0x3c,0x66,0xd7,0x03,0x3c,0x66,0xd7,0x00,0x3c,0x66,0xd7,0x00,0x3c,0x66,0xd7,0x00,0x3c,0x66,0xd7,0x00,
    0x3c,0x66,0xd7,0x00,0x3c,0x66,0xd7,0x00,0x3c,0x66,0xd7,0x00,0x3c,0x66,0xd7,0x00,0x3c,0x66,0xd7,0x00,
    0x3c,0x66,0xd7,0x00,0x3c,0x66,0xd7,0x00,0x3c,0x66,0xd7,0x00,0x3c,0x66,0xd7,0x00,0x3c,0x66,0xd7,0x00,
    0x3c,0x66,0xd7,0x00,0x3c,0x66,0xd7,0x00,0x3c,0x66,0xd7,0x00,0x3c,0x66,0xd7,0x00,0x3c,0x66,0xd7,0x00,
    0x3c,0x66,0xd7,0x00,0x3c,0x66,0xd7,0x00,0x3c,0x66,0xd7,0x00,0x3c,0x66,0xd7,0x00,0x3c,0x66,0xd7,0x00,
    0x3c,0x66,0xd7,0x00,0x3c,0x66,0xd7,0x00,0x3c,0x66,0xd7,0x00,0x3c,0x66,0xd7,0x00,0x3c,0x66,0xd7,0x02,
    0x3c,0x66,0xd7,0x00,0x3c,0x66,0xd7,0x28,0x3c,0x66,0xd7,0xf7,0x3c,0x66,0xd7,0xfe,0x3c,0x66,0xd7,0xff,
    0x3c,0x66,0xd7,0xff,0x3c,0x66,0xd7,0xff,0x3c,0x66,0xd7,0xff,0x3c,0x66,0xd7,0xff,0x3c,0x66,0xd7,0xff,
    0x3c,0x66,0xd7,0xff,0x3c,0x66,0xd7,0xff,0x3c,0x66,0xd7,0xff,0x3c,0x66,0xd7,0xff,0x3c,0x66,0xd7,0xff,
    0x3c,0x66,0xd7,0xff,0x3c,0x66,0xd7,0xff,0x3c,0x66,0xd7,0xff,0x3c,0x66,0xd7,0xfd,0x3c,0x66,0xd7,0xff,
    0x3c,0x66,0xd7,0x71,0x3c,0x66,0xd7,0xdb,0x3c,0x66,0xd7,0xff,0x3c,0x66,0xd7,0x40,0x3c,0x66,0xd7,0x00,
    0x3c,0x66,0xd7,0x03,0x3c,0x66,0xd7,0x00,0x3c,0x66,0xd7,0x00,0x3c,0x66,0xd7,0x00,0x3c,0x66,0xd7,0x00,
    0x3c,0x66,0xd7,0x00,0x3c,0x66,0xd7,0x00,0x3c,0x66,0xd7,0x00,0x3c,0x66,0xd7,0x00,0x3c,0x66,0xd7,0x00,
    0x3c,0x66,0xd7,0x00,0x3c,0x66,0xd7,0x00,0x3c,0x66,0xd7,0x00,0x3c,0x66,0xd7,0x00,0x3c,0x66,0xd7,0x00,
    0x3c,0x66,0xd7,0x00,0x3c,0x66,0xd7,0x00,0x3c,0x66,0xd7,0x00,0x3c,0x66,0xd7,0x00,0x3c,0x66,0xd7,0x00,
    0x3c,0x66,0xd7,0x00,0x3c,0x66,0xd7,0x00,0x3c,0x66,0xd7,0x00,0x3c,0x66,0xd7,0x00,0x3c,0x66,0xd7,0x00,
    0x3c,0x66,0xd7,0x00,0x3c,0x66,0xd7,0x01,0x3c,0x66,0xd7,0x01,0x3c,0x66,0xd7,0x09,0x3c,0x66,0xd7,0xdf,
    0x3c,0x66,0xd7,0xfe,0x3c,0x66,0xd7,0xfd,0x3c,0x66,0xd7,0xff,0x3c,0x66,0xd7,0xff,0x3c,0x66,0xd7,0xff,
    0x3c,0x66,0xd7,0xff,0x3c,0x66,0xd7,0xfe,0x3c,0x66,0xd7,0xfd,0x3c,0x66,0xd7,0xf9,0x3c,0x66,0xd7,0x30,
    0x3c,0x66,0xd7,0x00,0x3c,0x66,0xd7,0x02,0x3c,0x66,0xd7,0x00,0x3c,0x66,0xd7,0x00,0x3c,0x66,0xd7,0x00,
    0x3c,0x66,0xd7,0x00,0x3c,0x66,0xd7,0x00,0x3c,0x66,0xd7,0x00,0x3c,0x66,0xd7,0x00,0x3c,0x66,0xd7,0x00,
    0x3c,0x66,0xd7,0x00,0x3c,0x66,0xd7,0x00,0x3c,0x66,0xd7,0x00,0x3c,0x66,0xd7,0x00,0x3c,0x66,0xd7,0x00,
    0x3c,0x66,0xd7,0x00,0x3c,0x66,0xd7,0x00,0x3c,0x66,0xd7,0x00,0x3c,0x66,0xd7,0x00,0x3c,0x66,0xd7,0x00,
    0x3c,0x66,0xd7,0x00,0x3c,0x66,0xd7,0x00,0x3c,0x66,0xd7,0x00,0x3c,0x66,0xd7,0x00,0x3c,0x66,0xd7,0x01,
    0x3c,0x66,0xd7,0x07,0x3c,0x66,0xd7,0x17,0x3c,0x66,0xd7,0xc3,0x3c,0x66,0xd7,0xff,0x3c,0x66,0xd7,0xfd,
    0x3c,0x66,0xd7,0xfe,0x3c,0x66,0xd7,0xfe,0x3c,0x66,0xd7,0xe2,0x3c,0x66,0xd7,0x34,0x3c,0x66,0xd7,0x0b,
    0x3c,0x66,0xd7,0x02,0x3c,0x66,0xd7,0x00,0x3c,0x66,0xd7,0x00,0x3c,0x66,0xd7,0x00,0x3c,0x66,0xd7,0x00,
    0x3c,0x66,0xd7,0x00,0x3c,0x66,0xd7,0x00,0x3c,0x66,0xd7,0x00,0x3c,0x66,0xd7,0x00,0x3c,0x66,0xd7,0x00,
    0x3c,0x66,0xd7,0x00,0x3c,0x66,0xd7,0x00,0x3c,0x66,0xd7,0x00,0x3c,0x66,0xd7,0x00,0x3c,0x66,0xd7,0x00,
    0x3c,0x66,0xd7,0x00,0x3c,0x66,0xd7,0x00,0x3c,0x66,0xd7,0x00,0x3c,0x66,0xd7,0x00,0x3c,0x66,0xd7,0x00,
    0x3c,0x66,0xd7,0x00,0x3c,0x66,0xd7,0x00,0x3c,0x66,0xd7,0x00,0x3c,0x66,0xd7,0x00,0x3c,0x66,0xd7,0x00,
    0x3c,0x66,0xd7,0x00,0x3c,0x66,0xd7,0x00,0x3c,0x66,0xd7,0x00,0x3c,0x66,0xd7,0x00,0x3c,0x66,0xd7,0x00,
    0x3c,0x66,0xd7,0x00,0x3c,0x66,0xd7,0x00,0x3c,0x66,0xd7,0x00,0x3c,0x66,0xd7,0x00,0x3c,0x66,0xd7,0x00,
    0x3c,0x66,0xd7,0x00,0x3c,0x66,0xd7,0x00,0x3c,0x66,0xd7,0x00,0x3c,0x66,0xd7,0x00,0x3c,0x66,0xd7,0x00,
    0x3c,0x66,0xd7,0x00,0x3c,0x66,0xd7,0x00,0x3c,0x66,0xd7,0x04,0x3c,0x66,0xd7,0x00,0x3c,0x66,0xd7,0x60,
    0x3c,0x66,0xd7,0xff,0x3c,0x66,0xd7,0xfc,0x3c,0x66,0xd7,0xff,0x3c,0x66,0xd7,0xff,0x3c,0x66,0xd7,0xff,
    0x3c,0x66,0xd7,0xff,0x3c,0x66,0xd7,0xff,0x3c,0x66,0xd7,0xff,0x3c,0x66,0xd7,0xff,0x3c,0x66,0xd7,0xff,
    0x3c,0x66,0xd7,0xff,0x3c,0x66,0xd7,0xff,0x3c,0x66,0xd7,0xff,0x3c,0x66,0xd7,0xff,0x3c,0x66,0xd7,0xff,
    0x3c,0x66,0xd7,0xff,0x3c,0x66,0xd7,0xff,0x3c,0x66,0xd7,0xff,0x3c,0x66,0xd7,0xfb,0x3c,0x66,0xd7,0xff,
    0x3c,0x66,0xd7,0xa0,0x3c,0x66,0xd7,0x00,0x3c,0x66,0xd7,0x00,0x3c,0x66,0xd7,0x11,0x3c,0x66,0xd7,0xeb,
    0x3c,0x66,0xd7,0xff,0x3c,0x66,0xd7,0xbd,0x3c,0x66,0xd7,0x00,0x3c,0x66,0xd7,0x02,0x3c,0x66,0xd7,0x00,
    0x3c,0x66,0xd7,0x00,0x3c,0x66,0xd7,0x00,0x3c,0x66,0xd7,0x00,0x3c,0x66,0xd7,0x00,0x3c,0x66,0xd7,0x00,
    0x3c,0x66,0xd7,0x00,0x3c,0x66,0xd7,0x00,0x3c,0x66,0xd7,0x00,0x3c,0x66,0xd7,0x00,0x3c,0x66,0xd7,0x00,
    0x3c,0x66,0xd7,0x00,0x3c,0x66,0xd7,0x00,0x3c,0x66,0xd7,0x00,0x3c,0x66,0xd7,0x00,0x3c,0x66,0xd7,0x00,
    0x3c,0x66,0xd7,0x00,0x3c,0x66,0xd7,0x00,0x3c,0x66,0xd7,0x00,0x3c,0x66,0xd7,0x00,0x3c,0x66,0xd7,0x00,
    0x3c,0x66,0xd7,0x00,0x3c,0x66,0xd7,0x00,0x3c,0x66,0xd7,0x04,0x3c,0x66,0xd7,0x00,0x3c,0x66,0xd7,0x78,
    0x3c,0x66,0xd7,0xff,0x3c,0x66,0xd7,0xfb,0x3c,0x66,0xd7,0xff,0x3c,0x66,0xd7,0xff,0x3c,0x66,0xd7,0xff,
    0x3c,0x66,0xd7,0xff,0x3c,0x66,0xd7,0xff,0x3c,0x66,0xd7,0xff,0x3c,0x66,0xd7,0xff,0x3c,0x66,0xd7,0xff,
    0x3c,0x66,0xd7,0xff,0x3c,0x66,0xd7,0xff,0x3c,0x66,0xd7,0xff,0x3c,0x66,0xd7,0xff,0x3c,0x66,0xd7,0xff,
    0x3c,0x66,0xd7,0xff,0x3c,0x66,0xd7,0xfd,0x3c,0x66,0xd7,0xff,0x3c,0x66,0xd7,0xc6,0x3c,0x66,0xd7,0xde,
    0x3c,0x66,0xd7,0xff,0x3c,0x66,0xd7,0xbd,0x3c,0x66,0xd7,0x00,0x3c,0x66,0xd7,0x02,0x3c,0x66,0xd7,0x00,
    0x3c,0x66,0xd7,0x00,0x3c,0x66,0xd7,0x00,0x3c,0x66,0xd7,0x00,0x3c,0x66,0xd7,0x00,0x3c,0x66,0xd7,0x00,
    0x3c,0x66,0xd7,0x00,0x3c,0x66,0xd7,0x00,0x3c,0x66,0xd7,0x00,0x3c,0x66,0xd7,0x00,0x3c,0x66,0xd7,0x00,
    0x3c,0x66,0xd7,0x00,0x3c,0x66,0xd7,0x00,0x3c,0x66,0xd7,0x00,0x3c,0x66,0xd7,0x00,0x3c,0x66,0xd7,0x00,
    0x3c,0x66,0xd7,0x00,0x3c,0x66,0xd7,0x00,0x3c,0x66,0xd7,0x00,0x3c,0x66,0xd7,0x00,0x3c,0x66,0xd7,0x00,
    0x3c,0x66,0xd7,0x00,0x3c,0x66,0xd7,0x00,0x3c,0x66,0xd7,0x00,0x3c,0x66,0xd7,0x00,0x3c,0x66,0xd7,0x04,
    0x3c,0x66,0xd7,0x00,0x3c,0x66,0xd7,0x82,0x3c,0x66,0xd7,0xff,0x3c,0x66,0xd7,0xfb,0x3c,0x66,0xd7,0xff,
    0x3c,0x66,0xd7,0xff,0x3c,0x66,0xd7,0xff,0x3c,0x66,0xd7,0xff,0x3c,0x66,0xd7,0xff,0x3c,0x66,0xd7,0xff,
    0x3c,0x66,0xd7,0xff,0x3c,0x66,0xd7,0xff,0x3c,0x66,0xd7,0xff,0x3c,0x66,0xd7,0xff,0x3c,0x66,0xd7,0xff,
    0x3c,0x66,0xd7,0xff,0x3c,0x66,0xd7,0xfc,0x3c,0x66,0xd7,0xff,0x3c,0x66,0xd7,0xc0,0x3c,0x66,0xd7,0x00,
    0x3c,0x66,0xd7,0x02,0x3c,0x66,0xd7,0x00,0x3c,0x66,0xd7,0x00,0x3c,0x66,0xd7,0x00,0x3c,0x66,0xd7,0x00,
    0x3c,0x66,0xd7,0x00,0x3c,0x66,0xd7,0x00,0x3c,0x66,0xd7,0x00,0x3c,0x66,0xd7,0x00,0x3c,0x66,0xd7,0x00,
    0x3c,0x66,0xd7,0x00,0x3c,0x66,0xd7,0x00,0x3c,0x66,0xd7,0x00,0x3c,0x66,0xd7,0x00,0x3c,0x66,0xd7,0x00,
    0x3c,0x66,0xd7,0x00,0x3c,0x66,0xd7,0x00,0x3c,0x66,0xd7,0x00,0x3c,0x66,0xd7,0x00,0x3c,0x66,0xd7,0x00,
    0x3c,0x66,0xd7,0x00,0x3c,0x66,0xd7,0x00,0x3c,0x66,0xd7,0x00,0x3c,0x66,0xd7,0x00,0x3c,0x66,0xd7,0x00,
    0x3c,0x66,0xd7,0x00,0x3c,0x66,0xd7,0x00,0x3c,0x66,0xd7,0x00,0x3c,0x66,0xd7,0x00,0x3c,0x66,0xd7,0x03,
    0x3c,0x66,0xd7,0x00,0x3c,0x66,0xd7,0x4a,0x3c,0x66,0xd7,0xff,0x3c,0x66,0xd7,0xfd,0x3c,0x66,0xd7,0xff,
    0x3c,0x66,0xd7,0xff,0x3c,0x66,0xd7,0xff,0x3c,0x66,0xd7,0xff,0x3c,0x66,0xd7,0xff,0x3c,0x66,0xd7,0xff,
    0x3c,0x66,0xd7,0xff,0x3c,0x66,0xd7,0xff,0x3c,0x66,0xd7,0xff,0x3c,0x66,0xd7,0xff,0x3c,0x66,0xd7,0xff,
    0x3c,0x66,0xd7,0xff,0x3c,0x66,0xd7,0xff,0x3c,0x66,0xd7,0xff,0x3c,0x66,0xd7,0xfc,0x3c,0x66,0xd7,0xff,
    0x3c,0x66,0xd7,0x99,0x3c,0x66,0xd7,0xda,0x3c,0x66,0xd7,0xff,0x3c,0x66,0xd7,0x40,0x3c,0x66,0xd7,0x00,
    0x3c,0x66,0xd7,0x03,0x3c,0x66,0xd7,0x00,0x3c,0x66,0xd7,0x00,0x3c,0x66,0xd7,0x00,0x3c,0x66,0xd7,0x00,
    0x3c,0x66,0xd7,0x00,0x3c,0x66,0xd7,0x00,0x3c,0x66,0xd7,0x00,0x3c,0x66,0xd7,0x00,0x3c,0x66,0xd7,0x00,
    0x3c,0x66,0xd7,0x00,0x3c,0x66,0xd7,0x00,0x3c,0x66,0xd7,0x00,0x3c,0x66,0xd7,0x00,0x3c,0x66,0xd7,0x00,
    0x3c,0x66,0xd7,0x00,0x3c,0x66,0xd7,0x00,0x3c,0x66,0xd7,0x00,0x3c,0x66,0xd7,0x00,0x3c,0x66,0xd7,0x00,
    0x3c,0x66,0xd7,0x00,0x3c,0x66,0xd7,0x00,0x3c,0x66,0xd7,0x00,0x3c,0x66,0xd7,0x00,0x3c,0x66,0xd7,0x00,
    0x3c,0x66,0xd7,0x00,0x3c,0x66,0xd7,0x02,0x3c,0x66,0xd7,0x00,0x3c,0x66,0xd7,0x29,0x3c,0x66,0xd7,0xf9,
    0x3c,0x66,0xd7,0xfe,0x3c,0x66,0xd7,0xff,0x3c,0x66,0xd7,0xff,0x3c,0x66,0xd7,0xff,0x3c,0x66,0xd7,0xff,
    0x3c,0x66,0xd7,0xff,0x3c,0x66,0xd7,0xff,0x3c,0x66,0xd7,0xfc,0x3c,0x66,0xd7,0xff,0x3c,0x66,0xd7,0x62,
    0x3c,0x66,0xd7,0x00,0x3c,0x66,0xd7,0x04,0x3c,0x66,0xd7,0x00,0x3c,0x66,0xd7,0x00,0x3c,0x66,0xd7,0x00,
    0x3c,0x66,0xd7,0x00,0x3c,0x66,0xd7,0x00,0x3c,0x66,0xd7,0x00,0x3c,0x66,0xd7,0x00,0x3c,0x66,0xd7,0x00,
    0x3c,0x66,0xd7,0x00,0x3c,0x66,0xd7,0x00,0x3c,0x66,0xd7,0x00,0x3c,0x66,0xd7,0x00,0x3c,0x66,0xd7,0x00,
    0x3c,0x66,0xd7,0x00,0x3c,0x66,0xd7,0x00,0x3c,0x66,0xd7,0x00,0x3c,0x66,0xd7,0x00,0x3c,0x66,0xd7,0x00,
    0x3c,0x66,0xd7,0x00,0x3c,0x66,0xd7,0x00,0x3c,0x66,0xd7,0x00,0x3c,0x66,0xd7,0x03,0x3c,0x66,0xd7,0x00,
    0x3c,0x66,0xd7,0x85,0x3c,0x66,0xd7,0xee,0x3c,0x66,0xd7,0xe6,0x3c,0x66,0xd7,0xff,0x3c,0x66,0xd7,0xff,
    0x3c,0x66,0xd7,0xff,0x3c,0x66,0xd7,0xff,0x3c,0x66,0xd7,0xee,0x3c,0x66,0xd7,0xea,0x3c,0x66,0xd7,0xbe,
    0x3c,0x66,0xd7,0x02,0x3c,0x66,0xd7,0x01,0x3c,0x66,0xd7,0x00,0x3c,0x66,0xd7,0x00,0x3c,0x66,0xd7,0x00,
    0x3c,0x66,0xd7,0x00,0x3c,0x66,0xd7,0x00,0x3c,0x66,0xd7,0x00,0x3c,0x66,0xd7,0x00,0x3c,0x66,0xd7,0x00,
    0x3c,0x66,0xd7,0x00,0x3c,0x66,0xd7,0x00,0x3c,0x66,0xd7,0x00,0x3c,0x66,0xd7,0x00,0x3c,0x66,0xd7,0x00,
    0x3c,0x66,0xd7,0x00,0x3c,0x66,0xd7,0x00,0x3c,0x66,0xd7,0x00,0x3c,0x66,0xd7,0x00,0x3c,0x66,0xd7,0x00,
    0x3c,0x66,0xd7,0x00,0x3c,0x66,0xd7,0x00,0x3c,0x66,0xd7,0x00,0x3c,0x66,0xd7,0x00,0x3c,0x66,0xd7,0x00,
    0x3c,0x66,0xd7,0x00,0x3c,0x66,0xd7,0x00,0x3c,0x66,0xd7,0x00,0x3c,0x66,0xd7,0x00,0x3c,0x66,0xd7,0x00,
    0x3c,0x66,0xd7,0x00,0x3c,0x66,0xd7,0x00,0x3c,0x66,0xd7,0x00,0x3c,0x66,0xd7,0x00,0x3c,0x66,0xd7,0x00,
    0x3c,0x66,0xd7,0x00,0x3c,0x66,0xd7,0x00,0x3c,0x66,0xd7,0x00,0x3c,0x66,0xd7,0x00,0x3c,0x66,0xd7,0x00,
    0x3c,0x66,0xd7,0x00,0x3c,0x66,0xd7,0x00,0x3c,0x66,0xd7,0x04,0x3c,0x66,0xd7,0x00,0x3c,0x66,0xd7,0x93,
    0x3c,0x66,0xd7,0xff,0x3c,0x66,0xd7,0xfb,0x3c,0x66,0xd7,0xff,0x3c,0x66,0xd7,0xff,0x3c,0x66,0xd7,0xff,
    0x3c,0x66,0xd7,0xff,0x3c,0x66,0xd7,0xff,0x3c,0x66,0xd7,0xff,0x3c,0x66,0xd7,0xff,0x3c,0x66,0xd7,0xff,
    0x3c,0x66,0xd7,0xff,0x3c,0x66,0xd7,0xff,0x3c,0x66,0xd7,0xff,0x3c,0x66,0xd7,0xff,0x3c,0x66,0xd7,0xff,
    0x3c,0x66,0xd7,0xff,0x3c,0x66,0xd7,0xff,0x3c,0x66,0xd7,0xff,0x3c,0x66,0xd7,0xfd,0x3c,0x66,0xd7,0xff,
    0x3c,0x66,0xd7,0xce,0x3c,0x66,0xd7,0x04,0x3c,0x66,0xd7,0x00,0x3c,0x66,0xd7,0x11,0x3c,0x66,0xd7,0xeb,
    0x3c,0x66,0xd7,0xff,0x3c,0x66,0xd7,0xbd,0x3c,0x66,0xd7,0x00,0x3c,0x66,0xd7,0x02,0x3c,0x66,0xd7,0x00,
    0x3c,0x66,0xd7,0x00,0x3c,0x66,0xd7,0x00,0x3c,0x66,0xd7,0x00,0x3c,0x66,0xd7,0x00,0x3c,0x66,0xd7,0x00,
    0x3c,0x66,0xd7,0x00,0x3c,0x66,0xd7,0x00,0x3c,0x66,0xd7,0x00,0x3c,0x66,0xd7,0x00,0x3c,0x66,0xd7,0x00,
    0x3c,0x66,0xd7,0x00,0x3c,0x66,0xd7,0x00,0x3c,0x66,0xd7,0x00,0x3c,0x66,0xd7,0x00,0x3c,0x66,0xd7,0x00,
    0x3c,0x66,0xd7,0x00,0x3c,0x66,0xd7,0x00,0x3c,0x66,0xd7,0x00,0x3c,0x66,0xd7,0x00,0x3c,0x66,0xd7,0x00,
    0x3c,0x66,0xd7,0x00,0x3c,0x66,0xd7,0x00,0x3c,0x66,0xd7,0x03,0x3c,0x66,0xd7,0x00,0x3c,0x66,0xd7,0x91,
    0x3c,0x66,0xd7,0xff,0x3c,0x66,0xd7,0xfb,0x3c,0x66,0xd7,0xff,0x3c,0x66,0xd7,0xff,0x3c,0x66,0xd7,0xff,
    0x3c,0x66,0xd7,0xff,0x3c,0x66,0xd7,0xff,0x3c,0x66,0xd7,0xff,0x3c,0x66,0xd7,0xff,0x3c,0x66,0xd7,0xff,
    0x3c,0x66,0xd7,0xff,0x3c,0x66,0xd7,0xff,0x3c,0x66,0xd7,0xff,0x3c,0x66,0xd7,0xff,0x3c,0x66,0xd7,0xff,
    0x3c,0x66,0xd7,0xff,0x3c,0x66,0xd7,0xfe,0x3c,0x66,0xd7,0xff,0x3c,0x66,0xd7,0xdc,0x3c,0x66,0xd7,0xe5,
    0x3c,0x66,0xd7,0xfc,0x3c,0x66,0xd7,0xbb,0x3c,0x66,0xd7,0x00,0x3c,0x66,0xd7,0x02,0x3c,0x66,0xd7,0x00,
    0x3c,0x66,0xd7,0x00,0x3c,0x66,0xd7,0x00,0x3c,0x66,0xd7,0x00,0x3c,0x66,0xd7,0x00,0x3c,0x66,0xd7,0x00,
    0x3c,0x66,0xd7,0x00,0x3c,0x66,0xd7,0x00,0x3c,0x66,0xd7,0x00,0x3c,0x66,0xd7,0x00,0x3c,0x66,0xd7,0x00,
    0x3c,0x66,0xd7,0x00,0x3c,0x66,0xd7,0x00,0x3c,0x66,0xd7,0x00,0x3c,0x66,0xd7,0x00,0x3c,0x66,0xd7,0x00,
    0x3c,0x66,0xd7,0x00,0x3c,0x66,0xd7,0x00,0x3c,0x66,0xd7,0x00,0x3c,0x66,0xd7,0x00,0x3c,0x66,0xd7,0x00,
    0x3c,0x66,0xd7,0x00,0x3c,0x66,0xd7,0x00,0x3c,0x66,0xd7,0x00,0x3c,0x66,0xd7,0x00,0x3c,0x66,0xd7,0x03,
    0x3c,0x66,0xd7,0x00,0x3c,0x66,0xd7,0xac,0x3c,0x66,0xd7,0xff,0x3c,0x66,0xd7,0xfc,0x3c,0x66,0xd7,0xff,
    0x3c,0x66,0xd7,0xff,0x3c,0x66,0xd7,0xff,0x3c,0x66,0xd7,0xff,0x3c,0x66,0xd7,0xff,0x3c,0x66,0xd7,0xff,
    0x3c,0x66,0xd7,0xff,0x3c,0x66,0xd7,0xff,0x3c,0x66,0xd7,0xff,0x3c,0x66,0xd7,0xff,0x3c,0x66,0xd7,0xff,
    0x3c,0x66,0xd7,0xff,0x3c,0x66,0xd7,0xfd,0x3c,0x66,0xd7,0xff,0x3c,0x66,0xd7,0xe0,0x3c,0x66,0xd7,0x0c,
    0x3c,0x66,0xd7,0x01,0x3c,0x66,0xd7,0x01,0x3c,0x66,0xd7,0x00,0x3c,0x66,0xd7,0x00,0x3c,0x66,0xd7,0x00,
    0x3c,0x66,0xd7,0x00,0x3c,0x66,0xd7,0x00,0x3c,0x66,0xd7,0x00,0x3c,0x66,0xd7,0x00,0x3c,0x66,0xd7,0x00,
    0x3c,0x66,0xd7,0x00,0x3c,0x66,0xd7,0x00,0x3c,0x66,0xd7,0x00,0x3c,0x66,0xd7,0x00,0x3c,0x66,0xd7,0x00,
    0x3c,0x66,0xd7,0x00,0x3c,0x66,0xd7,0x00,0x3c,0x66,0xd7,0x00,0x3c,0x66,0xd7,0x00,0x3c,0x66,0xd7,0x00,
    0x3c,0x66,0xd7,0x00,0x3c,0x66,0xd7,0x00,0x3c,0x66,0xd7,0x00,0x3c,0x66,0xd7,0x00,0x3c,0x66,0xd7,0x00,
    0x3c,0x66,0xd7,0x00,0x3c,0x66,0xd7,0x00,0x3c,0x66,0xd7,0x00,0x3c,0x66,0xd7,0x00,0x3c,0x66,0xd7,0x04,
    0x3c,0x66,0xd7,0x00,0x3c,0x66,0xd7,0x77,0x3c,0x66,0xd7,0xff,0x3c,0x66,0xd7,0xfb,0x3c,0x66,0xd7,0xff,
    0x3c,0x66,0xd7,0xff,0x3c,0x66,0xd7,0xff,0x3c,0x66,0xd7,0xff,0x3c,0x66,0xd7,0xff,0x3c,0x66,0xd7,0xff,
    0x3c,0x66,0xd7,0xff,0x3c,0x66,0xd7,0xff,0x3c,0x66,0xd7,0xff,0x3c,0x66,0xd7,0xff,0x3c,0x66,0xd7,0xff,
    0x3c,0x66,0xd7,0xff,0x3c,0x66,0xd7,0xff,0x3c,0x66,0xd7,0xff,0x3c,0x66,0xd7,0xfd,0x3c,0x66,0xd7,0xff,
    0x3c,0x66,0xd7,0xc5,0x3c,0x66,0xd7,0xde,0x3c,0x66,0xd7,0xff,0x3c,0x66,0xd7,0x40,0x3c,0x66,0xd7,0x00,
    0x3c,0x66,0xd7,0x03,0x3c,0x66,0xd7,0x00,0x3c,0x66,0xd7,0x00,0x3c,0x66,0xd7,0x00,0x3c,0x66,0xd7,0x00,
    0x3c,0x66,0xd7,0x00,0x3c,0x66,0xd7,0x00,0x3c,0x66,0xd7,0x00,0x3c,0x66,0xd7,0x00,0x3c,0x66,0xd7,0x00,
    0x3c,0x66,0xd7,0x00,0x3c,0x66,0xd7,0x00,0x3c,0x66,0xd7,0x00,0x3c,0x66,0xd7,0x00,0x3c,0x66,0xd7,0x00,
    0x3c,0x66,0xd7,0x00,0x3c,0x66,0xd7,0x00,0x3c,0x66,0xd7,0x00,0x3c,0x66,0xd7,0x00,0x3c,0x66,0xd7,0x00,
    0x3c,0x66,0xd7,0x00,0x3c,0x66,0xd7,0x00,0x3c,0x66,0xd7,0x00,0x3c,0x66,0xd7,0x00,0x3c,0x66,0xd7,0x00,
    0x3c,0x66,0xd7,0x00,0x3c,0x66,0xd7,0x03,0x3c,0x66,0xd7,0x00,0x3c,0x66,0xd7,0x49,0x3c,0x66,0xd7,0xff,
    0x3c,0x66,0xd7,0xfd,0x3c,0x66,0xd7,0xff,0x3c,0x66,0xd7,0xff,0x3c,0x66,0xd7,0xff,0x3c,0x66,0xd7,0xff,
    0x3c,0x66,0xd7,0xff,0x3c,0x66,0xd7,0xff,0x3c,0x66,0xd7,0xfb,0x3c,0x66,0xd7,0xff,0x3c,0x66,0xd7,0x89,
    0x3c,0x66,0xd7,0x00,0x3c,0x66,0xd7,0x04,0x3c,0x66,0xd7,0x00,0x3c,0x66,0xd7,0x00,0x3c,0x66,0xd7,0x00,
    0x3c,0x66,0xd7,0x00,0x3c,0x66,0xd7,0x00,0x3c,0x66,0xd7,0x00,0x3c,0x66,0xd7,0x00,0x3c,0x66,0xd7,0x00,
    0x3c,0x66,0xd7,0x00,0x3c,0x66,0xd7,0x00,0x3c,0x66,0xd7,0x00,0x3c,0x66,0xd7,0x00,0x3c,0x66,0xd7,0x00,
    0x3c,0x66,0xd7,0x00,0x3c,0x66,0xd7,0x00,0x3c,0x66,0xd7,0x00,0x3c,0x66,0xd7,0x00,0x3c,0x66,0xd7,0x00,
    0x3c,0x66,0xd7,0x00,0x3c,0x66,0xd7,0x00,0x3c,0x66,0xd7,0x00,0x3c,0x66,0xd7,0x01,0x3c,0x66,0xd7,0x04,
    0x3c,0x66,0xd7,0xcf,0x3c,0x66,0xd7,0xff,0x3c,0x66,0xd7,0xff,0x3c,0x66,0xd7,0xff,0x3c,0x66,0xd7,0xff,
    0x3c,0x66,0xd7,0xff,0x3c,0x66,0xd7,0xff,0x3c,0x66,0xd7,0xff,0x3c,0x66,0xd7,0xff,0x3c,0x66,0xd7,0xf8,
    0x3c,0x66,0xd7,0x1d,0x3c,0x66,0xd7,0x00,0x3c,0x66,0xd7,0x02,0x3c,0x66,0xd7,0x00,0x3c,0x66,0xd7,0x00,
    0x3c,0x66,0xd7,0x00,0x3c,0x66,0xd7,0x00,0x3c,0x66,0xd7,0x00,0x3c,0x66,0xd7,0x00,0x3c,0x66,0xd7,0x00,
    0x3c,0x66,0xd7,0x00,0x3c,0x66,0xd7,0x00,0x3c,0x66,0xd7,0x00,0x3c,0x66,0xd7,0x00,0x3c,0x66,0xd7,0x00,
    0x3c,0x66,0xd7,0x00,0x3c,0x66,0xd7,0x00,0x3c,0x66,0xd7,0x00,0x3c,0x66,0xd7,0x00,0x3c,0x66,0xd7,0x00,
    0x3c,0x66,0xd7,0x00,0x3c,0x66,0xd7,0x00,0x3c,0x66,0xd7,0x00,0x3c,0x66,0xd7,0x00,0x3c,0x66,0xd7,0x00,
    0x3c,0x66,0xd7,0x00,0x3c,0x66,0xd7,0x00,0x3c,0x66,0xd7,0x00,0x3c,0x66,0xd7,0x00,0x3c,0x66,0xd7,0x00,
    0x3c,0x66,0xd7,0x00,0x3c,0x66,0xd7,0x00,0x3c,0x66,0xd7,0x00,0x3c,0x66,0xd7,0x00,0x3c,0x66,0xd7,0x00,
    0x3c,0x66,0xd7,0x00,0x3c,0x66,0xd7,0x00,0x3c,0x66,0xd7,0x00,0x3c,0x66,0xd7,0x00,0x3c,0x66,0xd7,0x00,
    0x3c,0x66,0xd7,0x00,0x3c,0x66,0xd7,0x00,0x3c,0x66,0xd7,0x02,0x3c,0x66,0xd7,0x02,0x3c,0x66,0xd7,0xc3,
    0x3c,0x66,0xd7,0xff,0x3c,0x66,0xd7,0xfc,0x3c,0x66,0xd7,0xff,0x3c,0x66,0xd7,0xff,0x3c,0x66,0xd7,0xff,
    0x3c,0x66,0xd7,0xff,0x3c,0x66,0xd7,0xff,0x3c,0x66,0xd7,0xff,0x3c,0x66,0xd7,0xff,0x3c,0x66,0xd7,0xff,
    0x3c,0x66,0xd7,0xff,0x3c,0x66,0xd7,0xff,0x3c,0x66,0xd7,0xff,0x3c,0x66,0xd7,0xff,0x3c,0x66,0xd7,0xff,
    0x3c,0x66,0xd7,0xff,0x3c,0x66,0xd7,0xff,0x3c,0x66,0xd7,0xff,0x3c,0x66,0xd7,0xfe,0x3c,0x66,0xd7,0xff,
    0x3c,0x66,0xd7,0xf0,0x3c,0x66,0xd7,0x17,0x3c,0x66,0xd7,0x00,0x3c,0x66,0xd7,0x12,0x3c,0x66,0xd7,0xeb,
    0x3c,0x66,0xd7,0xff,0x3c,0x66,0xd7,0xbd,0x3c,0x66,0xd7,0x00,0x3c,0x66,0xd7,0x02,0x3c,0x66,0xd7,0x00,
    0x3c,0x66,0xd7,0x00,0x3c,0x66,0xd7,0x00,0x3c,0x66,0xd7,0x00,0x3c,0x66,0xd7,0x00,0x3c,0x66,0xd7,0x00,
    0x3c,0x66,0xd7,0x00,0x3c,0x66,0xd7,0x00,0x3c,0x66,0xd7,0x00,0x3c,0x66,0xd7,0x00,0x3c,0x66,0xd7,0x00,
    0x3c,0x66,0xd7,0x00,0x3c,0x66,0xd7,0x00,0x3c,0x66,0xd7,0x00,0x3c,0x66,0xd7,0x00,0x3c,0x66,0xd7,0x00,
    0x3c,0x66,0xd7,0x00,0x3c,0x66,0xd7,0x00,0x3c,0x66,0xd7,0x00,0x3c,0x66,0xd7,0x00,0x3c,0x66,0xd7,0x00,
    0x3c,0x66,0xd7,0x00,0x3c,0x66,0xd7,0x00,0x3c,0x66,0xd7,0x02,0x3c,0x66,0xd7,0x00,0x3c,0x66,0xd7,0xbf,
    0x3c,0x66,0xd7,0xff,0x3c,0x66,0xd7,0xfc,0x3c,0x66,0xd7,0xff,0x3c,0x66,0xd7,0xff,0x3c,0x66,0xd7,0xff,
    0x3c,0x66,0xd7,0xff,0x3c,0x66,0xd7,0xff,0x3c,0x66,0xd7,0xff,0x3c,0x66,0xd7,0xff,0x3c,0x66,0xd7,0xff,
    0x3c,0x66,0xd7,0xff,0x3c,0x66,0xd7,0xff,0x3c,0x66,0xd7,0xff,0x3c,0x66,0xd7,0xff,0x3c,0x66,0xd7,0xff,
    0x3c,0x66,0xd7,0xff,0x3c,0x66,0xd7,0xff,0x3c,0x66,0xd7,0xff,0x3c,0x66,0xd7,0xff,0x3c,0x66,0xd7,0xff,
    0x3c,0x66,0xd7,0xff,0x3c,0x66,0xd7,0xc8,0x3c,0x66,0xd7,0x00,0x3c,0x66,0xd7,0x02,0x3c,0x66,0xd7,0x00,
    0x3c,0x66,0xd7,0x00,0x3c,0x66,0xd7,0x00,0x3c,0x66,0xd7,0x00,0x3c,0x66,0xd7,0x00,0x3c,0x66,0xd7,0x00,
    0x3c,0x66,0xd7,0x00,0x3c,0x66,0xd7,0x00,0x3c,0x66,0xd7,0x00,0x3c,0x66,0xd7,0x00,0x3c,0x66,0xd7,0x00,
    0x3c,0x66,0xd7,0x00,0x3c,0x66,0xd7,0x00,0x3c,0x66,0xd7,0x00,0x3c,0x66,0xd7,0x00,0x3c,0x66,0xd7,0x00,
    0x3c,0x66,0xd7,0x00,0x3c,0x66,0xd7,0x00,0x3c,0x66,0xd7,0x00,0x3c,0x66,0xd7,0x00,0x3c,0x66,0xd7,0x00,
    0x3c,0x66,0xd7,0x00,0x3c,0x66,0xd7,0x00,0x3c,0x66,0xd7,0x00,0x3c,0x66,0xd7,0x00,0x3c,0x66,0xd7,0x02,
    0x3c,0x66,0xd7,0x02,0x3c,0x66,0xd7,0xc5,0x3c,0x66,0xd7,0xff,0x3c,0x66,0xd7,0xfc,0x3c,0x66,0xd7,0xff,
    0x3c,0x66,0xd7,0xff,0x3c,0x66,0xd7,0xff,0x3c,0x66,0xd7,0xff,0x3c,0x66,0xd7,0xff,0x3c,0x66,0xd7,0xff,
    0x3c,0x66,0xd7,0xff,0x3c,0x66,0xd7,0xff,0x3c,0x66,0xd7,0xff,0x3c,0x66,0xd7,0xff,0x3c,0x66,0xd7,0xff,
    0x3c,0x66,0xd7,0xff,0x3c,0x66,0xd7,0xfe,0x3c,0x66,0xd7,0xff,0x3c,0x66,0xd7,0xf2,0x3c,0x66,0xd7,0x16,
    0x3c,0x66,0xd7,0x00,0x3c,0x66,0xd7,0x01,0x3c,0x66,0xd7,0x00,0x3c,0x66,0xd7,0x00,0x3c,0x66,0xd7,0x00,
    0x3c,0x66,0xd7,0x00,0x3c,0x66,0xd7,0x00,0x3c,0x66,0xd7,0x00,0x3c,0x66,0xd7,0x00,0x3c,0x66,0xd7,0x00,
    0x3c,0x66,0xd7,0x00,0x3c,0x66,0xd7,0x00,0x3c,0x66,0xd7,0x00,0x3c,0x66,0xd7,0x00,0x3c,0x66,0xd7,0x00,
    0x3c,0x66,0xd7,0x00,0x3c,0x66,0xd7,0x00,0x3c,0x66,0xd7,0x00,0x3c,0x66,0xd7,0x00,0x3c,0x66,0xd7,0x00,
    0x3c,0x66,0xd7,0x00,0x3c,0x66,0xd7,0x00,0x3c,0x66,0xd7,0x00,0x3c,0x66,0xd7,0x00,0x3c,0x66,0xd7,0x00,
    0x3c,0x66,0xd7,0x00,0x3c,0x66,0xd7,0x00,0x3c,0x66,0xd7,0x00,0x3c,0x66,0xd7,0x00,0x3c,0x66,0xd7,0x03,
    0x3c,0x66,0xd7,0x00,0x3c,0x66,0xd7,0x9f,0x3c,0x66,0xd7,0xff,0x3c,0x66,0xd7,0xfb,0x3c,0x66,0xd7,0xff,
    0x3c,0x66,0xd7,0xff,0x3c,0x66,0xd7,0xff,0x3c,0x66,0xd7,0xff,0x3c,0x66,0xd7,0xff,0x3c,0x66,0xd7,0xff,
    0x3c,0x66,0xd7,0xff,0x3c,0x66,0xd7,0xff,0x3c,0x66,0xd7,0xff,0x3c,0x66,0xd7,0xff,0x3c,0x66,0xd7,0xff,
    0x3c,0x66,0xd7,0xff,0x3c,0x66,0xd7,0xff,0x3c,0x66,0xd7,0xff,0x3c,0x66,0xd7,0xfe,0x3c,0x66,0xd7,0xff,
    0x3c,0x66,0xd7,0xe8,0x3c,0x66,0xd7,0xef,0x3c,0x66,0xd7,0xff,0x3c,0x66,0xd7,0x41,0x3c,0x66,0xd7,0x00,
    0x3c,0x66,0xd7,0x03,0x3c,0x66,0xd7,0x00,0x3c,0x66,0xd7,0x00,0x3c,0x66,0xd7,0x00,0x3c,0x66,0xd7,0x00,
    0x3c,0x66,0xd7,0x00,0x3c,0x66,0xd7,0x00,0x3c,0x66,0xd7,0x00,0x3c,0x66,0xd7,0x00,0x3c,0x66,0xd7,0x00,
    0x3c,0x66,0xd7,0x00,0x3c,0x66,0xd7,0x00,0x3c,0x66,0xd7,0x00,0x3c,0x66,0xd7,0x00,0x3c,0x66,0xd7,0x00,
    0x3c,0x66,0xd7,0x00,0x3c,0x66,0xd7,0x00,0x3c,0x66,0xd7,0x00,0x3c,0x66,0xd7,0x00,0x3c,0x66,0xd7,0x00,
    0x3c,0x66,0xd7,0x00,0x3c,0x66,0xd7,0x00,0x3c,0x66,0xd7,0x00,0x3c,0x66,0xd7,0x00,0x3c,0x66,0xd7,0x00,
    0x3c,0x66,0xd7,0x00,0x3c,0x66,0xd7,0x04,0x3c,0x66,0xd7,0x00,0x3c,0x66,0xd7,0x79,0x3c,0x66,0xd7,0xff,
    0x3c,0x66,0xd7,0xfb,0x3c,0x66,0xd7,0xff,0x3c,0x66,0xd7,0xff,0x3c,0x66,0xd7,0xff,0x3c,0x66,0xd7,0xff,
    0x3c,0x66,0xd7,0xff,0x3c,0x66,0xd7,0xff,0x3c,0x66,0xd7,0xfc,0x3c,0x66,0xd7,0xff,0x3c,0x66,0xd7,0xb7,
    0x3c,0x66,0xd7,0x00,0x3c,0x66,0xd7,0x02,0x3c,0x66,0xd7,0x00,0x3c,0x66,0xd7,0x00,0x3c,0x66,0xd7,0x00,
    0x3c,0x66,0xd7,0x00,0x3c,0x66,0xd7,0x00,0x3c,0x66,0xd7,0x00,0x3c,0x66,0xd7,0x00,0x3c,0x66,0xd7,0x00,
    0x3c,0x66,0xd7,0x00,0x3c,0x66,0xd7,0x00,0x3c,0x66,0xd7,0x00,0x3c,0x66,0xd7,0x00,0x3c,0x66,0xd7,0x00,
    0x3c,0x66,0xd7,0x00,0x3c,0x66,0xd7,0x00,0x3c,0x66,0xd7,0x00,0x3c,0x66,0xd7,0x00,0x3c,0x66,0xd7,0x00,
    0x3c,0x66,0xd7,0x00,0x3c,0x66,0xd7,0x00,0x3c,0x66,0xd7,0x01,0x3c,0x66,0xd7,0x00,0x3c,0x66,0xd7,0x14,
    0x3c,0x66,0xd7,0xf0,0x3c,0x66,0xd7,0xfe,0x3c,0x66,0xd7,0xfd,0x3c,0x66,0xd7,0xff,0x3c,0x66,0xd7,0xff,
    0x3c,0x66,0xd7,0xff,0x3c,0x66,0xd7,0xff,0x3c,0x66,0xd7,0xff,0x3c,0x66,0xd7,0xfc,0x3c,0x66,0xd7,0xfe,
    0x3c,0x66,0xd7,0x46,0x3c,0x66,0xd7,0x00,0x3c,0x66,0xd7,0x03,0x3c,0x66,0xd7,0x00,0x3c,0x66,0xd7,0x00,
    0x3c,0x66,0xd7,0x00,0x3c,0x66,0xd7,0x00,0x3c,0x66,0xd7,0x00,0x3c,0x66,0xd7,0x00,0x3c,0x66,0xd7,0x00,
    0x3c,0x66,0xd7,0x00,0x3c,0x66,0xd7,0x00,0x3c,0x66,0xd7,0x00,0x3c,0x66,0xd7,0x00,0x3c,0x66,0xd7,0x00,
    0x3c,0x66,0xd7,0x00,0x3c,0x66,0xd7,0x00,0x3c,0x66,0xd7,0x00,0x3c,0x66,0xd7,0x00,0x3c,0x66,0xd7,0x00,
    0x3c,0x66,0xd7,0x00,0x3c,0x66,0xd7,0x00,0x3c,0x66,0xd7,0x00,0x3c,0x66,0xd7,0x00,0x3c,0x66,0xd7,0x00,
    0x3c,0x66,0xd7,0x00,0x3c,0x66,0xd7,0x00,0x3c,0x66,0xd7,0x00,0x3c,0x66,0xd7,0x00,0x3c,0x66,0xd7,0x00,
    0x3c,0x66,0xd7,0x00,0x3c,0x66,0xd7,0x00,0x3c,0x66,0xd7,0x00,0x3c,0x66,0xd7,0x00,0x3c,0x66,0xd7,0x00,
    0x3c,0x66,0xd7,0x00,0x3c,0x66,0xd7,0x00,0x3c,0x66,0xd7,0x00,0x3c,0x66,0xd7,0x00,0x3c,0x66,0xd7,0x00,
    0x3c,0x66,0xd7,0x00,0x3c,0x66,0xd7,0x01,0x3c,0x66,0xd7,0x00,0x3c,0x66,0xd7,0x0f,0x3c,0x66,0xd7,0xea,
    0x3c,0x66,0xd7,0xff,0x3c,0x66,0xd7,0xfe,0x3c,0x66,0xd7,0xff,0x3c,0x66,0xd7,0xff,0x3c,0x66,0xd7,0xff,
    0x3c,0x66,0xd7,0xff,0x3c,0x66,0xd7,0xff,0x3c,0x66,0xd7,0xff,0x3c,0x66,0xd7,0xff,0x3c,0x66,0xd7,0xff,
    0x3c,0x66,0xd7,0xff,0x3c,0x66,0xd7,0xff,0x3c,0x66,0xd7,0xff,0x3c,0x66,0xd7,0xff,0x3c,0x66,0xd7,0xff,
    0x3c,0x66,0xd7,0xff,0x3c,0x66,0xd7,0xff,0x3c,0x66,0xd7,0xff,0x3c,0x66,0xd7,0xff,0x3c,0x66,0xd7,0xfd,
    0x3c,0x66,0xd7,0xfd,0x3c,0x66,0xd7,0x3d,0x3c,0x66,0xd7,0x00,0x3c,0x66,0xd7,0x14,0x3c,0x66,0xd7,0xeb,
    0x3c,0x66,0xd7,0xff,0x3c,0x66,0xd7,0xbd,0x3c,0x66,0xd7,0x00,0x3c,0x66,0xd7,0x02,0x3c,0x66,0xd7,0x00,
    0x3c,0x66,0xd7,0x00,0x3c,0x66,0xd7,0x00,0x3c,0x66,0xd7,0x00,0x3c,0x66,0xd7,0x00,0x3c,0x66,0xd7,0x00,
    0x3c,0x66,0xd7,0x00,0x3c,0x66,0xd7,0x00,0x3c,0x66,0xd7,0x00,0x3c,0x66,0xd7,0x00,0x3c,0x66,0xd7,0x00,
    0x3c,0x66,0xd7,0x00,0x3c,0x66,0xd7,0x00,0x3c,0x66,0xd7,0x00,0x3c,0x66,0xd7,0x00,0x3c,0x66,0xd7,0x00,
    0x3c,0x66,0xd7,0x00,0x3c,0x66,0xd7,0x00,0x3c,0x66,0xd7,0x00,0x3c,0x66,0xd7,0x00,0x3c,0x66,0xd7,0x00,
    0x3c,0x66,0xd7,0x00,0x3c,0x66,0xd7,0x01,0x3c,0x66,0xd7,0x01,0x3c,0x66,0xd7,0x0a,0x3c,0x66,0xd7,0xe0,
    0x3c,0x66,0xd7,0xff,0x3c,0x66,0xd7,0xfd,0x3c,0x66,0xd7,0xff,0x3c,0x66,0xd7,0xff,0x3c,0x66,0xd7,0xff,
    0x3c,0x66,0xd7,0xff,0x3c,0x66,0xd7,0xff,0x3c,0x66,0xd7,0xff,0x3c,0x66,0xd7,0xff,0x3c,0x66,0xd7,0xff,
    0x3c,0x66,0xd7,0xff,0x3c,0x66,0xd7,0xff,0x3c,0x66,0xd7,0xff,0x3c,0x66,0xd7,0xff,0x3c,0x66,0xd7,0xff,
    0x3c,0x66,0xd7,0xff,0x3c,0x66,0xd7,0xff,0x3c,0x66,0xd7,0xff,0x3c,0x66,0xd7,0xff,0x3c,0x66,0xd7,0xc8,
    0x3c,0x66,0xd7,0xbe,0x3c,0x66,0xd7,0x8e,0x3c,0x66,0xd7,0x00,0x3c,0x66,0xd7,0x01,0x3c,0x66,0xd7,0x00,
    0x3c,0x66,0xd7,0x00,0x3c,0x66,0xd7,0x00,0x3c,0x66,0xd7,0x00,0x3c,0x66,0xd7,0x00,0x3c,0x66,0xd7,0x00,
    0x3c,0x66,0xd7,0x00,0x3c,0x66,0xd7,0x00,0x3c,0x66,0xd7,0x00,0x3c,0x66,0xd7,0x00,0x3c,0x66,0xd7,0x00,
    0x3c,0x66,0xd7,0x00,0x3c,0x66,0xd7,0x00,0x3c,0x66,0xd7,0x00,0x3c,0x66,0xd7,0x00,0x3c,0x66,0xd7,0x00,
    0x3c,0x66,0xd7,0x00,0x3c,0x66,0xd7,0x00,0x3c,0x66,0xd7,0x00,0x3c,0x66,0xd7,0x00,0x3c,0x66,0xd7,0x00,
    0x3c,0x66,0xd7,0x00,0x3c,0x66,0xd7,0x00,0x3c,0x66,0xd7,0x00,0x3c,0x66,0xd7,0x01,0x3c,0x66,0xd7,0x00,
    0x3c,0x66,0xd7,0x0c,0x3c,0x66,0xd7,0xe9,0x3c,0x66,0xd7,0xff,0x3c,0x66,0xd7,0xfe,0x3c,0x66,0xd7,0xff,
    0x3c,0x66,0xd7,0xff,0x3c,0x66,0xd7,0xff,0x3c,0x66,0xd7,0xff,0x3c,0x66,0xd7,0xff,0x3c,0x66,0xd7,0xff,
    0x3c,0x66,0xd7,0xff,0x3c,0x66,0xd7,0xff,0x3c,0x66,0xd7,0xff,0x3c,0x66,0xd7,0xff,0x3c,0x66,0xd7,0xff,
    0x3c,0x66,0xd7,0xff,0x3c,0x66,0xd7,0xff,0x3c,0x66,0xd7,0xfd,0x3c,0x66,0xd7,0xfd,0x3c,0x66,0xd7,0x39,
    0x3c,0x66,0xd7,0x00,0x3c,0x66,0xd7,0x03,0x3c,0x66,0xd7,0x00,0x3c,0x66,0xd7,0x00,0x3c,0x66,0xd7,0x00,
    0x3c,0x66,0xd7,0x00,0x3c,0x66,0xd7,0x00,0x3c,0x66,0xd7,0x00,0x3c,0x66,0xd7,0x00,0x3c,0x66,0xd7,0x00,
    0x3c,0x66,0xd7,0x00,0x3c,0x66,0xd7,0x00,0x3c,0x66,0xd7,0x00,0x3c,0x66,0xd7,0x00,0x3c,0x66,0xd7,0x00,
    0x3c,0x66,0xd7,0x00,0x3c,0x66,0xd7,0x00,0x3c,0x66,0xd7,0x00,0x3c,0x66,0xd7,0x00,0x3c,0x66,0xd7,0x00,
    0x3c,0x66,0xd7,0x00,0x3c,0x66,0xd7,0x00,0x3c,0x66,0xd7,0x00,0x3c,0x66,0xd7,0x00,0x3c,0x66,0xd7,0x00,
    0x3c,0x66,0xd7,0x00,0x3c,0x66,0xd7,0x00,0x3c,0x66,0xd7,0x00,0x3c,0x66,0xd7,0x00,0x3c,0x66,0xd7,0x02,
    0x3c,0x66,0xd7,0x02,0x3c,0x66,0xd7,0xc6,0x3c,0x66,0xd7,0xff,0x3c,0x66,0xd7,0xfc,0x3c,0x66,0xd7,0xff,
    0x3c,0x66,0xd7,0xff,0x3c,0x66,0xd7,0xff,0x3c,0x66,0xd7,0xff,0x3c,0x66,0xd7,0xff,0x3c,0x66,0xd7,0xff,
    0x3c,0x66,0xd7,0xff,0x3c,0x66,0xd7,0xff,0x3c,0x66,0xd7,0xff,0x3c,0x66,0xd7,0xff,0x3c,0x66,0xd7,0xff,
    0x3c,0x66,0xd7,0xff,0x3c,0x66,0xd7,0xff,0x3c,0x66,0xd7,0xff,0x3c,0x66,0xd7,0xff,0x3c,0x66,0xd7,0xff,
    0x3c,0x66,0xd7,0xff,0x3c,0x66,0xd7,0xff,0x3c,0x66,0xd7,0xff,0x3c,0x66,0xd7,0x41,0x3c,0x66,0xd7,0x00,
    0x3c,0x66,0xd7,0x03,0x3c,0x66,0xd7,0x00,0x3c,0x66,0xd7,0x00,0x3c,0x66,0xd7,0x00,0x3c,0x66,0xd7,0x00,
    0x3c,0x66,0xd7,0x00,0x3c,0x66,0xd7,0x00,0x3c,0x66,0xd7,0x00,0x3c,0x66,0xd7,0x00,0x3c,0x66,0xd7,0x00,
    0x3c,0x66,0xd7,0x00,0x3c,0x66,0xd7,0x00,0x3c,0x66,0xd7,0x00,0x3c,0x66,0xd7,0x00,0x3c,0x66,0xd7,0x00,
    0x3c,0x66,0xd7,0x00,0x3c,0x66,0xd7,0x00,0x3c,0x66,0xd7,0x00,0x3c,0x66,0xd7,0x00,0x3c,0x66,0xd7,0x00,
    0x3c,0x66,0xd7,0x00,0x3c,0x66,0xd7,0x00,0x3c,0x66,0xd7,0x00,0x3c,0x66,0xd7,0x00,0x3c,0x66,0xd7,0x00,
    0x3c,0x66,0xd7,0x00,0x3c,0x66,0xd7,0x03,0x3c,0x66,0xd7,0x00,0x3c,0x66,0xd7,0xad,0x3c,0x66,0xd7,0xff,
    0x3c,0x66,0xd7,0xfc,0x3c,0x66,0xd7,0xff,0x3c,0x66,0xd7,0xff,0x3c,0x66,0xd7,0xff,0x3c,0x66,0xd7,0xff,
    0x3c,0x66,0xd7,0xff,0x3c,0x66,0xd7,0xff,0x3c,0x66,0xd7,0xfd,0x3c,0x66,0xd7,0xff,0x3c,0x66,0xd7,0xe2,
    0x3c,0x66,0xd7,0x0a,0x3c,0x66,0xd7,0x00,0x3c,0x66,0xd7,0x01,0x3c,0x66,0xd7,0x00,0x3c,0x66,0xd7,0x00,
    0x3c,0x66,0xd7,0x00,0x3c,0x66,0xd7,0x00,0x3c,0x66,0xd7,0x00,0x3c,0x66,0xd7,0x00,0x3c,0x66,0xd7,0x00,
    0x3c,0x66,0xd7,0x00,0x3c,0x66,0xd7,0x00,0x3c,0x66,0xd7,0x00,0x3c,0x66,0xd7,0x00,0x3c,0x66,0xd7,0x00,
    0x3c,0x66,0xd7,0x00,0x3c,0x66,0xd7,0x00,0x3c,0x66,0xd7,0x00,0x3c,0x66,0xd7,0x00,0x3c,0x66,0xd7,0x00,
    0x3c,0x66,0xd7,0x00,0x3c,0x66,0xd7,0x00,0x3c,0x66,0xd7,0x03,0x3c,0x66,0xd7,0x00,0x3c,0x66,0xd7,0x42,
    0x3c,0x66,0xd7,0xfd,0x3c,0x66,0xd7,0xfd,0x3c,0x66,0xd7,0xff,0x3c,0x66,0xd7,0xff,0x3c,0x66,0xd7,0xff,
    0x3c,0x66,0xd7,0xff,0x3c,0x66,0xd7,0xff,0x3c,0x66,0xd7,0xff,0x3c,0x66,0xd7,0xfb,0x3c,0x66,0xd7,0xff,
    0x3c,0x66,0xd7,0x80,0x3c,0x66,0xd7,0x00,0x3c,0x66,0xd7,0x04,0x3c,0x66,0xd7,0x00,0x3c,0x66,0xd7,0x00,
    0x3c,0x66,0xd7,0x00,0x3c,0x66,0xd7,0x00,0x3c,0x66,0xd7,0x00,0x3c,0x66,0xd7,0x00,0x3c,0x66,0xd7,0x00,
    0x3c,0x66,0xd7,0x00,0x3c,0x66,0xd7,0x00,0x3c,0x66,0xd7,0x00,0x3c,0x66,0xd7,0x00,0x3c,0x66,0xd7,0x00,
    0x3c,0x66,0xd7,0x00,0x3c,0x66,0xd7,0x00,0x3c,0x66,0xd7,0x00,0x3c,0x66,0xd7,0x00,0x3c,0x66,0xd7,0x00,
    0x3c,0x66,0xd7,0x00,0x3c,0x66,0xd7,0x00,0x3c,0x66,0xd7,0x00,0x3c,0x66,0xd7,0x00,0x3c,0x66,0xd7,0x00,
    0x3c,0x66,0xd7,0x00,0x3c,0x66,0xd7,0x00,0x3c,0x66,0xd7,0x00,0x3c,0x66,0xd7,0x00,0x3c,0x66,0xd7,0x00,
    0x3c,0x66,0xd7,0x00,0x3c,0x66,0xd7,0x00,0x3c,0x66,0xd7,0x00,0x3c,0x66,0xd7,0x00,0x3c,0x66,0xd7,0x00,
    0x3c,0x66,0xd7,0x00,0x3c,0x66,0xd7,0x00,0x3c,0x66,0xd7,0x00,0x3c,0x66,0xd7,0x00,0x3c,0x66,0xd7,0x00,
    0x3c,0x66,0xd7,0x00,0x3c,0x66,0xd7,0x02,0x3c,0x66,0xd7,0x00,0x3c,0x66,0xd7,0x31,0x3c,0x66,0xd7,0xfb,
    0x3c,0x66,0xd7,0xfe,0x3c,0x66,0xd7,0xff,0x3c,0x66,0xd7,0xff,0x3c,0x66,0xd7,0xff,0x3c,0x66,0xd7,0xff,
    0x3c,0x66,0xd7,0xff,0x3c,0x66,0xd7,0xff,0x3c,0x66,0xd7,0xff,0x3c,0x66,0xd7,0xff,0x3c,0x66,0xd7,0xff,
    0x3c,0x66,0xd7,0xff,0x3c,0x66,0xd7,0xff,0x3c,0x66,0xd7,0xff,0x3c,0x66,0xd7,0xff,0x3c,0x66,0xd7,0xff,
    0x3c,0x66,0xd7,0xff,0x3c,0x66,0xd7,0xff,0x3c,0x66,0xd7,0xff,0x3c,0x66,0xd7,0xff,0x3c,0x66,0xd7,0xfb,
    0x3c,0x66,0xd7,0xff,0x3c,0x66,0xd7,0x6e,0x3c,0x66,0xd7,0x00,0x3c,0x66,0xd7,0x15,0x3c,0x66,0xd7,0xeb,
    0x3c,0x66,0xd7,0xff,0x3c,0x66,0xd7,0xbd,0x3c,0x66,0xd7,0x00,0x3c,0x66,0xd7,0x02,0x3c,0x66,0xd7,0x00,
    0x3c,0x66,0xd7,0x00,0x3c,0x66,0xd7,0x00,0x3c,0x66,0xd7,0x00,0x3c,0x66,0xd7,0x00,0x3c,0x66,0xd7,0x00,
    0x3c,0x66,0xd7,0x00,0x3c,0x66,0xd7,0x00,0x3c,0x66,0xd7,0x00,0x3c,0x66,0xd7,0x00,0x3c,0x66,0xd7,0x00,
    0x3c,0x66,0xd7,0x00,0x3c,0x66,0xd7,0x00,0x3c,0x66,0xd7,0x00,0x3c,0x66,0xd7,0x00,0x3c,0x66,0xd7,0x00,
    0x3c,0x66,0xd7,0x00,0x3c,0x66,0xd7,0x00,0x3c,0x66,0xd7,0x00,0x3c,0x66,0xd7,0x00,0x3c,0x66,0xd7,0x00,
    0x3c,0x66,0xd7,0x00,0x3c,0x66,0xd7,0x02,0x3c,0x66,0xd7,0x00,0x3c,0x66,0xd7,0x1f,0x3c,0x66,0xd7,0xf5,
    0x3c,0x66,0xd7,0xfe,0x3c,0x66,0xd7,0xfe,0x3c,0x66,0xd7,0xff,0x3c,0x66,0xd7,0xff,0x3c,0x66,0xd7,0xff,
    0x3c,0x66,0xd7,0xff,0x3c,0x66,0xd7,0xff,0x3c,0x66,0xd7,0xff,0x3c,0x66,0xd7,0xff,0x3c,0x66,0xd7,0xff,
    0x3c,0x66,0xd7,0xff,0x3c,0x66,0xd7,0xff,0x3c,0x66,0xd7,0xff,0x3c,0x66,0xd7,0xff,0x3c,0x66,0xd7,0xff,
    0x3c,0x66,0xd7,0xff,0x3c,0x66,0xd7,0xff,0x3c,0x66,0xd7,0xfc,0x3c,0x66,0xd7,0xff,0x3c,0x66,0xd7,0x4a,
    0x3c,0x66,0xd7,0x00,0x3c,0x66,0xd7,0x00,0x3c,0x66,0xd7,0x00,0x3c,0x66,0xd7,0x00,0x3c,0x66,0xd7,0x00,
    0x3c,0x66,0xd7,0x00,0x3c,0x66,0xd7,0x00,0x3c,0x66,0xd7,0x00,0x3c,0x66,0xd7,0x00,0x3c,0x66,0xd7,0x00,
    0x3c,0x66,0xd7,0x00,0x3c,0x66,0xd7,0x00,0x3c,0x66,0xd7,0x00,0x3c,0x66,0xd7,0x00,0x3c,0x66,0xd7,0x00,
    0x3c,0x66,0xd7,0x00,0x3c,0x66,0xd7,0x00,0x3c,0x66,0xd7,0x00,0x3c,0x66,0xd7,0x00,0x3c,0x66,0xd7,0x00,
    0x3c,0x66,0xd7,0x00,0x3c,0x66,0xd7,0x00,0x3c,0x66,0xd7,0x00,0x3c,0x66,0xd7,0x00,0x3c,0x66,0xd7,0x00,
    0x3c,0x66,0xd7,0x00,0x3c,0x66,0xd7,0x00,0x3c,0x66,0xd7,0x00,0x3c,0x66,0xd7,0x02,0x3c,0x66,0xd7,0x00,
    0x3c,0x66,0xd7,0x2a,0x3c,0x66,0xd7,0xf7,0x3c,0x66,0xd7,0xfe,0x3c,0x66,0xd7,0xff,0x3c,0x66,0xd7,0xff,
    0x3c,0x66,0xd7,0xff,0x3c,0x66,0xd7,0xff,0x3c,0x66,0xd7,0xff,0x3c,0x66,0xd7,0xff,0x3c,0x66,0xd7,0xff,
    0x3c,0x66,0xd7,0xff,0x3c,0x66,0xd7,0xff,0x3c,0x66,0xd7,0xff,0x3c,0x66,0xd7,0xff,0x3c,0x66,0xd7,0xff,
    0x3c,0x66,0xd7,0xff,0x3c,0x66,0xd7,0xff,0x3c,0x66,0xd7,0xfc,0x3c,0x66,0xd7,0xff,0x3c,0x66,0xd7,0x62,
    0x3c,0x66,0xd7,0x00,0x3c,0x66,0xd7,0x04,0x3c,0x66,0xd7,0x00,0x3c,0x66,0xd7,0x00,0x3c,0x66,0xd7,0x00,
    0x3c,0x66,0xd7,0x00,0x3c,0x66,0xd7,0x00,0x3c,0x66,0xd7,0x00,0x3c,0x66,0xd7,0x00,0x3c,0x66,0xd7,0x00,
    0x3c,0x66,0xd7,0x00,0x3c,0x66,0xd7,0x00,0x3c,0x66,0xd7,0x00,0x3c,0x66,0xd7,0x00,0x3c,0x66,0xd7,0x00,
    0x3c,0x66,0xd7,0x00,0x3c,0x66,0xd7,0x00,0x3c,0x66,0xd7,0x00,0x3c,0x66,0xd7,0x00,0x3c,0x66,0xd7,0x00,
    0x3c,0x66,0xd7,0x00,0x3c,0x66,0xd7,0x00,0x3c,0x66,0xd7,0x00,0x3c,0x66,0xd7,0x00,0x3c,0x66,0xd7,0x00,
    0x3c,0x66,0xd7,0x00,0x3c,0x66,0xd7,0x00,0x3c,0x66,0xd7,0x00,0x3c,0x66,0xd7,0x01,0x3c,0x66,0xd7,0x00,
    0x3c,0x66,0xd7,0x0d,0x3c,0x66,0xd7,0xe9,0x3c,0x66,0xd7,0xff,0x3c,0x66,0xd7,0xfe,0x3c,0x66,0xd7,0xff,
    0x3c,0x66,0xd7,0xff,0x3c,0x66,0xd7,0xff,0x3c,0x66,0xd7,0xff,0x3c,0x66,0xd7,0xff,0x3c,0x66,0xd7,0xff,
    0x3c,0x66,0xd7,0xff,0x3c,0x66,0xd7,0xff,0x3c,0x66,0xd7,0xff,0x3c,0x66,0xd7,0xff,0x3c,0x66,0xd7,0xff,
    0x3c,0x66,0xd7,0xff,0x3c,0x66,0xd7,0xff,0x3c,0x66,0xd7,0xff,0x3c,0x66,0xd7,0xff,0x3c,0x66,0xd7,0xff,
    0x3c,0x66,0xd7,0xfe,0x3c,0x66,0xd7,0xfd,0x3c,0x66,0xd7,0xff,0x3c,0x66,0xd7,0x41,0x3c,0x66,0xd7,0x00,
    0x3c,0x66,0xd7,0x03,0x3c,0x66,0xd7,0x00,0x3c,0x66,0xd7,0x00,0x3c,0x66,0xd7,0x00,0x3c,0x66,0xd7,0x00,
    0x3c,0x66,0xd7,0x00,0x3c,0x66,0xd7,0x00,0x3c,0x66,0xd7,0x00,0x3c,0x66,0xd7,0x00,0x3c,0x66,0xd7,0x00,
    0x3c,0x66,0xd7,0x00,0x3c,0x66,0xd7,0x00,0x3c,0x66,0xd7,0x00,0x3c,0x66,0xd7,0x00,0x3c,0x66,0xd7,0x00,
    0x3c,0x66,0xd7,0x00,0x3c,0x66,0xd7,0x00,0x3c,0x66,0xd7,0x00,0x3c,0x66,0xd7,0x00,0x3c,0x66,0xd7,0x00,
    0x3c,0x66,0xd7,0x00,0x3c,0x66,0xd7,0x00,0x3c,0x66,0xd7,0x00,0x3c,0x66,0xd7,0x00,0x3c,0x66,0xd7,0x00,
    0x3c,0x66,0xd7,0x00,0x3c,0x66,0xd7,0x01,0x3c,0x66,0xd7,0x04,0x3c,0x66,0xd7,0xcd,0x3c,0x66,0xd7,0xff,
    0x3c,0x66,0xd7,0xfd,0x3c,0x66,0xd7,0xff,0x3c,0x66,0xd7,0xff,0x3c,0x66,0xd7,0xff,0x3c,0x66,0xd7,0xff,
    0x3c,0x66,0xd7,0xff,0x3c,0x66,0xd7,0xff,0x3c,0x66,0xd7,0xfe,0x3c,0x66,0xd7,0xff,0x3c,0x66,0xd7,0xf5,
    0x3c,0x66,0xd7,0x1d,0x3c,0x66,0xd7,0x00,0x3c,0x66,0xd7,0x02,0x3c,0x66,0xd7,0x00,0x3c,0x66,0xd7,0x00,
    0x3c,0x66,0xd7,0x00,0x3c,0x66,0xd7,0x00,0x3c,0x66,0xd7,0x00,0x3c,0x66,0xd7,0x00,0x3c,0x66,0xd7,0x00,
    0x3c,0x66,0xd7,0x00,0x3c,0x66,0xd7,0x00,0x3c,0x66,0xd7,0x00,0x3c,0x66,0xd7,0x00,0x3c,0x66,0xd7,0x00,
    0x3c,0x66,0xd7,0x00,0x3c,0x66,0xd7,0x00,0x3c,0x66,0xd7,0x00,0x3c,0x66,0xd7,0x00,0x3c,0x66,0xd7,0x00,
    0x3c,0x66,0xd7,0x00,0x3c,0x66,0xd7,0x00,0x3c,0x66,0xd7,0x04,0x3c,0x66,0xd7,0x00,0x3c,0x66,0xd7,0x7a,
    0x3c,0x66,0xd7,0xff,0x3c,0x66,0xd7,0xfb,0x3c,0x66,0xd7,0xff,0x3c,0x66,0xd7,0xff,0x3c,0x66,0xd7,0xff,
    0x3c,0x66,0xd7,0xff,0x3c,0x66,0xd7,0xff,0x3c,0x66,0xd7,0xff,0x3c,0x66,0xd7,0xfc,0x3c,0x66,0xd7,0xff,
    0x3c,0x66,0xd7,0xb9,0x3c,0x66,0xd7,0x00,0x3c,0x66,0xd7,0x02,0x3c,0x66,0xd7,0x00,0x3c,0x66,0xd7,0x00,
    0x3c,0x66,0xd7,0x00,0x3c,0x66,0xd7,0x00,0x3c,0x66,0xd7,0x00,0x3c,0x66,0xd7,0x00,0x3c,0x66,0xd7,0x00,
    0x3c,0x66,0xd7,0x00,0x3c,0x66,0xd7,0x00,0x3c,0x66,0xd7,0x00,0x3c,0x66,0xd7,0x00,0x3c,0x66,0xd7,0x00,
    0x3c,0x66,0xd7,0x00,0x3c,0x66,0xd7,0x00,0x3c,0x66,0xd7,0x00,0x3c,0x66,0xd7,0x00,0x3c,0x66,0xd7,0x00,
    0x3c,0x66,0xd7,0x00,0x3c,0x66,0xd7,0x00,0x3c,0x66,0xd7,0x00,0x3c,0x66,0xd7,0x00,0x3c,0x66,0xd7,0x00,
    0x3c,0x66,0xd7,0x00,0x3c,0x66,0xd7,0x00,0x3c,0x66,0xd7,0x00,0x3c,0x66,0xd7,0x00,0x3c,0x66,0xd7,0x00,
    0x3c,0x66,0xd7,0x00,0x3c,0x66,0xd7,0x00,0x3c,0x66,0xd7,0x00,0x3c,0x66,0xd7,0x00,0x3c,0x66,0xd7,0x00,
    0x3c,0x66,0xd7,0x00,0x3c,0x66,0xd7,0x00,0x3c,0x66,0xd7,0x00,0x3c,0x66,0xd7,0x00,0x3c,0x66,0xd7,0x00,
    0x3c,0x66,0xd7,0x00,0x3c,0x66,0xd7,0x04,0x3c,0x66,0xd7,0x00,0x3c,0x66,0xd7,0x60,0x3c,0x66,0xd7,0xff,
    0x3c,0x66,0xd7,0xfc,0x3c,0x66,0xd7,0xff,0x3c,0x66,0xd7,0xff,0x3c,0x66,0xd7,0xff,0x3c,0x66,0xd7,0xff,
    0x3c,0x66,0xd7,0xff,0x3c,0x66,0xd7,0xff,0x3c,0x66,0xd7,0xff,0x3c,0x66,0xd7,0xff,0x3c,0x66,0xd7,0xff,
    0x3c,0x66,0xd7,0xff,0x3c,0x66,0xd7,0xff,0x3c,0x66,0xd7,0xff,0x3c,0x66,0xd7,0xff,0x3c,0x66,0xd7,0xff,
    0x3c,0x66,0xd7,0xff,0x3c,0x66,0xd7,0xff,0x3c,0x66,0xd7,0xff,0x3c,0x66,0xd7,0xff,0x3c,0x66,0xd7,0xfb,
    0x3c,0x66,0xd7,0xff,0x3c,0x66,0xd7,0xa1,0x3c,0x66,0xd7,0x00,0x3c,0x66,0xd7,0x14,0x3c,0x66,0xd7,0xeb,
    0x3c,0x66,0xd7,0xff,0x3c,0x66,0xd7,0xbd,0x3c,0x66,0xd7,0x00,0x3c,0x66,0xd7,0x02,0x3c,0x66,0xd7,0x00,
    0x3c,0x66,0xd7,0x00,0x3c,0x66,0xd7,0x00,0x3c,0x66,0xd7,0x00,0x3c,0x66,0xd7,0x00,0x3c,0x66,0xd7,0x00,
    0x3c,0x66,0xd7,0x00,0x3c,0x66,0xd7,0x00,0x3c,0x66,0xd7,0x00,0x3c,0x66,0xd7,0x00,0x3c,0x66,0xd7,0x00,
    0x3c,0x66,0xd7,0x00,0x3c,0x66,0xd7,0x00,0x3c,0x66,0xd7,0x00,0x3c,0x66,0xd7,0x00,0x3c,0x66,0xd7,0x00,
    0x3c,0x66,0xd7,0x00,0x3c,0x66,0xd7,0x00,0x3c,0x66,0xd7,0x00,0x3c,0x66,0xd7,0x00,0x3c,0x66,0xd7,0x00,
    0x3c,0x66,0xd7,0x00,0x3c,0x66,0xd7,0x03,0x3c,0x66,0xd7,0x00,0x3c,0x66,0xd7,0x3e,0x3c,0x66,0xd7,0xff,
    0x3c,0x66,0xd7,0xfd,0x3c,0x66,0xd7,0xff,0x3c,0x66,0xd7,0xff,0x3c,0x66,0xd7,0xff,0x3c,0x66,0xd7,0xff,
    0x3c,0x66,0xd7,0xff,0x3c,0x66,0xd7,0xff,0x3c,0x66,0xd7,0xff,0x3c,0x66,0xd7,0xff,0x3c,0x66,0xd7,0xff,
    0x3c,0x66,0xd7,0xff,0x3c,0x66,0xd7,0xff,0x3c,0x66,0xd7,0xff,0x3c,0x66,0xd7,0xff,0x3c,0x66,0xd7,0xff,
    0x3c,0x66,0xd7,0xff,0x3c,0x66,0xd7,0xff,0x3c,0x66,0xd7,0xfb,0x3c,0x66,0xd7,0xff,0x3c,0x66,0xd7,0x80,
    0x3c,0x66,0xd7,0x02,0x3c,0x66,0xd7,0x06,0x3c,0x66,0xd7,0x00,0x3c,0x66,0xd7,0x00,0x3c,0x66,0xd7,0x00,
    0x3c,0x66,0xd7,0x00,0x3c,0x66,0xd7,0x00,0x3c,0x66,0xd7,0x00,0x3c,0x66,0xd7,0x00,0x3c,0x66,0xd7,0x00,
    0x3c,0x66,0xd7,0x00,0x3c,0x66,0xd7,0x00,0x3c,0x66,0xd7,0x00,0x3c,0x66,0xd7,0x00,0x3c,0x66,0xd7,0x00,
    0x3c,0x66,0xd7,0x00,0x3c,0x66,0xd7,0x00,0x3c,0x66,0xd7,0x00,0x3c,0x66,0xd7,0x00,0x3c,0x66,0xd7,0x00,
    0x3c,0x66,0xd7,0x00,0x3c,0x66,0xd7,0x00,0x3c,0x66,0xd7,0x00,0x3c,0x66,0xd7,0x00,0x3c,0x66,0xd7,0x00,
    0x3c,0x66,0xd7,0x00,0x3c,0x66,0xd7,0x00,0x3c,0x66,0xd7,0x00,0x3c,0x66,0xd7,0x03,0x3c,0x66,0xd7,0x00,
    0x3c,0x66,0xd7,0x42,0x3c,0x66,0xd7,0xff,0x3c,0x66,0xd7,0xfd,0x3c,0x66,0xd7,0xff,0x3c,0x66,0xd7,0xff,
    0x3c,0x66,0xd7,0xff,0x3c,0x66,0xd7,0xff,0x3c,0x66,0xd7,0xff,0x3c,0x66,0xd7,0xff,0x3c,0x66,0xd7,0xff,
    0x3c,0x66,0xd7,0xff,0x3c,0x66,0xd7,0xff,0x3c,0x66,0xd7,0xff,0x3c,0x66,0xd7,0xff,0x3c,0x66,0xd7,0xff,
    0x3c,0x66,0xd7,0xff,0x3c,0x66,0xd7,0xff,0x3c,0x66,0xd7,0xfb,0x3c,0x66,0xd7,0xff,0x3c,0x66,0xd7,0x82,
    0x3c,0x66,0xd7,0x00,0x3c,0x66,0xd7,0x04,0x3c,0x66,0xd7,0x00,0x3c,0x66,0xd7,0x00,0x3c,0x66,0xd7,0x00,
    0x3c,0x66,0xd7,0x00,0x3c,0x66,0xd7,0x00,0x3c,0x66,0xd7,0x00,0x3c,0x66,0xd7,0x00,0x3c,0x66,0xd7,0x00,
    0x3c,0x66,0xd7,0x00,0x3c,0x66,0xd7,0x00,0x3c,0x66,0xd7,0x00,0x3c,0x66,0xd7,0x00,0x3c,0x66,0xd7,0x00,
    0x3c,0x66,0xd7,0x00,0x3c,0x66,0xd7,0x00,0x3c,0x66,0xd7,0x00,0x3c,0x66,0xd7,0x00,0x3c,0x66,0xd7,0x00,
    0x3c,0x66,0xd7,0x00,0x3c,0x66,0xd7,0x00,0x3c,0x66,0xd7,0x00,0x3c,0x66,0xd7,0x00,0x3c,0x66,0xd7,0x00,
    0x3c,0x66,0xd7,0x00,0x3c,0x66,0xd7,0x00,0x3c,0x66,0xd7,0x00,0x3c,0x66,0xd7,0x02,0x3c,0x66,0xd7,0x00,
    0x3c,0x66,0xd7,0x28,0x3c,0x66,0xd7,0xf7,0x3c,0x66,0xd7,0xfe,0x3c,0x66,0xd7,0xff,0x3c,0x66,0xd7,0xff,
    0x3c,0x66,0xd7,0xff,0x3c,0x66,0xd7,0xff,0x3c,0x66,0xd7,0xff,0x3c,0x66,0xd7,0xff,0x3c,0x66,0xd7,0xff,
    0x3c,0x66,0xd7,0xff,0x3c,0x66,0xd7,0xff,0x3c,0x66,0xd7,0xff,0x3c,0x66,0xd7,0xff,0x3c,0x66,0xd7,0xff,
    0x3c,0x66,0xd7,0xff,0x3c,0x66,0xd7,0xff,0x3c,0x66,0xd7,0xff,0x3c,0x66,0xd7,0xff,0x3c,0x66,0xd7,0xff,
    0x3c,0x66,0xd7,0xff,0x3c,0x66,0xd7,0xfd,0x3c,0x66,0xd7,0xff,0x3c,0x66,0xd7,0x41,0x3c,0x66,0xd7,0x00,
    0x3c,0x66,0xd7,0x03,0x3c,0x66,0xd7,0x00,0x3c,0x66,0xd7,0x00,0x3c,0x66,0xd7,0x00,0x3c,0x66,0xd7,0x00,
    0x3c,0x66,0xd7,0x00,0x3c,0x66,0xd7,0x00,0x3c,0x66,0xd7,0x00,0x3c,0x66,0xd7,0x00,0x3c,0x66,0xd7,0x00,
    0x3c,0x66,0xd7,0x00,0x3c,0x66,0xd7,0x00,0x3c,0x66,0xd7,0x00,0x3c,0x66,0xd7,0x00,0x3c,0x66,0xd7,0x00,
    0x3c,0x66,0xd7,0x00,0x3c,0x66,0xd7,0x00,0x3c,0x66,0xd7,0x00,0x3c,0x66,0xd7,0x00,0x3c,0x66,0xd7,0x00,
    0x3c,0x66,0xd7,0x00,0x3c,0x66,0xd7,0x00,0x3c,0x66,0xd7,0x00,0x3c,0x66,0xd7,0x00,0x3c,0x66,0xd7,0x00,
    0x3c,0x66,0xd7,0x01,0x3c,0x66,0xd7,0x00,0x3c,0x66,0xd7,0x16,0x3c,0x66,0xd7,0xf1,0x3c,0x66,0xd7,0xff,
    0x3c,0x66,0xd7,0xfe,0x3c,0x66,0xd7,0xff,0x3c,0x66,0xd7,0xff,0x3c,0x66,0xd7,0xff,0x3c,0x66,0xd7,0xff,
    0x3c,0x66,0xd7,0xff,0x3c,0x66,0xd7,0xff,0x3c,0x66,0xd7,0xff,0x3c,0x66,0xd7,0xfd,0x3c,0x66,0xd7,0xff,
    0x3c,0x66,0xd7,0x48,0x3c,0x66,0xd7,0x00,0x3c,0x66,0xd7,0x03,0x3c,0x66,0xd7,0x00,0x3c,0x66,0xd7,0x00,
    0x3c,0x66,0xd7,0x00,0x3c,0x66,0xd7,0x00,0x3c,0x66,0xd7,0x00,0x3c,0x66,0xd7,0x00,0x3c,0x66,0xd7,0x00,
    0x3c,0x66,0xd7,0x00,0x3c,0x66,0xd7,0x00,0x3c,0x66,0xd7,0x00,0x3c,0x66,0xd7,0x00,0x3c,0x66,0xd7,0x00,
    0x3c,0x66,0xd7,0x00,0x3c,0x66,0xd7,0x00,0x3c,0x66,0xd7,0x00,0x3c,0x66,0xd7,0x00,0x3c,0x66,0xd7,0x00,
    0x3c,0x66,0xd7,0x00,0x3c,0x66,0xd7,0x00,0x3c,0x66,0xd7,0x03,0x3c,0x66,0xd7,0x00,0x3c,0x66,0xd7,0xad,
    0x3c,0x66,0xd7,0xff,0x3c,0x66,0xd7,0xfc,0x3c,0x66,0xd7,0xff,0x3c,0x66,0xd7,0xff,0x3c,0x66,0xd7,0xff,
    0x3c,0x66,0xd7,0xff,0x3c,0x66,0xd7,0xff,0x3c,0x66,0xd7,0xff,0x3c,0x66,0xd7,0xfd,0x3c,0x66,0xd7,0xff,
    0x3c,0x66,0xd7,0xe2,0x3c,0x66,0xd7,0x0c,0x3c,0x66,0xd7,0x00,0x3c,0x66,0xd7,0x01,0x3c,0x66,0xd7,0x00,
    0x3c,0x66,0xd7,0x00,0x3c,0x66,0xd7,0x00,0x3c,0x66,0xd7,0x00,0x3c,0x66,0xd7,0x00,0x3c,0x66,0xd7,0x00,
    0x3c,0x66,0xd7,0x00,0x3c,0x66,0xd7,0x00,0x3c,0x66,0xd7,0x00,0x3c,0x66,0xd7,0x00,0x3c,0x66,0xd7,0x00,
    0x3c,0x66,0xd7,0x00,0x3c,0x66,0xd7,0x00,0x3c,0x66,0xd7,0x00,0x3c,0x66,0xd7,0x00,0x3c,0x66,0xd7,0x00,
    0x3c,0x66,0xd7,0x00,0x3c,0x66,0xd7,0x00,0x3c,0x66,0xd7,0x00,0x3c,0x66,0xd7,0x00,0x3c,0x66,0xd7,0x00,
    0x3c,0x66,0xd7,0x00,0x3c,0x66,0xd7,0x00,0x3c,0x66,0xd7,0x00,0x3c,0x66,0xd7,0x00,0x3c,0x66,0xd7,0x00,
    0x3c,0x66,0xd7,0x00,0x3c,0x66,0xd7,0x00,0x3c,0x66,0xd7,0x00,0x3c,0x66,0xd7,0x00,0x3c,0x66,0xd7,0x00,
    0x3c,0x66,0xd7,0x00,0x3c,0x66,0xd7,0x00,0x3c,0x66,0xd7,0x00,0x3c,0x66,0xd7,0x00,0x3c,0x66,0xd7,0x00,
    0x3c,0x66,0xd7,0x00,0x3c,0x66,0xd7,0x04,0x3c,0x66,0xd7,0x00,0x3c,0x66,0xd7,0x93,0x3c,0x66,0xd7,0xff,
    0x3c,0x66,0xd7,0xfb,0x3c,0x66,0xd7,0xff,0x3c,0x66,0xd7,0xff,0x3c,0x66,0xd7,0xff,0x3c,0x66,0xd7,0xff,
    0x3c,0x66,0xd7,0xff,0x3c,0x66,0xd7,0xff,0x3c,0x66,0xd7,0xff,0x3c,0x66,0xd7,0xff,0x3c,0x66,0xd7,0xff,
    0x3c,0x66,0xd7,0xff,0x3c,0x66,0xd7,0xff,0x3c,0x66,0xd7,0xff,0x3c,0x66,0xd7,0xff,0x3c,0x66,0xd7,0xff,
    0x3c,0x66,0xd7,0xff,0x3c,0x66,0xd7,0xff,0x3c,0x66,0xd7,0xff,0x3c,0x66,0xd7,0xff,0x3c,0x66,0xd7,0xfd,
    0x3c,0x66,0xd7,0xff,0x3c,0x66,0xd7,0xcf,0x3c,0x66,0xd7,0x02,0x3c,0x66,0xd7,0x11,0x3c,0x66,0xd7,0xec,
    0x3c,0x66,0xd7,0xff,0x3c,0x66,0xd7,0xbd,0x3c,0x66,0xd7,0x00,0x3c,0x66,0xd7,0x02,0x3c,0x66,0xd7,0x00,
    0x3c,0x66,0xd7,0x00,0x3c,0x66,0xd7,0x00,0x3c,0x66,0xd7,0x00,0x3c,0x66,0xd7,0x00,0x3c,0x66,0xd7,0x00,
    0x3c,0x66,0xd7,0x00,0x3c,0x66,0xd7,0x00,0x3c,0x66,0xd7,0x00,0x3c,0x66,0xd7,0x00,0x3c,0x66,0xd7,0x00,
    0x3c,0x66,0xd7,0x00,0x3c,0x66,0xd7,0x00,0x3c,0x66,0xd7,0x00,0x3c,0x66,0xd7,0x00,0x3c,0x66,0xd7,0x00,
    0x3c,0x66,0xd7,0x00,0x3c,0x66,0xd7,0x00,0x3c,0x66,0xd7,0x00,0x3c,0x66,0xd7,0x00,0x3c,0x66,0xd7,0x00,
    0x3c,0x66,0xd7,0x00,0x3c,0x66,0xd7,0x04,0x3c,0x66,0xd7,0x00,0x3c,0x66,0xd7,0x5f,0x3c,0x66,0xd7,0xff,
    0x3c,0x66,0xd7,0xfc,0x3c,0x66,0xd7,0xff,0x3c,0x66,0xd7,0xff,0x3c,0x66,0xd7,0xff,0x3c,0x66,0xd7,0xff,
    0x3c,0x66,0xd7,0xff,0x3c,0x66,0xd7,0xff,0x3c,0x66,0xd7,0xff,0x3c,0x66,0xd7,0xff,0x3c,0x66,0xd7,0xff,
    0x3c,0x66,0xd7,0xff,0x3c,0x66,0xd7,0xff,0x3c,0x66,0xd7,0xff,0x3c,0x66,0xd7,0xff,0x3c,0x66,0xd7,0xff,
    0x3c,0x66,0xd7,0xff,0x3c,0x66,0xd7,0xff,0x3c,0x66,0xd7,0xfb,0x3c,0x66,0xd7,0xff,0x3c,0x66,0xd7,0x9e,
    0x3c,0x66,0xd7,0x00,0x3c,0x66,0xd7,0x03,0x3c,0x66,0xd7,0x00,0x3c,0x66,0xd7,0x00,0x3c,0x66,0xd7,0x00,
    0x3c,0x66,0xd7,0x00,0x3c,0x66,0xd7,0x00,0x3c,0x66,0xd7,0x00,0x3c,0x66,0xd7,0x00,0x3c,0x66,0xd7,0x00,
    0x3c,0x66,0xd7,0x00,0x3c,0x66,0xd7,0x00,0x3c,0x66,0xd7,0x00,0x3c,0x66,0xd7,0x00,0x3c,0x66,0xd7,0x00,
    0x3c,0x66,0xd7,0x00,0x3c,0x66,0xd7,0x00,0x3c,0x66,0xd7,0x00,0x3c,0x66,0xd7,0x00,0x3c,0x66,0xd7,0x00,
    0x3c,0x66,0xd7,0x00,0x3c,0x66,0xd7,0x00,0x3c,0x66,0xd7,0x00,0x3c,0x66,0xd7,0x00,0x3c,0x66,0xd7,0x00,
    0x3c,0x66,0xd7,0x00,0x3c,0x66,0xd7,0x00,0x3c,0x66,0xd7,0x00,0x3c,0x66,0xd7,0x04,0x3c,0x66,0xd7,0x00,
    0x3c,0x66,0xd7,0x6c,0x3c,0x66,0xd7,0xff,0x3c,0x66,0xd7,0xfb,0x3c,0x66,0xd7,0xff,0x3c,0x66,0xd7,0xff,
    0x3c,0x66,0xd7,0xff,0x3c,0x66,0xd7,0xff,0x3c,0x66,0xd7,0xff,0x3c,0x66,0xd7,0xff,0x3c,0x66,0xd7,0xff,
    0x3c,0x66,0xd7,0xff,0x3c,0x66,0xd7,0xff,0x3c,0x66,0xd7,0xff,0x3c,0x66,0xd7,0xff,0x3c,0x66,0xd7,0xff,
    0x3c,0x66,0xd7,0xff,0x3c,0x66,0xd7,0xff,0x3c,0x66,0xd7,0xfc,0x3c,0x66,0xd7,0xff,0x3c,0x66,0xd7,0xaa,
    0x3c,0x66,0xd7,0x00,0x3c,0x66,0xd7,0x03,0x3c,0x66,0xd7,0x00,0x3c,0x66,0xd7,0x00,0x3c,0x66,0xd7,0x00,
    0x3c,0x66,0xd7,0x00,0x3c,0x66,0xd7,0x00,0x3c,0x66,0xd7,0x00,0x3c,0x66,0xd7,0x00,0x3c,0x66,0xd7,0x00,
    0x3c,0x66,0xd7,0x00,0x3c,0x66,0xd7,0x00,0x3c,0x66,0xd7,0x00,0x3c,0x66,0xd7,0x00,0x3c,0x66,0xd7,0x00,
    0x3c,0x66,0xd7,0x00,0x3c,0x66,0xd7,0x00,0x3c,0x66,0xd7,0x00,0x3c,0x66,0xd7,0x00,0x3c,0x66,0xd7,0x00,
    0x3c,0x66,0xd7,0x00,0x3c,0x66,0xd7,0x00,0x3c,0x66,0xd7,0x00,0x3c,0x66,0xd7,0x00,0x3c,0x66,0xd7,0x00,
    0x3c,0x66,0xd7,0x00,0x3c,0x66,0xd7,0x00,0x3c,0x66,0xd7,0x00,0x3c,0x66,0xd7,0x03,0x3c,0x66,0xd7,0x00,
    0x3c,0x66,0xd7,0x4a,0x3c,0x66,0xd7,0xff,0x3c,0x66,0xd7,0xfd,0x3c,0x66,0xd7,0xff,0x3c,0x66,0xd7,0xff,
    0x3c,0x66,0xd7,0xff,0x3c,0x66,0xd7,0xff,0x3c,0x66,0xd7,0xff,0x3c,0x66,0xd7,0xff,0x3c,0x66,0xd7,0xff,
    0x3c,0x66,0xd7,0xff,0x3c,0x66,0xd7,0xff,0x3c,0x66,0xd7,0xff,0x3c,0x66,0xd7,0xff,0x3c,0x66,0xd7,0xff,
    0x3c,0x66,0xd7,0xff,0x3c,0x66,0xd7,0xff,0x3c,0x66,0xd7,0xff,0x3c,0x66,0xd7,0xff,0x3c,0x66,0xd7,0xff,
    0x3c,0x66,0xd7,0xff,0x3c,0x66,0xd7,0xfd,0x3c,0x66,0xd7,0xff,0x3c,0x66,0xd7,0x41,0x3c,0x66,0xd7,0x00,
    0x3c,0x66,0xd7,0x03,0x3c,0x66,0xd7,0x00,0x3c,0x66,0xd7,0x00,0x3c,0x66,0xd7,0x00,0x3c,0x66,0xd7,0x00,
    0x3c,0x66,0xd7,0x00,0x3c,0x66,0xd7,0x00,0x3c,0x66,0xd7,0x00,0x3c,0x66,0xd7,0x00,0x3c,0x66,0xd7,0x00,
    0x3c,0x66,0xd7,0x00,0x3c,0x66,0xd7,0x00,0x3c,0x66,0xd7,0x00,0x3c,0x66,0xd7,0x00,0x3c,0x66,0xd7,0x00,
    0x3c,0x66,0xd7,0x00,0x3c,0x66,0xd7,0x00,0x3c,0x66,0xd7,0x00,0x3c,0x66,0xd7,0x00,0x3c,0x66,0xd7,0x00,
    0x3c,0x66,0xd7,0x00,0x3c,0x66,0xd7,0x00,0x3c,0x66,0xd7,0x00,0x3c,0x66,0xd7,0x00,0x3c,0x66,0xd7,0x00,
    0x3c,0x66,0xd7,0x03,0x3c,0x66,0xd7,0x00,0x3c,0x66,0xd7,0x3a,0x3c,0x66,0xd7,0xfd,0x3c,0x66,0xd7,0xfd,
    0x3c,0x66,0xd7,0xff,0x3c,0x66,0xd7,0xff,0x3c,0x66,0xd7,0xff,0x3c,0x66,0xd7,0xff,0x3c,0x66,0xd7,0xff,
    0x3c,0x66,0xd7,0xff,0x3c,0x66,0xd7,0xff,0x3c,0x66,0xd7,0xff,0x3c,0x66,0xd7,0xfb,0x3c,0x66,0xd7,0xff,
    0x3c,0x66,0xd7,0x77,0x3c,0x66,0xd7,0x00,0x3c,0x66,0xd7,0x04,0x3c,0x66,0xd7,0x00,0x3c,0x66,0xd7,0x00,
    0x3c,0x66,0xd7,0x00,0x3c,0x66,0xd7,0x00,0x3c,0x66,0xd7,0x00,0x3c,0x66,0xd7,0x00,0x3c,0x66,0xd7,0x00,
    0x3c,0x66,0xd7,0x00,0x3c,0x66,0xd7,0x00,0x3c,0x66,0xd7,0x00,0x3c,0x66,0xd7,0x00,0x3c,0x66,0xd7,0x00,
    0x3c,0x66,0xd7,0x00,0x3c,0x66,0xd7,0x00,0x3c,0x66,0xd7,0x00,0x3c,0x66,0xd7,0x00,0x3c,0x66,0xd7,0x00,
    0x3c,0x66,0xd7,0x00,0x3c,0x66,0xd7,0x01,0x3c,0x66,0xd7,0x00,0x3c,0x66,0xd7,0x0a,0x3c,0x66,0xd7,0xe3,
    0x3c,0x66,0xd7,0xff,0x3c,0x66,0xd7,0xfd,0x3c,0x66,0xd7,0xff,0x3c,0x66,0xd7,0xff,0x3c,0x66,0xd7,0xff,
    0x3c,0x66,0xd7,0xff,0x3c,0x66,0xd7,0xff,0x3c,0x66,0xd7,0xff,0x3c,0x66,0xd7,0xff,0x3c,0x66,0xd7,0xfe,
    0x3c,0x66,0xd7,0xfd,0x3c,0x66,0xd7,0x32,0x3c,0x66,0xd7,0x00,0x3c,0x66,0xd7,0x02,0x3c,0x66,0xd7,0x00,
    0x3c,0x66,0xd7,0x00,0x3c,0x66,0xd7,0x00,0x3c,0x66,0xd7,0x00,0x3c,0x66,0xd7,0x00,0x3c,0x66,0xd7,0x00,
    0x3c,0x66,0xd7,0x00,0x3c,0x66,0xd7,0x00,0x3c,0x66,0xd7,0x00,0x3c,0x66,0xd7,0x00,0x3c,0x66,0xd7,0x00,
    0x3c,0x66,0xd7,0x00,0x3c,0x66,0xd7,0x00,0x3c,0x66,0xd7,0x00,0x3c,0x66,0xd7,0x00,0x3c,0x66,0xd7,0x00,
    0x3c,0x66,0xd7,0x00,0x3c,0x66,0xd7,0x00,0x3c,0x66,0xd7,0x00,0x3c,0x66,0xd7,0x00,0x3c,0x66,0xd7,0x00,
    0x3c,0x66,0xd7,0x00,0x3c,0x66,0xd7,0x00,0x3c,0x66,0xd7,0x00,0x3c,0x66,0xd7,0x00,0x3c,0x66,0xd7,0x00,
    0x3c,0x66,0xd7,0x00,0x3c,0x66,0xd7,0x00,0x3c,0x66,0xd7,0x00,0x3c,0x66,0xd7,0x00,0x3c,0x66,0xd7,0x00,
    0x3c,0x66,0xd7,0x00,0x3c,0x66,0xd7,0x00,0x3c,0x66,0xd7,0x00,0x3c,0x66,0xd7,0x00,0x3c,0x66,0xd7,0x00,
    0x3c,0x66,0xd7,0x00,0x3c,0x66,0xd7,0x02,0x3c,0x66,0xd7,0x02,0x3c,0x66,0xd7,0xc3,0x3c,0x66,0xd7,0xff,
    0x3c,0x66,0xd7,0xfc,0x3c,0x66,0xd7,0xff,0x3c,0x66,0xd7,0xff,0x3c,0x66,0xd7,0xff,0x3c,0x66,0xd7,0xff,
    0x3c,0x66,0xd7,0xff,0x3c,0x66,0xd7,0xff,0x3c,0x66,0xd7,0xff,0x3c,0x66,0xd7,0xff,0x3c,0x66,0xd7,0xff,
    0x3c,0x66,0xd7,0xff,0x3c,0x66,0xd7,0xff,0x3c,0x66,0xd7,0xff,0x3c,0x66,0xd7,0xff,0x3c,0x66,0xd7,0xff,
    0x3c,0x66,0xd7,0xff,0x3c,0x66,0xd7,0xff,0x3c,0x66,0xd7,0xff,0x3c,0x66,0xd7,0xff,0x3c,0x66,0xd7,0xfe,
    0x3c,0x66,0xd7,0xff,0x3c,0x66,0xd7,0xf2,0x3c,0x66,0xd7,0x10,0x3c,0x66,0xd7,0x0b,0x3c,0x66,0xd7,0xed,
    0x3c,0x66,0xd7,0xff,0x3c,0x66,0xd7,0xbd,0x3c,0x66,0xd7,0x00,0x3c,0x66,0xd7,0x02,0x3c,0x66,0xd7,0x00,
    0x3c,0x66,0xd7,0x00,0x3c,0x66,0xd7,0x00,0x3c,0x66,0xd7,0x00,0x3c,0x66,0xd7,0x00,0x3c,0x66,0xd7,0x00,
    0x3c,0x66,0xd7,0x00,0x3c,0x66,0xd7,0x00,0x3c,0x66,0xd7,0x00,0x3c,0x66,0xd7,0x00,0x3c,0x66,0xd7,0x00,
    0x3c,0x66,0xd7,0x00,0x3c,0x66,0xd7,0x00,0x3c,0x66,0xd7,0x00,0x3c,0x66,0xd7,0x00,0x3c,0x66,0xd7,0x00,
    0x3c,0x66,0xd7,0x00,0x3c,0x66,0xd7,0x00,0x3c,0x66,0xd7,0x00,0x3c,0x66,0xd7,0x00,0x3c,0x66,0xd7,0x00,
    0x3c,0x66,0xd7,0x00,0x3c,0x66,0xd7,0x04,0x3c,0x66,0xd7,0x00,0x3c,0x66,0xd7,0x89,0x3c,0x66,0xd7,0xff,
    0x3c,0x66,0xd7,0xfb,0x3c,0x66,0xd7,0xff,0x3c,0x66,0xd7,0xff,0x3c,0x66,0xd7,0xff,0x3c,0x66,0xd7,0xff,
    0x3c,0x66,0xd7,0xff,0x3c,0x66,0xd7,0xff,0x3c,0x66,0xd7,0xff,0x3c,0x66,0xd7,0xff,0x3c,0x66,0xd7,0xff,
    0x3c,0x66,0xd7,0xff,0x3c,0x66,0xd7,0xff,0x3c,0x66,0xd7,0xff,0x3c,0x66,0xd7,0xff,0x3c,0x66,0xd7,0xff,
    0x3c,0x66,0xd7,0xff,0x3c,0x66,0xd7,0xff,0x3c,0x66,0xd7,0xfc,0x3c,0x66,0xd7,0xff,0x3c,0x66,0xd7,0xc6,
    0x3c,0x66,0xd7,0x02,0x3c,0x66,0xd7,0x02,0x3c,0x66,0xd7,0x00,0x3c,0x66,0xd7,0x00,0x3c,0x66,0xd7,0x00,
    0x3c,0x66,0xd7,0x00,0x3c,0x66,0xd7,0x00,0x3c,0x66,0xd7,0x00,0x3c,0x66,0xd7,0x00,0x3c,0x66,0xd7,0x00,
    0x3c,0x66,0xd7,0x00,0x3c,0x66,0xd7,0x00,0x3c,0x66,0xd7,0x00,0x3c,0x66,0xd7,0x00,0x3c,0x66,0xd7,0x00,
    0x3c,0x66,0xd7,0x00,0x3c,0x66,0xd7,0x00,0x3c,0x66,0xd7,0x00,0x3c,0x66,0xd7,0x00,0x3c,0x66,0xd7,0x00,
    0x3c,0x66,0xd7,0x00,0x3c,0x66,0xd7,0x00,0x3c,0x66,0xd7,0x00,0x3c,0x66,0xd7,0x00,0x3c,0x66,0xd7,0x00,
    0x3c,0x66,0xd7,0x00,0x3c,0x66,0xd7,0x00,0x3c,0x66,0xd7,0x00,0x3c,0x66,0xd7,0x04,0x3c,0x66,0xd7,0x00,
    0x3c,0x66,0xd7,0x94,0x3c,0x66,0xd7,0xff,0x3c,0x66,0xd7,0xfb,0x3c,0x66,0xd7,0xff,0x3c,0x66,0xd7,0xff,
    0x3c,0x66,0xd7,0xff,0x3c,0x66,0xd7,0xff,0x3c,0x66,0xd7,0xff,0x3c,0x66,0xd7,0xff,0x3c,0x66,0xd7,0xff,
    0x3c,0x66,0xd7,0xff,0x3c,0x66,0xd7,0xff,0x3c,0x66,0xd7,0xff,0x3c,0x66,0xd7,0xff,0x3c,0x66,0xd7,0xff,
    0x3c,0x66,0xd7,0xff,0x3c,0x66,0xd7,0xff,0x3c,0x66,0xd7,0xfd,0x3c,0x66,0xd7,0xff,0x3c,0x66,0xd7,0xce,
    0x3c,0x66,0xd7,0x05,0x3c,0x66,0xd7,0x01,0x3c,0x66,0xd7,0x00,0x3c,0x66,0xd7,0x00,0x3c,0x66,0xd7,0x00,
    0x3c,0x66,0xd7,0x00,0x3c,0x66,0xd7,0x00,0x3c,0x66,0xd7,0x00,0x3c,0x66,0xd7,0x00,0x3c,0x66,0xd7,0x00,
    0x3c,0x66,0xd7,0x00,0x3c,0x66,0xd7,0x00,0x3c,0x66,0xd7,0x00,0x3c,0x66,0xd7,0x00,0x3c,0x66,0xd7,0x00,
    0x3c,0x66,0xd7,0x00,0x3c,0x66,0xd7,0x00,0x3c,0x66,0xd7,0x00,0x3c,0x66,0xd7,0x00,0x3c,0x66,0xd7,0x00,
    0x3c,0x66,0xd7,0x00,0x3c,0x66,0xd7,0x00,0x3c,0x66,0xd7,0x00,0x3c,0x66,0xd7,0x00,0x3c,0x66,0xd7,0x00,
    0x3c,0x66,0xd7,0x00,0x3c,0x66,0xd7,0x00,0x3c,0x66,0xd7,0x00,0x3c,0x66,0xd7,0x04,0x3c,0x66,0xd7,0x00,
    0x3c,0x66,0xd7,0x77,0x3c,0x66,0xd7,0xff,0x3c,0x66,0xd7,0xfb,0x3c,0x66,0xd7,0xff,0x3c,0x66,0xd7,0xff,
    0x3c,0x66,0xd7,0xff,0x3c,0x66,0xd7,0xff,0x3c,0x66,0xd7,0xff,0x3c,0x66,0xd7,0xff,0x3c,0x66,0xd7,0xff,
    0x3c,0x66,0xd7,0xff,0x3c,0x66,0xd7,0xff,0x3c,0x66,0xd7,0xff,0x3c,0x66,0xd7,0xff,0x3c,0x66,0xd7,0xff,
    0x3c,0x66,0xd7,0xff,0x3c,0x66,0xd7,0xff,0x3c,0x66,0xd7,0xff,0x3c,0x66,0xd7,0xff,0x3c,0x66,0xd7,0xff,
    0x3c,0x66,0xd7,0xff,0x3c,0x66,0xd7,0xfd,0x3c,0x66,0xd7,0xff,0x3c,0x66,0xd7,0x41,0x3c,0x66,0xd7,0x00,
    0x3c,0x66,0xd7,0x03,0x3c,0x66,0xd7,0x00,0x3c,0x66,0xd7,0x00,0x3c,0x66,0xd7,0x00,0x3c,0x66,0xd7,0x00,
    0x3c,0x66,0xd7,0x00,0x3c,0x66,0xd7,0x00,0x3c,0x66,0xd7,0x00,0x3c,0x66,0xd7,0x00,0x3c,0x66,0xd7,0x00,
    0x3c,0x66,0xd7,0x00,0x3c,0x66,0xd7,0x00,0x3c,0x66,0xd7,0x00,0x3c,0x66,0xd7,0x00,0x3c,0x66,0xd7,0x00,
    0x3c,0x66,0xd7,0x00,0x3c,0x66,0xd7,0x00,0x3c,0x66,0xd7,0x00,0x3c,0x66,0xd7,0x00,0x3c,0x66,0xd7,0x00,
    0x3c,0x66,0xd7,0x00,0x3c,0x66,0xd7,0x00,0x3c,0x66,0xd7,0x00,0x3c,0x66,0xd7,0x00,0x3c,0x66,0xd7,0x00,
    0x3c,0x66,0xd7,0x04,0x3c,0x66,0xd7,0x00,0x3c,0x66,0xd7,0x5e,0x3c,0x66,0xd7,0xff,0x3c,0x66,0xd7,0xfc,
    0x3c,0x66,0xd7,0xff,0x3c,0x66,0xd7,0xff,0x3c,0x66,0xd7,0xff,0x3c,0x66,0xd7,0xff,0x3c,0x66,0xd7,0xff,
    0x3c,0x66,0xd7,0xff,0x3c,0x66,0xd7,0xff,0x3c,0x66,0xd7,0xff,0x3c,0x66,0xd7,0xfb,0x3c,0x66,0xd7,0xff,
    0x3c,0x66,0xd7,0x9d,0x3c,0x66,0xd7,0x00,0x3c,0x66,0xd7,0x03,0x3c,0x66,0xd7,0x00,0x3c,0x66,0xd7,0x00,
    0x3c,0x66,0xd7,0x00,0x3c,0x66,0xd7,0x00,0x3c,0x66,0xd7,0x00,0x3c,0x66,0xd7,0x00,0x3c,0x66,0xd7,0x00,
    0x3c,0x66,0xd7,0x00,0x3c,0x66,0xd7,0x00,0x3c,0x66,0xd7,0x00,0x3c,0x66,0xd7,0x00,0x3c,0x66,0xd7,0x00,
    0x3c,0x66,0xd7,0x00,0x3c,0x66,0xd7,0x00,0x3c,0x66,0xd7,0x00,0x3c,0x66,0xd7,0x00,0x3c,0x66,0xd7,0x00,
    0x3c,0x66,0xd7,0x00,0x3c,0x66,0xd7,0x02,0x3c,0x66,0xd7,0x00,0x3c,0x66,0xd7,0x26,0x3c,0x66,0xd7,0xf8,
    0x3c,0x66,0xd7,0xfe,0x3c,0x66,0xd7,0xff,0x3c,0x66,0xd7,0xff,0x3c,0x66,0xd7,0xff,0x3c,0x66,0xd7,0xff,
    0x3c,0x66,0xd7,0xff,0x3c,0x66,0xd7,0xff,0x3c,0x66,0xd7,0xff,0x3c,0x66,0xd7,0xff,0x3c,0x66,0xd7,0xfc,
    0x3c,0x66,0xd7,0xff,0x3c,0x66,0xd7,0x5f,0x3c,0x66,0xd7,0x00,0x3c,0x66,0xd7,0x04,0x3c,0x66,0xd7,0x00,
    0x3c,0x66,0xd7,0x00,0x3c,0x66,0xd7,0x00,0x3c,0x66,0xd7,0x00,0x3c,0x66,0xd7,0x00,0x3c,0x66,0xd7,0x00,
    0x3c,0x66,0xd7,0x00,0x3c,0x66,0xd7,0x00,0x3c,0x66,0xd7,0x00,0x3c,0x66,0xd7,0x00,0x3c,0x66,0xd7,0x00,
    0x3c,0x66,0xd7,0x00,0x3c,0x66,0xd7,0x00,0x3c,0x66,0xd7,0x00,0x3c,0x66,0xd7,0x00,0x3c,0x66,0xd7,0x00,
    0x3c,0x66,0xd7,0x00,0x3c,0x66,0xd7,0x00,0x3c,0x66,0xd7,0x00,0x3c,0x66,0xd7,0x00,0x3c,0x66,0xd7,0x00,
    0x3c,0x66,0xd7,0x00,0x3c,0x66,0xd7,0x00,0x3c,0x66,0xd7,0x00,0x3c,0x66,0xd7,0x00,0x3c,0x66,0xd7,0x00,
    0x3c,0x66,0xd7,0x00,0x3c,0x66,0xd7,0x00,0x3c,0x66,0xd7,0x00,0x3c,0x66,0xd7,0x00,0x3c,0x66,0xd7,0x00,
    0x3c,0x66,0xd7,0x00,0x3c,0x66,0xd7,0x00,0x3c,0x66,0xd7,0x00,0x3c,0x66,0xd7,0x00,0x3c,0x66,0xd7,0x00,
    0x3c,0x66,0xd7,0x01,0x3c,0x66,0xd7,0x00,0x3c,0x66,0xd7,0x0f,0x3c,0x66,0xd7,0xea,0x3c,0x66,0xd7,0xff,
    0x3c,0x66,0xd7,0xfe,0x3c,0x66,0xd7,0xff,0x3c,0x66,0xd7,0xff,0x3c,0x66,0xd7,0xff,0x3c,0x66,0xd7,0xff,
    0x3c,0x66,0xd7,0xff,0x3c,0x66,0xd7,0xff,0x3c,0x66,0xd7,0xff,0x3c,0x66,0xd7,0xff,0x3c,0x66,0xd7,0xff,
    0x3c,0x66,0xd7,0xff,0x3c,0x66,0xd7,0xff,0x3c,0x66,0xd7,0xff,0x3c,0x66,0xd7,0xff,0x3c,0x66,0xd7,0xff,
    0x3c,0x66,0xd7,0xff,0x3c,0x66,0xd7,0xff,0x3c,0x66,0xd7,0xff,0x3c,0x66,0xd7,0xff,0x3c,0x66,0xd7,0xff,
    0x3c,0x66,0xd7,0xfd,0x3c,0x66,0xd7,0xfe,0x3c,0x66,0xd7,0x38,0x3c,0x66,0xd7,0x04,0x3c,0x66,0xd7,0xee,
    0x3c,0x66,0xd7,0xff,0x3c,0x66,0xd7,0xbd,0x3c,0x66,0xd7,0x00,0x3c,0x66,0xd7,0x02,0x3c,0x66,0xd7,0x00,
    0x3c,0x66,0xd7,0x00,0x3c,0x66,0xd7,0x00,0x3c,0x66,0xd7,0x00,0x3c,0x66,0xd7,0x00,0x3c,0x66,0xd7,0x00,
    0x3c,0x66,0xd7,0x00,0x3c,0x66,0xd7,0x00,0x3c,0x66,0xd7,0x00,0x3c,0x66,0xd7,0x00,0x3c,0x66,0xd7,0x00,
    0x3c,0x66,0xd7,0x00,0x3c,0x66,0xd7,0x00,0x3c,0x66,0xd7,0x00,0x3c,0x66,0xd7,0x00,0x3c,0x66,0xd7,0x00,
    0x3c,0x66,0xd7,0x00,0x3c,0x66,0xd7,0x00,0x3c,0x66,0xd7,0x00,0x3c,0x66,0xd7,0x00,0x3c,0x66,0xd7,0x00,
    0x3c,0x66,0xd7,0x00,0x3c,0x66,0xd7,0x02,0x3c,0x66,0xd7,0x00,0x3c,0x66,0xd7,0xb6,0x3c,0x66,0xd7,0xff,
    0x3c,0x66,0xd7,0xfc,0x3c,0x66,0xd7,0xff,0x3c,0x66,0xd7,0xff,0x3c,0x66,0xd7,0xff,0x3c,0x66,0xd7,0xff,
    0x3c,0x66,0xd7,0xff,0x3c,0x66,0xd7,0xff,0x3c,0x66,0xd7,0xff,0x3c,0x66,0xd7,0xff,0x3c,0x66,0xd7,0xff,
    0x3c,0x66,0xd7,0xff,0x3c,0x66,0xd7,0xff,0x3c,0x66,0xd7,0xff,0x3c,0x66,0xd7,0xff,0x3c,0x66,0xd7,0xff,
    0x3c,0x66,0xd7,0xff,0x3c,0x66,0xd7,0xff,0x3c,0x66,0xd7,0xfe,0x3c,0x66,0xd7,0xff,0x3c,0x66,0xd7,0xe9,
    0x3c,0x66,0xd7,0x0d,0x3c,0x66,0xd7,0x00,0x3c,0x66,0xd7,0x01,0x3c,0x66,0xd7,0x00,0x3c,0x66,0xd7,0x00,
    0x3c,0x66,0xd7,0x00,0x3c,0x66,0xd7,0x00,0x3c,0x66,0xd7,0x00,0x3c,0x66,0xd7,0x00,0x3c,0x66,0xd7,0x00,
    0x3c,0x66,0xd7,0x00,0x3c,0x66,0xd7,0x00,0x3c,0x66,0xd7,0x00,0x3c,0x66,0xd7,0x00,0x3c,0x66,0xd7,0x00,
    0x3c,0x66,0xd7,0x00,0x3c,0x66,0xd7,0x00,0x3c,0x66,0xd7,0x00,0x3c,0x66,0xd7,0x00,0x3c,0x66,0xd7,0x00,
    0x3c,0x66,0xd7,0x00,0x3c,0x66,0xd7,0x00,0x3c,0x66,0xd7,0x00,0x3c,0x66,0xd7,0x00,0x3c,0x66,0xd7,0x00,
    0x3c,0x66,0xd7,0x00,0x3c,0x66,0xd7,0x00,0x3c,0x66,0xd7,0x00,0x3c,0x66,0xd7,0x02,0x3c,0x66,0xd7,0x00,
    0x3c,0x66,0xd7,0xbc,0x3c,0x66,0xd7,0xff,0x3c,0x66,0xd7,0xfc,0x3c,0x66,0xd7,0xff,0x3c,0x66,0xd7,0xff,
    0x3c,0x66,0xd7,0xff,0x3c,0x66,0xd7,0xff,0x3c,0x66,0xd7,0xff,0x3c,0x66,0xd7,0xff,0x3c,0x66,0xd7,0xff,
    0x3c,0x66,0xd7,0xff,0x3c,0x66,0xd7,0xff,0x3c,0x66,0xd7,0xff,0x3c,0x66,0xd7,0xff,0x3c,0x66,0xd7,0xff,
    0x3c,0x66,0xd7,0xff,0x3c,0x66,0xd7,0xff,0x3c,0x66,0xd7,0xfe,0x3c,0x66,0xd7,0xff,0x3c,0x66,0xd7,0xee,
    0x3c,0x66,0xd7,0x0e,0x3c,0x66,0xd7,0x00,0x3c,0x66,0xd7,0x01,0x3c,0x66,0xd7,0x00,0x3c,0x66,0xd7,0x00,
    0x3c,0x66,0xd7,0x00,0x3c,0x66,0xd7,0x00,0x3c,0x66,0xd7,0x00,0x3c,0x66,0xd7,0x00,0x3c,0x66,0xd7,0x00,
    0x3c,0x66,0xd7,0x00,0x3c,0x66,0xd7,0x00,0x3c,0x66,0xd7,0x00,0x3c,0x66,0xd7,0x00,0x3c,0x66,0xd7,0x00,
    0x3c,0x66,0xd7,0x00,0x3c,0x66,0xd7,0x00,0x3c,0x66,0xd7,0x00,0x3c,0x66,0xd7,0x00,0x3c,0x66,0xd7,0x00,
    0x3c,0x66,0xd7,0x00,0x3c,0x66,0xd7,0x00,0x3c,0x66,0xd7,0x00,0x3c,0x66,0xd7,0x00,0x3c,0x66,0xd7,0x00,
    0x3c,0x66,0xd7,0x00,0x3c,0x66,0xd7,0x00,0x3c,0x66,0xd7,0x00,0x3c,0x66,0xd7,0x03,0x3c,0x66,0xd7,0x00,
    0x3c,0x66,0xd7,0x9f,0x3c,0x66,0xd7,0xff,0x3c,0x66,0xd7,0xfb,0x3c,0x66,0xd7,0xff,0x3c,0x66,0xd7,0xff,
    0x3c,0x66,0xd7,0xff,0x3c,0x66,0xd7,0xff,0x3c,0x66,0xd7,0xff,0x3c,0x66,0xd7,0xff,0x3c,0x66,0xd7,0xff,
    0x3c,0x66,0xd7,0xff,0x3c,0x66,0xd7,0xff,0x3c,0x66,0xd7,0xff,0x3c,0x66,0xd7,0xff,0x3c,0x66,0xd7,0xff,
    0x3c,0x66,0xd7,0xff,0x3c,0x66,0xd7,0xff,0x3c,0x66,0xd7,0xff,0x3c,0x66,0xd7,0xff,0x3c,0x66,0xd7,0xff,
    0x3c,0x66,0xd7,0xff,0x3c,0x66,0xd7,0xfd,0x3c,0x66,0xd7,0xff,0x3c,0x66,0xd7,0x41,0x3c,0x66,0xd7,0x00,
    0x3c,0x66,0xd7,0x03,0x3c,0x66,0xd7,0x00,0x3c,0x66,0xd7,0x00,0x3c,0x66,0xd7,0x00,0x3c,0x66,0xd7,0x00,
    0x3c,0x66,0xd7,0x00,0x3c,0x66,0xd7,0x00,0x3c,0x66,0xd7,0x00,0x3c,0x66,0xd7,0x00,0x3c,0x66,0xd7,0x00,
    0x3c,0x66,0xd7,0x00,0x3c,0x66,0xd7,0x00,0x3c,0x66,0xd7,0x00,0x3c,0x66,0xd7,0x00,0x3c,0x66,0xd7,0x00,
    0x3c,0x66,0xd7,0x00,0x3c,0x66,0xd7,0x00,0x3c,0x66,0xd7,0x00,0x3c,0x66,0xd7,0x00,0x3c,0x66,0xd7,0x00,
    0x3c,0x66,0xd7,0x00,0x3c,0x66,0xd7,0x00,0x3c,0x66,0xd7,0x00,0x3c,0x66,0xd7,0x00,0x3c,0x66,0xd7,0x00,
    0x3c,0x66,0xd7,0x04,0x3c,0x66,0xd7,0x00,0x3c,0x66,0xd7,0x95,0x3c,0x66,0xd7,0xff,0x3c,0x66,0xd7,0xfb,
    0x3c,0x66,0xd7,0xff,0x3c,0x66,0xd7,0xff,0x3c,0x66,0xd7,0xff,0x3c,0x66,0xd7,0xff,0x3c,0x66,0xd7,0xff,
    0x3c,0x66,0xd7,0xff,0x3c,0x66,0xd7,0xff,0x3c,0x66,0xd7,0xff,0x3c,0x66,0xd7,0xfd,0x3c,0x66,0xd7,0xff,
    0x3c,0x66,0xd7,0xcf,0x3c,0x66,0xd7,0x05,0x3c,0x66,0xd7,0x01,0x3c,0x66,0xd7,0x00,0x3c,0x66,0xd7,0x00,
    0x3c,0x66,0xd7,0x00,0x3c,0x66,0xd7,0x00,0x3c,0x66,0xd7,0x00,0x3c,0x66,0xd7,0x00,0x3c,0x66,0xd7,0x00,
    0x3c,0x66,0xd7,0x00,0x3c,0x66,0xd7,0x00,0x3c,0x66,0xd7,0x00,0x3c,0x66,0xd7,0x00,0x3c,0x66,0xd7,0x00,
    0x3c,0x66,0xd7,0x00,0x3c,0x66,0xd7,0x00,0x3c,0x66,0xd7,0x00,0x3c,0x66,0xd7,0x00,0x3c,0x66,0xd7,0x00,
    0x3c,0x66,0xd7,0x00,0x3c,0x66,0xd7,0x04,0x3c,0x66,0xd7,0x00,0x3c,0x66,0xd7,0x61,0x3c,0x66,0xd7,0xff,
    0x3c,0x66,0xd7,0xfc,0x3c,0x66,0xd7,0xff,0x3c,0x66,0xd7,0xff,0x3c,0x66,0xd7,0xff,0x3c,0x66,0xd7,0xff,
    0x3c,0x66,0xd7,0xff,0x3c,0x66,0xd7,0xff,0x3c,0x66,0xd7,0xff,0x3c,0x66,0xd7,0xff,0x3c,0x66,0xd7,0xfb,
    0x3c,0x66,0xd7,0xff,0x3c,0x66,0xd7,0xa1,0x3c,0x66,0xd7,0x00,0x3c,0x66,0xd7,0x03,0x3c,0x66,0xd7,0x00,
    0x3c,0x66,0xd7,0x00,0x3c,0x66,0xd7,0x00,0x3c,0x66,0xd7,0x00,0x3c,0x66,0xd7,0x00,0x3c,0x66,0xd7,0x00,
    0x3c,0x66,0xd7,0x00,0x3c,0x66,0xd7,0x00,0x3c,0x66,0xd7,0x00,0x3c,0x66,0xd7,0x00,0x3c,0x66,0xd7,0x00,
    0x3c,0x66,0xd7,0x00,0x3c,0x66,0xd7,0x00,0x3c,0x66,0xd7,0x00,0x3c,0x66,0xd7,0x00,0x3c,0x66,0xd7,0x00,
    0x3c,0x66,0xd7,0x00,0x3c,0x66,0xd7,0x00,0x3c,0x66,0xd7,0x00,0x3c,0x66,0xd7,0x00,0x3c,0x66,0xd7,0x00,
    0x3c,0x66,0xd7,0x00,0x3c,0x66,0xd7,0x00,0x3c,0x66,0xd7,0x00,0x3c,0x66,0xd7,0x00,0x3c,0x66,0xd7,0x00,
    0x3c,0x66,0xd7,0x00,0x3c,0x66,0xd7,0x00,0x3c,0x66,0xd7,0x00,0x3c,0x66,0xd7,0x00,0x3c,0x66,0xd7,0x00,
    0x3c,0x66,0xd7,0x00,0x3c,0x66,0xd7,0x00,0x3c,0x66,0xd7,0x00,0x3c,0x66,0xd7,0x00,0x3c,0x66,0xd7,0x00,
    0x3c,0x66,0xd7,0x02,0x3c,0x66,0xd7,0x00,0x3c,0x66,0xd7,0x31,0x3c,0x66,0xd7,0xfb,0x3c,0x66,0xd7,0xfe,
    0x3c,0x66,0xd7,0xff,0x3c,0x66,0xd7,0xff,0x3c,0x66,0xd7,0xff,0x3c,0x66,0xd7,0xff,0x3c,0x66,0xd7,0xff,
    0x3c,0x66,0xd7,0xff,0x3c,0x66,0xd7,0xff,0x3c,0x66,0xd7,0xff,0x3c,0x66,0xd7,0xff,0x3c,0x66,0xd7,0xff,
    0x3c,0x66,0xd7,0xff,0x3c,0x66,0xd7,0xff,0x3c,0x66,0xd7,0xff,0x3c,0x66,0xd7,0xff,0x3c,0x66,0xd7,0xff,
    0x3c,0x66,0xd7,0xff,0x3c,0x66,0xd7,0xff,0x3c,0x66,0xd7,0xff,0x3c,0x66,0xd7,0xff,0x3c,0x66,0xd7,0xff,
    0x3c,0x66,0xd7,0xfb,0x3c,0x66,0xd7,0xff,0x3c,0x66,0xd7,0x68,0x3c,0x66,0xd7,0x01,0x3c,0x66,0xd7,0xf0,
    0x3c,0x66,0xd7,0xff,0x3c,0x66,0xd7,0xbd,0x3c,0x66,0xd7,0x00,0x3c,0x66,0xd7,0x02,0x3c,0x66,0xd7,0x00,
    0x3c,0x66,0xd7,0x00,0x3c,0x66,0xd7,0x00,0x3c,0x66,0xd7,0x00,0x3c,0x66,0xd7,0x00,0x3c,0x66,0xd7,0x00,
    0x3c,0x66,0xd7,0x00,0x3c,0x66,0xd7,0x00,0x3c,0x66,0xd7,0x00,0x3c,0x66,0xd7,0x00,0x3c,0x66,0xd7,0x00,
    0x3c,0x66,0xd7,0x00,0x3c,0x66,0xd7,0x00,0x3c,0x66,0xd7,0x00,0x3c,0x66,0xd7,0x00,0x3c,0x66,0xd7,0x00,
    0x3c,0x66,0xd7,0x00,0x3c,0x66,0xd7,0x00,0x3c,0x66,0xd7,0x00,0x3c,0x66,0xd7,0x00,0x3c,0x66,0xd7,0x00,
    0x3c,0x66,0xd7,0x00,0x3c,0x66,0xd7,0x01,0x3c,0x66,0xd7,0x05,0x3c,0x66,0xd7,0xcc,0x3c,0x66,0xd7,0xff,
    0x3c,0x66,0xd7,0xfd,0x3c,0x66,0xd7,0xff,0x3c,0x66,0xd7,0xff,0x3c,0x66,0xd7,0xff,0x3c,0x66,0xd7,0xff,
    0x3c,0x66,0xd7,0xff,0x3c,0x66,0xd7,0xff,0x3c,0x66,0xd7,0xff,0x3c,0x66,0xd7,0xff,0x3c,0x66,0xd7,0xff,
    0x3c,0x66,0xd7,0xff,0x3c,0x66,0xd7,0xff,0x3c,0x66,0xd7,0xff,0x3c,0x66,0xd7,0xff,0x3c,0x66,0xd7,0xff,
    0x3c,0x66,0xd7,0xff,0x3c,0x66,0xd7,0xff,0x3c,0x66,0xd7,0xfe,0x3c,0x66,0xd7,0xfe,0x3c,0x66,0xd7,0xf3,
    0x3c,0x66,0xd7,0x1e,0x3c,0x66,0xd7,0x00,0x3c,0x66,0xd7,0x02,0x3c,0x66,0xd7,0x00,0x3c,0x66,0xd7,0x00,
    0x3c,0x66,0xd7,0x00,0x3c,0x66,0xd7,0x00,0x3c,0x66,0xd7,0x00,0x3c,0x66,0xd7,0x00,0x3c,0x66,0xd7,0x00,
    0x3c,0x66,0xd7,0x00,0x3c,0x66,0xd7,0x00,0x3c,0x66,0xd7,0x00,0x3c,0x66,0xd7,0x00,0x3c,0x66,0xd7,0x00,
    0x3c,0x66,0xd7,0x00,0x3c,0x66,0xd7,0x00,0x3c,0x66,0xd7,0x00,0x3c,0x66,0xd7,0x00,0x3c,0x66,0xd7,0x00,
    0x3c,0x66,0xd7,0x00,0x3c,0x66,0xd7,0x00,0x3c,0x66,0xd7,0x00,0x3c,0x66,0xd7,0x00,0x3c,0x66,0xd7,0x00,
    0x3c,0x66,0xd7,0x00,0x3c,0x66,0xd7,0x00,0x3c,0x66,0xd7,0x01,0x3c,0x66,0xd7,0x01,0x3c,0x66,0xd7,0x09,
    0x3c,0x66,0xd7,0xd6,0x3c,0x66,0xd7,0xff,0x3c,0x66,0xd7,0xfd,0x3c,0x66,0xd7,0xff,0x3c,0x66,0xd7,0xff,
    0x3c,0x66,0xd7,0xff,0x3c,0x66,0xd7,0xff,0x3c,0x66,0xd7,0xff,0x3c,0x66,0xd7,0xff,0x3c,0x66,0xd7,0xff,
    0x3c,0x66,0xd7,0xff,0x3c,0x66,0xd7,0xff,0x3c,0x66,0xd7,0xff,0x3c,0x66,0xd7,0xff,0x3c,0x66,0xd7,0xff,
    0x3c,0x66,0xd7,0xff,0x3c,0x66,0xd7,0xff,0x3c,0x66,0xd7,0xfe,0x3c,0x66,0xd7,0xfe,0x3c,0x66,0xd7,0xf6,
    0x3c,0x66,0xd7,0x29,0x3c,0x66,0xd7,0x00,0x3c,0x66,0xd7,0x02,0x3c,0x66,0xd7,0x00,0x3c,0x66,0xd7,0x00,
    0x3c,0x66,0xd7,0x00,0x3c,0x66,0xd7,0x00,0x3c,0x66,0xd7,0x00,0x3c,0x66,0xd7,0x00,0x3c,0x66,0xd7,0x00,
    0x3c,0x66,0xd7,0x00,0x3c,0x66,0xd7,0x00,0x3c,0x66,0xd7,0x00,0x3c,0x66,0xd7,0x00,0x3c,0x66,0xd7,0x00,
    0x3c,0x66,0xd7,0x00,0x3c,0x66,0xd7,0x00,0x3c,0x66,0xd7,0x00,0x3c,0x66,0xd7,0x00,0x3c,0x66,0xd7,0x00,
    0x3c,0x66,0xd7,0x00,0x3c,0x66,0xd7,0x00,0x3c,0x66,0xd7,0x00,0x3c,0x66,0xd7,0x00,0x3c,0x66,0xd7,0x00,
    0x3c,0x66,0xd7,0x00,0x3c,0x66,0xd7,0x00,0x3c,0x66,0xd7,0x00,0x3c,0x66,0xd7,0x02,0x3c,0x66,0xd7,0x02,
    0x3c,0x66,0xd7,0xc6,0x3c,0x66,0xd7,0xff,0x3c,0x66,0xd7,0xfc,0x3c,0x66,0xd7,0xff,0x3c,0x66,0xd7,0xff,
    0x3c,0x66,0xd7,0xff,0x3c,0x66,0xd7,0xff,0x3c,0x66,0xd7,0xff,0x3c,0x66,0xd7,0xff,0x3c,0x66,0xd7,0xff,
    0x3c,0x66,0xd7,0xff,0x3c,0x66,0xd7,0xff,0x3c,0x66,0xd7,0xff,0x3c,0x66,0xd7,0xff,0x3c,0x66,0xd7,0xff,
    0x3c,0x66,0xd7,0xff,0x3c,0x66,0xd7,0xff,0x3c,0x66,0xd7,0xff,0x3c,0x66,0xd7,0xff,0x3c,0x66,0xd7,0xff,
    0x3c,0x66,0xd7,0xff,0x3c,0x66,0xd7,0xfd,0x3c,0x66,0xd7,0xff,0x3c,0x66,0xd7,0x41,0x3c,0x66,0xd7,0x00,
    0x3c,0x66,0xd7,0x03,0x3c,0x66,0xd7,0x00,0x3c,0x66,0xd7,0x00,0x3c,0x66,0xd7,0x00,0x3c,0x66,0xd7,0x00,
    0x3c,0x66,0xd7,0x00,0x3c,0x66,0xd7,0x00,0x3c,0x66,0xd7,0x00,0x3c,0x66,0xd7,0x00,0x3c,0x66,0xd7,0x00,
    0x3c,0x66,0xd7,0x00,0x3c,0x66,0xd7,0x00,0x3c,0x66,0xd7,0x00,0x3c,0x66,0xd7,0x00,0x3c,0x66,0xd7,0x00,
    0x3c,0x66,0xd7,0x00,0x3c,0x66,0xd7,0x00,0x3c,0x66,0xd7,0x00,0x3c,0x66,0xd7,0x00,0x3c,0x66,0xd7,0x00,
    0x3c,0x66,0xd7,0x00,0x3c,0x66,0xd7,0x00,0x3c,0x66,0xd7,0x00,0x3c,0x66,0xd7,0x00,0x3c,0x66,0xd7,0x00,
    0x3c,0x66,0xd7,0x02,0x3c,0x66,0xd7,0x00,0x3c,0x66,0xd7,0xbe,0x3c,0x66,0xd7,0xff,0x3c,0x66,0xd7,0xfc,
    0x3c,0x66,0xd7,0xff,0x3c,0x66,0xd7,0xff,0x3c,0x66,0xd7,0xff,0x3c,0x66,0xd7,0xff,0x3c,0x66,0xd7,0xff,
    0x3c,0x66,0xd7,0xff,0x3c,0x66,0xd7,0xff,0x3c,0x66,0xd7,0xff,0x3c,0x66,0xd7,0xfe,0x3c,0x66,0xd7,0xff,
    0x3c,0x66,0xd7,0xee,0x3c,0x66,0xd7,0x11,0x3c,0x66,0xd7,0x00,0x3c,0x66,0xd7,0x01,0x3c,0x66,0xd7,0x00,
    0x3c,0x66,0xd7,0x00,0x3c,0x66,0xd7,0x00,0x3c,0x66,0xd7,0x00,0x3c,0x66,0xd7,0x00,0x3c,0x66,0xd7,0x00,
    0x3c,0x66,0xd7,0x00,0x3c,0x66,0xd7,0x00,0x3c,0x66,0xd7,0x00,0x3c,0x66,0xd7,0x00,0x3c,0x66,0xd7,0x00,
    0x3c,0x66,0xd7,0x00,0x3c,0x66,0xd7,0x00,0x3c,0x66,0xd7,0x00,0x3c,0x66,0xd7,0x00,0x3c,0x66,0xd7,0x00,
    0x3c,0x66,0xd7,0x00,0x3c,0x66,0xd7,0x04,0x3c,0x66,0xd7,0x00,0x3c,0x66,0xd7,0x91,0x3c,0x66,0xd7,0xff,
    0x3c,0x66,0xd7,0xfb,0x3c,0x66,0xd7,0xff,0x3c,0x66,0xd7,0xff,0x3c,0x66,0xd7,0xff,0x3c,0x66,0xd7,0xff,
    0x3c,0x66,0xd7,0xff,0x3c,0x66,0xd7,0xff,0x3c,0x66,0xd7,0xff,0x3c,0x66,0xd7,0xff,0x3c,0x66,0xd7,0xfd,
    0x3c,0x66,0xd7,0xff,0x3c,0x66,0xd7,0xcd,0x3c,0x66,0xd7,0x02,0x3c,0x66,0xd7,0x01,0x3c,0x66,0xd7,0x00,
    0x3c,0x66,0xd7,0x00,0x3c,0x66,0xd7,0x00,0x3c,0x66,0xd7,0x00,0x3c,0x66,0xd7,0x00,0x3c,0x66,0xd7,0x00,
    0x3c,0x66,0xd7,0x00,0x3c,0x66,0xd7,0x00,0x3c,0x66,0xd7,0x00,0x3c,0x66,0xd7,0x00,0x3c,0x66,0xd7,0x00,
    0x3c,0x66,0xd7,0x00,0x3c,0x66,0xd7,0x00,0x3c,0x66,0xd7,0x00,0x3c,0x66,0xd7,0x00,0x3c,0x66,0xd7,0x00,
    0x3c,0x66,0xd7,0x00,0x3c,0x66,0xd7,0x00,0x3c,0x66,0xd7,0x00,0x3c,0x66,0xd7,0x00,0x3c,0x66,0xd7,0x00,
    0x3c,0x66,0xd7,0x00,0x3c,0x66,0xd7,0x00,0x3c,0x66,0xd7,0x00,0x3c,0x66,0xd7,0x00,0x3c,0x66,0xd7,0x00,
    0x3c,0x66,0xd7,0x00,0x3c,0x66,0xd7,0x00,0x3c,0x66,0xd7,0x00,0x3c,0x66,0xd7,0x00,0x3c,0x66,0xd7,0x00,
    0x3c,0x66,0xd7,0x00,0x3c,0x66,0xd7,0x00,0x3c,0x66,0xd7,0x00,0x3c,0x66,0xd7,0x00,0x3c,0x66,0xd7,0x00,
    0x3c,0x66,0xd7,0x04,0x3c,0x66,0xd7,0x00,0x3c,0x66,0xd7,0x60,0x3c,0x66,0xd7,0xff,0x3c,0x66,0xd7,0xfc,
    0x3c,0x66,0xd7,0xff,0x3c,0x66,0xd7,0xff,0x3c,0x66,0xd7,0xff,0x3c,0x66,0xd7,0xff,0x3c,0x66,0xd7,0xff,
    0x3c,0x66,0xd7,0xff,0x3c,0x66,0xd7,0xff,0x3c,0x66,0xd7,0xff,0x3c,0x66,0xd7,0xff,0x3c,0x66,0xd7,0xff,
    0x3c,0x66,0xd7,0xff,0x3c,0x66,0xd7,0xff,0x3c,0x66,0xd7,0xff,0x3c,0x66,0xd7,0xff,0x3c,0x66,0xd7,0xff,
    0x3c,0x66,0xd7,0xff,0x3c,0x66,0xd7,0xff,0x3c,0x66,0xd7,0xff,0x3c,0x66,0xd7,0xff,0x3c,0x66,0xd7,0xff,
    0x3c,0x66,0xd7,0xfb,0x3c,0x66,0xd7,0xff,0x3c,0x66,0xd7,0x9b,0x3c,0x66,0xd7,0x01,0x3c,0x66,0xd7,0xef,
    0x3c,0x66,0xd7,0xff,0x3c,0x66,0xd7,0xbd,0x3c,0x66,0xd7,0x00,0x3c,0x66,0xd7,0x02,0x3c,0x66,0xd7,0x00,
    0x3c,0x66,0xd7,0x00,0x3c,0x66,0xd7,0x00,0x3c,0x66,0xd7,0x00,0x3c,0x66,0xd7,0x00,0x3c,0x66,0xd7,0x00,
    0x3c,0x66,0xd7,0x00,0x3c,0x66,0xd7,0x00,0x3c,0x66,0xd7,0x00,0x3c,0x66,0xd7,0x00,0x3c,0x66,0xd7,0x00,
    0x3c,0x66,0xd7,0x00,0x3c,0x66,0xd7,0x00,0x3c,0x66,0xd7,0x00,0x3c,0x66,0xd7,0x00,0x3c,0x66,0xd7,0x00,
    0x3c,0x66,0xd7,0x00,0x3c,0x66,0xd7,0x00,0x3c,0x66,0xd7,0x00,0x3c,0x66,0xd7,0x00,0x3c,0x66,0xd7,0x00,
    0x3c,0x66,0xd7,0x01,0x3c,0x66,0xd7,0x00,0x3c,0x66,0xd7,0x10,0x3c,0x66,0xd7,0xef,0x3c,0x66,0xd7,0xff,
    0x3c,0x66,0xd7,0xfe,0x3c,0x66,0xd7,0xff,0x3c,0x66,0xd7,0xff,0x3c,0x66,0xd7,0xff,0x3c,0x66,0xd7,0xff,
    0x3c,0x66,0xd7,0xff,0x3c,0x66,0xd7,0xff,0x3c,0x66,0xd7,0xff,0x3c,0x66,0xd7,0xff,0x3c,0x66,0xd7,0xff,
    0x3c,0x66,0xd7,0xff,0x3c,0x66,0xd7,0xff,0x3c,0x66,0xd7,0xff,0x3c,0x66,0xd7,0xff,0x3c,0x66,0xd7,0xff,
    0x3c,0x66,0xd7,0xff,0x3c,0x66,0xd7,0xff,0x3c,0x66,0xd7,0xff,0x3c,0x66,0xd7,0xfd,0x3c,0x66,0xd7,0xff,
    0x3c,0x66,0xd7,0x41,0x3c,0x66,0xd7,0x00,0x3c,0x66,0xd7,0x03,0x3c,0x66,0xd7,0x00,0x3c,0x66,0xd7,0x00,
    0x3c,0x66,0xd7,0x00,0x3c,0x66,0xd7,0x00,0x3c,0x66,0xd7,0x00,0x3c,0x66,0xd7,0x00,0x3c,0x66,0xd7,0x00,
    0x3c,0x66,0xd7,0x00,0x3c,0x66,0xd7,0x00,0x3c,0x66,0xd7,0x00,0x3c,0x66,0xd7,0x00,0x3c,0x66,0xd7,0x00,
    0x3c,0x66,0xd7,0x00,0x3c,0x66,0xd7,0x00,0x3c,0x66,0xd7,0x00,0x3c,0x66,0xd7,0x00,0x3c,0x66,0xd7,0x00,
    0x3c,0x66,0xd7,0x00,0x3c,0x66,0xd7,0x00,0x3c,0x66,0xd7,0x00,0x3c,0x66,0xd7,0x00,0x3c,0x66,0xd7,0x00,
    0x3c,0x66,0xd7,0x00,0x3c,0x66,0xd7,0x00,0x3c,0x66,0xd7,0x01,0x3c,0x66,0xd7,0x00,0x3c,0x66,0xd7,0x11,
    0x3c,0x66,0xd7,0xf1,0x3c,0x66,0xd7,0xff,0x3c,0x66,0xd7,0xfe,0x3c,0x66,0xd7,0xff,0x3c,0x66,0xd7,0xff,
    0x3c,0x66,0xd7,0xff,0x3c,0x66,0xd7,0xff,0x3c,0x66,0xd7,0xff,0x3c,0x66,0xd7,0xff,0x3c,0x66,0xd7,0xff,
    0x3c,0x66,0xd7,0xff,0x3c,0x66,0xd7,0xff,0x3c,0x66,0xd7,0xff,0x3c,0x66,0xd7,0xff,0x3c,0x66,0xd7,0xff,
    0x3c,0x66,0xd7,0xff,0x3c,0x66,0xd7,0xff,0x3c,0x66,0xd7,0xff,0x3c,0x66,0xd7,0xfd,0x3c,0x66,0xd7,0xff,
    0x3c,0x66,0xd7,0x43,0x3c,0x66,0xd7,0x00,0x3c,0x66,0xd7,0x03,0x3c,0x66,0xd7,0x00,0x3c,0x66,0xd7,0x00,
    0x3c,0x66,0xd7,0x00,0x3c,0x66,0xd7,0x00,0x3c,0x66,0xd7,0x00,0x3c,0x66,0xd7,0x00,0x3c,0x66,0xd7,0x00,
    0x3c,0x66,0xd7,0x00,0x3c,0x66,0xd7,0x00,0x3c,0x66,0xd7,0x00,0x3c,0x66,0xd7,0x00,0x3c,0x66,0xd7,0x00,
    0x3c,0x66,0xd7,0x00,0x3c,0x66,0xd7,0x00,0x3c,0x66,0xd7,0x00,0x3c,0x66,0xd7,0x00,0x3c,0x66,0xd7,0x00,
    0x3c,0x66,0xd7,0x00,0x3c,0x66,0xd7,0x00,0x3c,0x66,0xd7,0x00,0x3c,0x66,0xd7,0x00,0x3c,0x66,0xd7,0x00,
    0x3c,0x66,0xd7,0x00,0x3c,0x66,0xd7,0x00,0x3c,0x66,0xd7,0x01,0x3c,0x66,0xd7,0x00,0x3c,0x66,0xd7,0x0d,
    0x3c,0x66,0xd7,0xe9,0x3c,0x66,0xd7,0xff,0x3c,0x66,0xd7,0xfe,0x3c,0x66,0xd7,0xff,0x3c,0x66,0xd7,0xff,
    0x3c,0x66,0xd7,0xff,0x3c,0x66,0xd7,0xff,0x3c,0x66,0xd7,0xff,0x3c,0x66,0xd7,0xff,0x3c,0x66,0xd7,0xff,
    0x3c,0x66,0xd7,0xff,0x3c,0x66,0xd7,0xff,0x3c,0x66,0xd7,0xff,0x3c,0x66,0xd7,0xff,0x3c,0x66,0xd7,0xff,
    0x3c,0x66,0xd7,0xff,0x3c,0x66,0xd7,0xff,0x3c,0x66,0xd7,0xff,0x3c,0x66,0xd7,0xff,0x3c,0x66,0xd7,0xff,
    0x3c,0x66,0xd7,0xff,0x3c,0x66,0xd7,0xfd,0x3c,0x66,0xd7,0xff,0x3c,0x66,0xd7,0x41,0x3c,0x66,0xd7,0x00,
    0x3c,0x66,0xd7,0x03,0x3c,0x66,0xd7,0x00,0x3c,0x66,0xd7,0x00,0x3c,0x66,0xd7,0x00,0x3c,0x66,0xd7,0x00,
    0x3c,0x66,0xd7,0x00,0x3c,0x66,0xd7,0x00,0x3c,0x66,0xd7,0x00,0x3c,0x66,0xd7,0x00,0x3c,0x66,0xd7,0x00,
    0x3c,0x66,0xd7,0x00,0x3c,0x66,0xd7,0x00,0x3c,0x66,0xd7,0x00,0x3c,0x66,0xd7,0x00,0x3c,0x66,0xd7,0x00,
    0x3c,0x66,0xd7,0x00,0x3c,0x66,0xd7,0x00,0x3c,0x66,0xd7,0x00,0x3c,0x66,0xd7,0x00,0x3c,0x66,0xd7,0x00,
    0x3c,0x66,0xd7,0x00,0x3c,0x66,0xd7,0x00,0x3c,0x66,0xd7,0x00,0x3c,0x66,0xd7,0x00,0x3c,0x66,0xd7,0x01,
    0x3c,0x66,0xd7,0x01,0x3c,0x66,0xd7,0x09,0x3c,0x66,0xd7,0xe0,0x3c,0x66,0xd7,0xff,0x3c,0x66,0xd7,0xfd,
    0x3c,0x66,0xd7,0xff,0x3c,0x66,0xd7,0xff,0x3c,0x66,0xd7,0xff,0x3c,0x66,0xd7,0xff,0x3c,0x66,0xd7,0xff,
    0x3c,0x66,0xd7,0xff,0x3c,0x66,0xd7,0xff,0x3c,0x66,0xd7,0xff,0x3c,0x66,0xd7,0xff,0x3c,0x66,0xd7,0xfe,
    0x3c,0x66,0xd7,0xfa,0x3c,0x66,0xd7,0x30,0x3c,0x66,0xd7,0x00,0x3c,0x66,0xd7,0x02,0x3c,0x66,0xd7,0x00,
    0x3c,0x66,0xd7,0x00,0x3c,0x66,0xd7,0x00,0x3c,0x66,0xd7,0x00,0x3c,0x66,0xd7,0x00,0x3c,0x66,0xd7,0x00,
    0x3c,0x66,0xd7,0x00,0x3c,0x66,0xd7,0x00,0x3c,0x66,0xd7,0x00,0x3c,0x66,0xd7,0x00,0x3c,0x66,0xd7,0x00,
    0x3c,0x66,0xd7,0x00,0x3c,0x66,0xd7,0x00,0x3c,0x66,0xd7,0x00,0x3c,0x66,0xd7,0x00,0x3c,0x66,0xd7,0x00,
    0x3c,0x66,0xd7,0x00,0x3c,0x66,0xd7,0x01,0x3c,0x66,0xd7,0x04,0x3c,0x66,0xd7,0xcc,0x3c,0x66,0xd7,0xff,
    0x3c,0x66,0xd7,0xfd,0x3c,0x66,0xd7,0xff,0x3c,0x66,0xd7,0xff,0x3c,0x66,0xd7,0xff,0x3c,0x66,0xd7,0xff,
    0x3c,0x66,0xd7,0xff,0x3c,0x66,0xd7,0xff,0x3c,0x66,0xd7,0xff,0x3c,0x66,0xd7,0xff,0x3c,0x66,0xd7,0xfe,
    0x3c,0x66,0xd7,0xff,0x3c,0x66,0xd7,0xf3,0x3c,0x66,0xd7,0x1d,0x3c,0x66,0xd7,0x00,0x3c,0x66,0xd7,0x02,
    0x3c,0x66,0xd7,0x00,0x3c,0x66,0xd7,0x00,0x3c,0x66,0xd7,0x00,0x3c,0x66,0xd7,0x00,0x3c,0x66,0xd7,0x00,
    0x3c,0x66,0xd7,0x00,0x3c,0x66,0xd7,0x00,0x3c,0x66,0xd7,0x00,0x3c,0x66,0xd7,0x00,0x3c,0x66,0xd7,0x00,
    0x3c,0x66,0xd7,0x00,0x3c,0x66,0xd7,0x00,0x3c,0x66,0xd7,0x00,0x3c,0x66,0xd7,0x00,0x3c,0x66,0xd7,0x00,
    0x3c,0x66,0xd7,0x00,0x3c,0x66,0xd7,0x00,0x3c,0x66,0xd7,0x00,0x3c,0x66,0xd7,0x00,0x3c,0x66,0xd7,0x00,
    0x3c,0x66,0xd7,0x00,0x3c,0x66,0xd7,0x00,0x3c,0x66,0xd7,0x00,0x3c,0x66,0xd7,0x00,0x3c,0x66,0xd7,0x00,
    0x3c,0x66,0xd7,0x00,0x3c,0x66,0xd7,0x00,0x3c,0x66,0xd7,0x00,0x3c,0x66,0xd7,0x00,0x3c,0x66,0xd7,0x00,
    0x3c,0x66,0xd7,0x00,0x3c,0x66,0xd7,0x00,0x3c,0x66,0xd7,0x00,0x3c,0x66,0xd7,0x00,0x3c,0x66,0xd7,0x00,
    0x3c,0x66,0xd7,0x04,0x3c,0x66,0xd7,0x00,0x3c,0x66,0xd7,0x90,0x3c,0x66,0xd7,0xfc,0x3c,0x66,0xd7,0xf8,
    0x3c,0x66,0xd7,0xfc,0x3c,0x66,0xd7,0xfc,0x3c,0x66,0xd7,0xfc,0x3c,0x66,0xd7,0xfc,0x3c,0x66,0xd7,0xfc,
    0x3c,0x66,0xd7,0xfc,0x3c,0x66,0xd7,0xfc,0x3c,0x66,0xd7,0xfc,0x3c,0x66,0xd7,0xfc,0x3c,0x66,0xd7,0xfc,
    0x3c,0x66,0xd7,0xfc,0x3c,0x66,0xd7,0xfc,0x3c,0x66,0xd7,0xfc,0x3c,0x66,0xd7,0xfc,0x3c,0x66,0xd7,0xfc,
    0x3c,0x66,0xd7,0xfc,0x3c,0x66,0xd7,0xfc,0x3c,0x66,0xd7,0xfc,0x3c,0x66,0xd7,0xfc,0x3c,0x66,0xd7,0xfc,
    0x3c,0x66,0xd7,0xfa,0x3c,0x66,0xd7,0xfc,0x3c,0x66,0xd7,0xc6,0x3c,0x66,0xd7,0x0b,0x3c,0x66,0xd7,0xea,
    0x3c,0x66,0xd7,0xfc,0x3c,0x66,0xd7,0xbb,0x3c,0x66,0xd7,0x00,0x3c,0x66,0xd7,0x02,0x3c,0x66,0xd7,0x00,
    0x3c,0x66,0xd7,0x00,0x3c,0x66,0xd7,0x00,0x3c,0x66,0xd7,0x00,0x3c,0x66,0xd7,0x00,0x3c,0x66,0xd7,0x00,
    0x3c,0x66,0xd7,0x00,0x3c,0x66,0xd7,0x00,0x3c,0x66,0xd7,0x00,0x3c,0x66,0xd7,0x00,0x3c,0x66,0xd7,0x00,
    0x3c,0x66,0xd7,0x00,0x3c,0x66,0xd7,0x00,0x3c,0x66,0xd7,0x00,0x3c,0x66,0xd7,0x00,0x3c,0x66,0xd7,0x00,
    0x3c,0x66,0xd7,0x00,0x3c,0x66,0xd7,0x00,0x3c,0x66,0xd7,0x00,0x3c,0x66,0xd7,0x00,0x3c,0x66,0xd7,0x00,
    0x3c,0x66,0xd7,0x02,0x3c,0x66,0xd7,0x00,0x3c,0x66,0xd7,0x30,0x3c,0x66,0xd7,0xf7,0x3c,0x66,0xd7,0xfb,
    0x3c,0x66,0xd7,0xfc,0x3c,0x66,0xd7,0xfc,0x3c,0x66,0xd7,0xfc,0x3c,0x66,0xd7,0xfc,0x3c,0x66,0xd7,0xfc,
    0x3c,0x66,0xd7,0xfc,0x3c,0x66,0xd7,0xfc,0x3c,0x66,0xd7,0xfc,0x3c,0x66,0xd7,0xfc,0x3c,0x66,0xd7,0xfc,
    0x3c,0x66,0xd7,0xfc,0x3c,0x66,0xd7,0xfc,0x3c,0x66,0xd7,0xfc,0x3c,0x66,0xd7,0xfc,0x3c,0x66,0xd7,0xfc,
    0x3c,0x66,0xd7,0xfc,0x3c,0x66,0xd7,0xfc,0x3c,0x66,0xd7,0xfc,0x3c,0x66,0xd7,0xf8,0x3c,0x66,0xd7,0xfc,
    0x3c,0x66,0xd7,0x6a,0x3c,0x66,0xd7,0x00,0x3c,0x66,0xd7,0x04,0x3c,0x66,0xd7,0x00,0x3c,0x66,0xd7,0x00,
    0x3c,0x66,0xd7,0x00,0x3c,0x66,0xd7,0x00,0x3c,0x66,0xd7,0x00,0x3c,0x66,0xd7,0x00,0x3c,0x66,0xd7,0x00,
    0x3c,0x66,0xd7,0x00,0x3c,0x66,0xd7,0x00,0x3c,0x66,0xd7,0x00,0x3c,0x66,0xd7,0x00,0x3c,0x66,0xd7,0x00,
    0x3c,0x66,0xd7,0x00,0x3c,0x66,0xd7,0x00,0x3c,0x66,0xd7,0x00,0x3c,0x66,0xd7,0x00,0x3c,0x66,0xd7,0x00,
    0x3c,0x66,0xd7,0x00,0x3c,0x66,0xd7,0x00,0x3c,0x66,0xd7,0x00,0x3c,0x66,0xd7,0x00,0x3c,0x66,0xd7,0x00,
    0x3c,0x66,0xd7,0x00,0x3c,0x66,0xd7,0x00,0x3c,0x66,0xd7,0x02,0x3c,0x66,0xd7,0x00,0x3c,0x66,0xd7,0x2f,
    0x3c,0x66,0xd7,0xf7,0x3c,0x66,0xd7,0xfb,0x3c,0x66,0xd7,0xfc,0x3c,0x66,0xd7,0xfc,0x3c,0x66,0xd7,0xfc,
    0x3c,0x66,0xd7,0xfc,0x3c,0x66,0xd7,0xfc,0x3c,0x66,0xd7,0xfc,0x3c,0x66,0xd7,0xfc,0x3c,0x66,0xd7,0xfc,
    0x3c,0x66,0xd7,0xfc,0x3c,0x66,0xd7,0xfc,0x3c,0x66,0xd7,0xfc,0x3c,0x66,0xd7,0xfc,0x3c,0x66,0xd7,0xfc,
    0x3c,0x66,0xd7,0xfc,0x3c,0x66,0xd7,0xfc,0x3c,0x66,0xd7,0xfc,0x3c,0x66,0xd7,0xf8,0x3c,0x66,0xd7,0xfc,
    0x3c,0x66,0xd7,0x69,0x3c,0x66,0xd7,0x00,0x3c,0x66,0xd7,0x04,0x3c,0x66,0xd7,0x00,0x3c,0x66,0xd7,0x00,
    0x3c,0x66,0xd7,0x00,0x3c,0x66,0xd7,0x00,0x3c,0x66,0xd7,0x00,0x3c,0x66,0xd7,0x00,0x3c,0x66,0xd7,0x00,
    0x3c,0x66,0xd7,0x00,0x3c,0x66,0xd7,0x00,0x3c,0x66,0xd7,0x00,0x3c,0x66,0xd7,0x00,0x3c,0x66,0xd7,0x00,
    0x3c,0x66,0xd7,0x00,0x3c,0x66,0xd7,0x00,0x3c,0x66,0xd7,0x00,0x3c,0x66,0xd7,0x00,0x3c,0x66,0xd7,0x00,
    0x3c,0x66,0xd7,0x00,0x3c,0x66,0xd7,0x00,0x3c,0x66,0xd7,0x00,0x3c,0x66,0xd7,0x00,0x3c,0x66,0xd7,0x00,
    0x3c,0x66,0xd7,0x00,0x3c,0x66,0xd7,0x00,0x3c,0x66,0xd7,0x02,0x3c,0x66,0xd7,0x00,0x3c,0x66,0xd7,0x27,
    0x3c,0x66,0xd7,0xf4,0x3c,0x66,0xd7,0xfb,0x3c,0x66,0xd7,0xfb,0x3c,0x66,0xd7,0xfc,0x3c,0x66,0xd7,0xfc,
    0x3c,0x66,0xd7,0xfc,0x3c,0x66,0xd7,0xfc,0x3c,0x66,0xd7,0xfc,0x3c,0x66,0xd7,0xfc,0x3c,0x66,0xd7,0xfc,
    0x3c,0x66,0xd7,0xfc,0x3c,0x66,0xd7,0xfc,0x3c,0x66,0xd7,0xfc,0x3c,0x66,0xd7,0xfc,0x3c,0x66,0xd7,0xfc,
    0x3c,0x66,0xd7,0xfc,0x3c,0x66,0xd7,0xfc,0x3c,0x66,0xd7,0xfc,0x3c,0x66,0xd7,0xfc,0x3c,0x66,0xd7,0xfc,
    0x3c,0x66,0xd7,0xfc,0x3c,0x66,0xd7,0xfa,0x3c,0x66,0xd7,0xfc,0x3c,0x66,0xd7,0x40,0x3c,0x66,0xd7,0x00,
    0x3c,0x66,0xd7,0x03,0x3c,0x66,0xd7,0x00,0x3c,0x66,0xd7,0x00,0x3c,0x66,0xd7,0x00,0x3c,0x66,0xd7,0x00,
    0x3c,0x66,0xd7,0x00,0x3c,0x66,0xd7,0x00,0x3c,0x66,0xd7,0x00,0x3c,0x66,0xd7,0x00,0x3c,0x66,0xd7,0x00,
    0x3c,0x66,0xd7,0x00,0x3c,0x66,0xd7,0x00,0x3c,0x66,0xd7,0x00,0x3c,0x66,0xd7,0x00,0x3c,0x66,0xd7,0x00,
    0x3c,0x66,0xd7,0x00,0x3c,0x66,0xd7,0x00,0x3c,0x66,0xd7,0x00,0x3c,0x66,0xd7,0x00,0x3c,0x66,0xd7,0x00,
    0x3c,0x66,0xd7,0x00,0x3c,0x66,0xd7,0x00,0x3c,0x66,0xd7,0x00,0x3c,0x66,0xd7,0x00,0x3c,0x66,0xd7,0x02,
    0x3c,0x66,0xd7,0x00,0x3c,0x66,0xd7,0x27,0x3c,0x66,0xd7,0xf6,0x3c,0x66,0xd7,0xfb,0x3c,0x66,0xd7,0xfc,
    0x3c,0x66,0xd7,0xfc,0x3c,0x66,0xd7,0xfc,0x3c,0x66,0xd7,0xfc,0x3c,0x66,0xd7,0xfc,0x3c,0x66,0xd7,0xfc,
    0x3c,0x66,0xd7,0xfc,0x3c,0x66,0xd7,0xfc,0x3c,0x66,0xd7,0xfc,0x3c,0x66,0xd7,0xfc,0x3c,0x66,0xd7,0xf9,
    0x3c,0x66,0xd7,0xfd,0x3c,0x66,0xd7,0x60,0x3c,0x66,0xd7,0x00,0x3c,0x66,0xd7,0x04,0x3c,0x66,0xd7,0x00,
    0x3c,0x66,0xd7,0x00,0x3c,0x66,0xd7,0x00,0x3c,0x66,0xd7,0x00,0x3c,0x66,0xd7,0x00,0x3c,0x66,0xd7,0x00,
    0x3c,0x66,0xd7,0x00,0x3c,0x66,0xd7,0x00,0x3c,0x66,0xd7,0x00,0x3c,0x66,0xd7,0x00,0x3c,0x66,0xd7,0x00,
    0x3c,0x66,0xd7,0x00,0x3c,0x66,0xd7,0x00,0x3c,0x66,0xd7,0x00,0x3c,0x66,0xd7,0x00,0x3c,0x66,0xd7,0x00,
    0x3c,0x66,0xd7,0x01,0x3c,0x66,0xd7,0x00,0x3c,0x66,0xd7,0x12,0x3c,0x66,0xd7,0xee,0x3c,0x66,0xd7,0xfc,
    0x3c,0x66,0xd7,0xfb,0x3c,0x66,0xd7,0xfc,0x3c,0x66,0xd7,0xfc,0x3c,0x66,0xd7,0xfc,0x3c,0x66,0xd7,0xfc,
    0x3c,0x66,0xd7,0xfc,0x3c,0x66,0xd7,0xfc,0x3c,0x66,0xd7,0xfc,0x3c,0x66,0xd7,0xfc,0x3c,0x66,0xd7,0xfc,
    0x3c,0x66,0xd7,0xfa,0x3c,0x66,0xd7,0xfc,0x3c,0x66,0xd7,0x44,0x3c,0x66,0xd7,0x00,0x3c,0x66,0xd7,0x03,
    0x3c,0x66,0xd7,0x00,0x3c,0x66,0xd7,0x00,0x3c,0x66,0xd7,0x00,0x3c,0x66,0xd7,0x00,0x3c,0x66,0xd7,0x00,
    0x3c,0x66,0xd7,0x00,0x3c,0x66,0xd7,0x00,0x3c,0x66,0xd7,0x00,0x3c,0x66,0xd7,0x00,0x3c,0x66,0xd7,0x00,
    0x3c,0x66,0xd7,0x00,0x3c,0x66,0xd7,0x00,0x3c,0x66,0xd7,0x00,0x3c,0x66,0xd7,0x00,0x3c,0x66,0xd7,0x00,
    0x3c,0x66,0xd7,0x00,0x3c,0x66,0xd7,0x00,0x3c,0x66,0xd7,0x00,0x3c,0x66,0xd7,0x00,0x3c,0x66,0xd7,0x00,
    0x3c,0x66,0xd7,0x00,0x3c,0x66,0xd7,0x00,0x3c,0x66,0xd7,0x00,0x3c,0x66,0xd7,0x00,0x3c,0x66,0xd7,0x00,
    0x3c,0x66,0xd7,0x00,0x3c,0x66,0xd7,0x00,0x3c,0x66,0xd7,0x00,0x3c,0x66,0xd7,0x00,0x3c,0x66,0xd7,0x00,
    0x3c,0x66,0xd7,0x00,0x3c,0x66,0xd7,0x00,0x3c,0x66,0xd7,0x00,0x3c,0x66,0xd7,0x00,0x3c,0x66,0xd7,0x00,
    0x3c,0x66,0xd7,0x02,0x3c,0x66,0xd7,0x02,0x3c,0x66,0xd7,0xd1,0x3c,0x66,0xd7,0xff,0x3c,0x66,0xd7,0xff,
    0x3c,0x66,0xd7,0xff,0x3c,0x66,0xd7,0xff,0x3c,0x66,0xd7,0xff,0x3c,0x66,0xd7,0xff,0x3c,0x66,0xd7,0xff,
    0x3c,0x66,0xd7,0xff,0x3c,0x66,0xd7,0xff,0x3c,0x66,0xd7,0xff,0x3c,0x66,0xd7,0xff,0x3c,0x66,0xd7,0xff,
    0x3c,0x66,0xd7,0xff,0x3c,0x66,0xd7,0xff,0x3c,0x66,0xd7,0xff,0x3c,0x66,0xd7,0xff,0x3c,0x66,0xd7,0xff,
    0x3c,0x66,0xd7,0xff,0x3c,0x66,0xd7,0xff,0x3c,0x66,0xd7,0xff,0x3c,0x66,0xd7,0xff,0x3c,0x66,0xd7,0xff,
    0x3c,0x66,0xd7,0xff,0x3c,0x66,0xd7,0xff,0x3c,0x66,0xd7,0xfb,0x3c,0x66,0xd7,0x2a,0x3c,0x66,0xd7,0xf3,
    0x3c,0x66,0xd7,0xff,0x3c,0x66,0xd7,0xc8,0x3c,0x66,0xd7,0x00,0x3c,0x66,0xd7,0x02,0x3c,0x66,0xd7,0x00,
    0x3c,0x66,0xd7,0x00,0x3c,0x66,0xd7,0x00,0x3c,0x66,0xd7,0x00,0x3c,0x66,0xd7,0x00,0x3c,0x66,0xd7,0x00,
    0x3c,0x66,0xd7,0x00,0x3c,0x66,0xd7,0x00,0x3c,0x66,0xd7,0x00,0x3c,0x66,0xd7,0x00,0x3c,0x66,0xd7,0x00,
    0x3c,0x66,0xd7,0x00,0x3c,0x66,0xd7,0x00,0x3c,0x66,0xd7,0x00,0x3c,0x66,0xd7,0x00,0x3c,0x66,0xd7,0x00,
    0x3c,0x66,0xd7,0x00,0x3c,0x66,0xd7,0x00,0x3c,0x66,0xd7,0x00,0x3c,0x66,0xd7,0x00,0x3c,0x66,0xd7,0x00,
    0x3c,0x66,0xd7,0x04,0x3c,0x66,0xd7,0x00,0x3c,0x66,0xd7,0x5b,0x3c,0x66,0xd7,0xff,0x3c,0x66,0xd7,0xff,
    0x3c,0x66,0xd7,0xff,0x3c,0x66,0xd7,0xff,0x3c,0x66,0xd7,0xff,0x3c,0x66,0xd7,0xff,0x3c,0x66,0xd7,0xff,
    0x3c,0x66,0xd7,0xff,0x3c,0x66,0xd7,0xff,0x3c,0x66,0xd7,0xff,0x3c,0x66,0xd7,0xff,0x3c,0x66,0xd7,0xff,
    0x3c,0x66,0xd7,0xff,0x3c,0x66,0xd7,0xff,0x3c,0x66,0xd7,0xff,0x3c,0x66,0xd7,0xff,0x3c,0x66,0xd7,0xff,
    0x3c,0x66,0xd7,0xff,0x3c,0x66,0xd7,0xff,0x3c,0x66,0xd7,0xff,0x3c,0x66,0xd7,0xff,0x3c,0x66,0xd7,0xff,
    0x3c,0x66,0xd7,0x9e,0x3c,0x66,0xd7,0x00,0x3c,0x66,0xd7,0x04,0x3c,0x66,0xd7,0x00,0x3c,0x66,0xd7,0x00,
    0x3c,0x66,0xd7,0x00,0x3c,0x66,0xd7,0x00,0x3c,0x66,0xd7,0x00,0x3c,0x66,0xd7,0x00,0x3c,0x66,0xd7,0x00,
    0x3c,0x66,0xd7,0x00,0x3c,0x66,0xd7,0x00,0x3c,0x66,0xd7,0x00,0x3c,0x66,0xd7,0x00,0x3c,0x66,0xd7,0x00,
    0x3c,0x66,0xd7,0x00,0x3c,0x66,0xd7,0x00,0x3c,0x66,0xd7,0x00,0x3c,0x66,0xd7,0x00,0x3c,0x66,0xd7,0x00,
    0x3c,0x66,0xd7,0x00,0x3c,0x66,0xd7,0x00,0x3c,0x66,0xd7,0x00,0x3c,0x66,0xd7,0x00,0x3c,0x66,0xd7,0x00,
    0x3c,0x66,0xd7,0x00,0x3c,0x66,0xd7,0x00,0x3c,0x66,0xd7,0x04,0x3c,0x66,0xd7,0x00,0x3c,0x66,0xd7,0x5b,
    0x3c,0x66,0xd7,0xff,0x3c,0x66,0xd7,0xff,0x3c,0x66,0xd7,0xff,0x3c,0x66,0xd7,0xff,0x3c,0x66,0xd7,0xff,
    0x3c,0x66,0xd7,0xff,0x3c,0x66,0xd7,0xff,0x3c,0x66,0xd7,0xff,0x3c,0x66,0xd7,0xff,0x3c,0x66,0xd7,0xff,
    0x3c,0x66,0xd7,0xff,0x3c,0x66,0xd7,0xff,0x3c,0x66,0xd7,0xff,0x3c,0x66,0xd7,0xff,0x3c,0x66,0xd7,0xff,
    0x3c,0x66,0xd7,0xff,0x3c,0x66,0xd7,0xff,0x3c,0x66,0xd7,0xff,0x3c,0x66,0xd7,0xff,0x3c,0x66,0xd7,0xff,
    0x3c,0x66,0xd7,0x9e,0x3c,0x66,0xd7,0x00,0x3c,0x66,0xd7,0x04,0x3c,0x66,0xd7,0x00,0x3c,0x66,0xd7,0x00,
    0x3c,0x66,0xd7,0x00,0x3c,0x66,0xd7,0x00,0x3c,0x66,0xd7,0x00,0x3c,0x66,0xd7,0x00,0x3c,0x66,0xd7,0x00,
    0x3c,0x66,0xd7,0x00,0x3c,0x66,0xd7,0x00,0x3c,0x66,0xd7,0x00,0x3c,0x66,0xd7,0x00,0x3c,0x66,0xd7,0x00,
    0x3c,0x66,0xd7,0x00,0x3c,0x66,0xd7,0x00,0x3c,0x66,0xd7,0x00,0x3c,0x66,0xd7,0x00,0x3c,0x66,0xd7,0x00,
    0x3c,0x66,0xd7,0x00,0x3c,0x66,0xd7,0x00,0x3c,0x66,0xd7,0x00,0x3c,0x66,0xd7,0x00,0x3c,0x66,0xd7,0x00,
    0x3c,0x66,0xd7,0x00,0x3c,0x66,0xd7,0x00,0x3c,0x66,0xd7,0x03,0x3c,0x66,0xd7,0x00,0x3c,0x66,0xd7,0x50,
    0x3c,0x66,0xd7,0xff,0x3c,0x66,0xd7,0xff,0x3c,0x66,0xd7,0xff,0x3c,0x66,0xd7,0xff,0x3c,0x66,0xd7,0xff,
    0x3c,0x66,0xd7,0xff,0x3c,0x66,0xd7,0xff,0x3c,0x66,0xd7,0xff,0x3c,0x66,0xd7,0xff,0x3c,0x66,0xd7,0xff,
    0x3c,0x66,0xd7,0xff,0x3c,0x66,0xd7,0xff,0x3c,0x66,0xd7,0xff,0x3c,0x66,0xd7,0xff,0x3c,0x66,0xd7,0xff,
    0x3c,0x66,0xd7,0xff,0x3c,0x66,0xd7,0xff,0x3c,0x66,0xd7,0xff,0x3c,0x66,0xd7,0xff,0x3c,0x66,0xd7,0xff,
    0x3c,0x66,0xd7,0xff,0x3c,0x66,0xd7,0xff,0x3c,0x66,0xd7,0xff,0x3c,0x66,0xd7,0x45,0x3c,0x66,0xd7,0x00,
    0x3c,0x66,0xd7,0x03,0x3c,0x66,0xd7,0x00,0x3c,0x66,0xd7,0x00,0x3c,0x66,0xd7,0x00,0x3c,0x66,0xd7,0x00,
    0x3c,0x66,0xd7,0x00,0x3c,0x66,0xd7,0x00,0x3c,0x66,0xd7,0x00,0x3c,0x66,0xd7,0x00,0x3c,0x66,0xd7,0x00,
    0x3c,0x66,0xd7,0x00,0x3c,0x66,0xd7,0x00,0x3c,0x66,0xd7,0x00,0x3c,0x66,0xd7,0x00,0x3c,0x66,0xd7,0x00,
    0x3c,0x66,0xd7,0x00,0x3c,0x66,0xd7,0x00,0x3c,0x66,0xd7,0x00,0x3c,0x66,0xd7,0x00,0x3c,0x66,0xd7,0x00,
    0x3c,0x66,0xd7,0x00,0x3c,0x66,0xd7,0x00,0x3c,0x66,0xd7,0x00,0x3c,0x66,0xd7,0x00,0x3c,0x66,0xd7,0x03,
    0x3c,0x66,0xd7,0x00,0x3c,0x66,0xd7,0x50,0x3c,0x66,0xd7,0xff,0x3c,0x66,0xd7,0xff,0x3c,0x66,0xd7,0xff,
    0x3c,0x66,0xd7,0xff,0x3c,0x66,0xd7,0xff,0x3c,0x66,0xd7,0xff,0x3c,0x66,0xd7,0xff,0x3c,0x66,0xd7,0xff,
    0x3c,0x66,0xd7,0xff,0x3c,0x66,0xd7,0xff,0x3c,0x66,0xd7,0xff,0x3c,0x66,0xd7,0xff,0x3c,0x66,0xd7,0xff,
    0x3c,0x66,0xd7,0xff,0x3c,0x66,0xd7,0x93,0x3c,0x66,0xd7,0x00,0x3c,0x66,0xd7,0x04,0x3c,0x66,0xd7,0x00,
    0x3c,0x66,0xd7,0x00,0x3c,0x66,0xd7,0x00,0x3c,0x66,0xd7,0x00,0x3c,0x66,0xd7,0x00,0x3c,0x66,0xd7,0x00,
    0x3c,0x66,0xd7,0x00,0x3c,0x66,0xd7,0x00,0x3c,0x66,0xd7,0x00,0x3c,0x66,0xd7,0x00,0x3c,0x66,0xd7,0x00,
    0x3c,0x66,0xd7,0x00,0x3c,0x66,0xd7,0x00,0x3c,0x66,0xd7,0x00,0x3c,0x66,0xd7,0x00,0x3c,0x66,0xd7,0x00,
    0x3c,0x66,0xd7,0x03,0x3c,0x66,0xd7,0x00,0x3c,0x66,0xd7,0x49,0x3c,0x66,0xd7,0xff,0x3c,0x66,0xd7,0xff,
    0x3c,0x66,0xd7,0xff,0x3c,0x66,0xd7,0xff,0x3c,0x66,0xd7,0xff,0x3c,0x66,0xd7,0xff,0x3c,0x66,0xd7,0xff,
    0x3c,0x66,0xd7,0xff,0x3c,0x66,0xd7,0xff,0x3c,0x66,0xd7,0xff,0x3c,0x66,0xd7,0xff,0x3c,0x66,0xd7,0xff,
    0x3c,0x66,0xd7,0xff,0x3c,0x66,0xd7,0xff,0x3c,0x66,0xd7,0x8a,0x3c,0x66,0xd7,0x00,0x3c,0x66,0xd7,0x04,
    0x3c,0x66,0xd7,0x00,0x3c,0x66,0xd7,0x00,0x3c,0x66,0xd7,0x00,0x3c,0x66,0xd7,0x00,0x3c,0x66,0xd7,0x00,
    0x3c,0x66,0xd7,0x00,0x3c,0x66,0xd7,0x00,0x3c,0x66,0xd7,0x00,0x3c,0x66,0xd7,0x00,0x3c,0x66,0xd7,0x00,
    0x3c,0x66,0xd7,0x00,0x3c,0x66,0xd7,0x00,0x3c,0x66,0xd7,0x00,0x3c,0x66,0xd7,0x00,0x3c,0x66,0xd7,0x00,
    0x3c,0x66,0xd7,0x00,0x3c,0x66,0xd7,0x00,0x3c,0x66,0xd7,0x00,0x3c,0x66,0xd7,0x00,0x3c,0x66,0xd7,0x00,
    0x3c,0x66,0xd7,0x00,0x3c,0x66,0xd7,0x00,0x3c,0x66,0xd7,0x00,0x3c,0x66,0xd7,0x00,0x3c,0x66,0xd7,0x00,
    0x3c,0x66,0xd7,0x00,0x3c,0x66,0xd7,0x00,0x3c,0x66,0xd7,0x00,0x3c,0x66,0xd7,0x00,0x3c,0x66,0xd7,0x00,
    0x3c,0x66,0xd7,0x00,0x3c,0x66,0xd7,0x00,0x3c,0x66,0xd7,0x00,0x3c,0x66,0xd7,0x00,0x3c,0x66,0xd7,0x01,
    0x3c,0x66,0xd7,0x00,0x3c,0x66,0xd7,0x0b,0x3c,0x66,0xd7,0xaa,0x3c,0x66,0xd7,0xba,0x3c,0x66,0xd7,0xba,
    0x3c,0x66,0xd7,0xba,0x3c,0x66,0xd7,0xba,0x3c,0x66,0xd7,0xba,0x3c,0x66,0xd7,0xba,0x3c,0x66,0xd7,0xba,
    0x3c,0x66,0xd7,0xba,0x3c,0x66,0xd7,0xba,0x3c,0x66,0xd7,0xba,0x3c,0x66,0xd7,0xba,0x3c,0x66,0xd7,0xba,
    0x3c,0x66,0xd7,0xba,0x3c,0x66,0xd7,0xba,0x3c,0x66,0xd7,0xba,0x3c,0x66,0xd7,0xba,0x3c,0x66,0xd7,0xba,
    0x3c,0x66,0xd7,0xba,0x3c,0x66,0xd7,0xba,0x3c,0x66,0xd7,0xba,0x3c,0x66,0xd7,0xba,0x3c,0x66,0xd7,0xba,
    0x3c,0x66,0xd7,0xba,0x3c,0x66,0xd7,0xba,0x3c,0x66,0xd7,0xb9,0x3c,0x66,0xd7,0x39,0x3c,0x66,0xd7,0xa3,
    0x3c,0x66,0xd7,0xba,0x3c,0x66,0xd7,0x8a,0x3c,0x66,0xd7,0x00,0x3c,0x66,0xd7,0x01,0x3c,0x66,0xd7,0x00,
    0x3c,0x66,0xd7,0x00,0x3c,0x66,0xd7,0x00,0x3c,0x66,0xd7,0x00,0x3c,0x66,0xd7,0x00,0x3c,0x66,0xd7,0x00,
    0x3c,0x66,0xd7,0x00,0x3c,0x66,0xd7,0x00,0x3c,0x66,0xd7,0x00,0x3c,0x66,0xd7,0x00,0x3c,0x66,0xd7,0x00,
    0x3c,0x66,0xd7,0x00,0x3c,0x66,0xd7,0x00,0x3c,0x66,0xd7,0x00,0x3c,0x66,0xd7,0x00,0x3c,0x66,0xd7,0x00,
    0x3c,0x66,0xd7,0x00,0x3c,0x66,0xd7,0x00,0x3c,0x66,0xd7,0x00,0x3c,0x66,0xd7,0x00,0x3c,0x66,0xd7,0x00,
    0x3c,0x66,0xd7,0x03,0x3c,0x66,0xd7,0x00,0x3c,0x66,0xd7,0x60,0x3c,0x66,0xd7,0xba,0x3c,0x66,0xd7,0xb7,
    0x3c,0x66,0xd7,0xba,0x3c,0x66,0xd7,0xba,0x3c,0x66,0xd7,0xba,0x3c,0x66,0xd7,0xba,0x3c,0x66,0xd7,0xba,
    0x3c,0x66,0xd7,0xba,0x3c,0x66,0xd7,0xba,0x3c,0x66,0xd7,0xba,0x3c,0x66,0xd7,0xba,0x3c,0x66,0xd7,0xba,
    0x3c,0x66,0xd7,0xba,0x3c,0x66,0xd7,0xba,0x3c,0x66,0xd7,0xba,0x3c,0x66,0xd7,0xba,0x3c,0x66,0xd7,0xba,
    0x3c,0x66,0xd7,0xba,0x3c,0x66,0xd7,0xba,0x3c,0x66,0xd7,0xba,0x3c,0x66,0xd7,0xb8,0x3c,0x66,0xd7,0xba,
    0x3c,0x66,0xd7,0x8d,0x3c,0x66,0xd7,0x00,0x3c,0x66,0xd7,0x01,0x3c,0x66,0xd7,0x00,0x3c,0x66,0xd7,0x00,
    0x3c,0x66,0xd7,0x00,0x3c,0x66,0xd7,0x00,0x3c,0x66,0xd7,0x00,0x3c,0x66,0xd7,0x00,0x3c,0x66,0xd7,0x00,
    0x3c,0x66,0xd7,0x00,0x3c,0x66,0xd7,0x00,0x3c,0x66,0xd7,0x00,0x3c,0x66,0xd7,0x00,0x3c,0x66,0xd7,0x00,
    0x3c,0x66,0xd7,0x00,0x3c,0x66,0xd7,0x00,0x3c,0x66,0xd7,0x00,0x3c,0x66,0xd7,0x00,0x3c,0x66,0xd7,0x00,
    0x3c,0x66,0xd7,0x00,0x3c,0x66,0xd7,0x00,0x3c,0x66,0xd7,0x00,0x3c,0x66,0xd7,0x00,0x3c,0x66,0xd7,0x00,
    0x3c,0x66,0xd7,0x00,0x3c,0x66,0xd7,0x00,0x3c,0x66,0xd7,0x03,0x3c,0x66,0xd7,0x00,0x3c,0x66,0xd7,0x60,
    0x3c,0x66,0xd7,0xba,0x3c,0x66,0xd7,0xb7,0x3c,0x66,0xd7,0xba,0x3c,0x66,0xd7,0xba,0x3c,0x66,0xd7,0xba,
    0x3c,0x66,0xd7,0xba,0x3c,0x66,0xd7,0xba,0x3c,0x66,0xd7,0xba,0x3c,0x66,0xd7,0xba,0x3c,0x66,0xd7,0xba,
    0x3c,0x66,0xd7,0xba,0x3c,0x66,0xd7,0xba,0x3c,0x66,0xd7,0xba,0x3c,0x66,0xd7,0xba,0x3c,0x66,0xd7,0xba,
    0x3c,0x66,0xd7,0xba,0x3c,0x66,0xd7,0xba,0x3c,0x66,0xd7,0xba,0x3c,0x66,0xd7,0xb8,0x3c,0x66,0xd7,0xba,
    0x3c,0x66,0xd7,0x8d,0x3c,0x66,0xd7,0x00,0x3c,0x66,0xd7,0x01,0x3c,0x66,0xd7,0x00,0x3c,0x66,0xd7,0x00,
    0x3c,0x66,0xd7,0x00,0x3c,0x66,0xd7,0x00,0x3c,0x66,0xd7,0x00,0x3c,0x66,0xd7,0x00,0x3c,0x66,0xd7,0x00,
    0x3c,0x66,0xd7,0x00,0x3c,0x66,0xd7,0x00,0x3c,0x66,0xd7,0x00,0x3c,0x66,0xd7,0x00,0x3c,0x66,0xd7,0x00,
    0x3c,0x66,0xd7,0x00,0x3c,0x66,0xd7,0x00,0x3c,0x66,0xd7,0x00,0x3c,0x66,0xd7,0x00,0x3c,0x66,0xd7,0x00,
    0x3c,0x66,0xd7,0x00,0x3c,0x66,0xd7,0x00,0x3c,0x66,0xd7,0x00,0x3c,0x66,0xd7,0x00,0x3c,0x66,0xd7,0x00,
    0x3c,0x66,0xd7,0x00,0x3c,0x66,0xd7,0x00,0x3c,0x66,0xd7,0x03,0x3c,0x66,0xd7,0x00,0x3c,0x66,0xd7,0x59,
    0x3c,0x66,0xd7,0xba,0x3c,0x66,0xd7,0xb8,0x3c,0x66,0xd7,0xba,0x3c,0x66,0xd7,0xba,0x3c,0x66,0xd7,0xba,
    0x3c,0x66,0xd7,0xba,0x3c,0x66,0xd7,0xba,0x3c,0x66,0xd7,0xba,0x3c,0x66,0xd7,0xba,0x3c,0x66,0xd7,0xba,
    0x3c,0x66,0xd7,0xba,0x3c,0x66,0xd7,0xba,0x3c,0x66,0xd7,0xba,0x3c,0x66,0xd7,0xba,0x3c,0x66,0xd7,0xba,
    0x3c,0x66,0xd7,0xba,0x3c,0x66,0xd7,0xba,0x3c,0x66,0xd7,0xba,0x3c,0x66,0xd7,0xba,0x3c,0x66,0xd7,0xba,
    0x3c,0x66,0xd7,0xba,0x3c,0x66,0xd7,0xb9,0x3c,0x66,0xd7,0xba,0x3c,0x66,0xd7,0x30,0x3c,0x66,0xd7,0x00,
    0x3c,0x66,0xd7,0x02,0x3c,0x66,0xd7,0x00,0x3c,0x66,0xd7,0x00,0x3c,0x66,0xd7,0x00,0x3c,0x66,0xd7,0x00,
    0x3c,0x66,0xd7,0x00,0x3c,0x66,0xd7,0x00,0x3c,0x66,0xd7,0x00,0x3c,0x66,0xd7,0x00,0x3c,0x66,0xd7,0x00,
    0x3c,0x66,0xd7,0x00,0x3c,0x66,0xd7,0x00,0x3c,0x66,0xd7,0x00,0x3c,0x66,0xd7,0x00,0x3c,0x66,0xd7,0x00,
    0x3c,0x66,0xd7,0x00,0x3c,0x66,0xd7,0x00,0x3c,0x66,0xd7,0x00,0x3c,0x66,0xd7,0x00,0x3c,0x66,0xd7,0x00,
    0x3c,0x66,0xd7,0x00,0x3c,0x66,0xd7,0x00,0x3c,0x66,0xd7,0x00,0x3c,0x66,0xd7,0x00,0x3c,0x66,0xd7,0x03,
    0x3c,0x66,0xd7,0x00,0x3c,0x66,0xd7,0x59,0x3c,0x66,0xd7,0xba,0x3c,0x66,0xd7,0xb8,0x3c,0x66,0xd7,0xba,
    0x3c,0x66,0xd7,0xba,0x3c,0x66,0xd7,0xba,0x3c,0x66,0xd7,0xba,0x3c,0x66,0xd7,0xba,0x3c,0x66,0xd7,0xba,
    0x3c,0x66,0xd7,0xba,0x3c,0x66,0xd7,0xba,0x3c,0x66,0xd7,0xba,0x3c,0x66,0xd7,0xba,0x3c,0x66,0xd7,0xb8,
    0x3c,0x66,0xd7,0xba,0x3c,0x66,0xd7,0x86,0x3c,0x66,0xd7,0x00,0x3c,0x66,0xd7,0x02,0x3c,0x66,0xd7,0x00,
    0x3c,0x66,0xd7,0x00,0x3c,0x66,0xd7,0x00,0x3c,0x66,0xd7,0x00,0x3c,0x66,0xd7,0x00,0x3c,0x66,0xd7,0x00,
    0x3c,0x66,0xd7,0x00,0x3c,0x66,0xd7,0x00,0x3c,0x66,0xd7,0x00,0x3c,0x66,0xd7,0x00,0x3c,0x66,0xd7,0x00,
    0x3c,0x66,0xd7,0x00,0x3c,0x66,0xd7,0x00,0x3c,0x66,0xd7,0x00,0x3c,0x66,0xd7,0x00,0x3c,0x66,0xd7,0x00,
    0x3c,0x66,0xd7,0x03,0x3c,0x66,0xd7,0x00,0x3c,0x66,0xd7,0x5a,0x3c,0x66,0xd7,0xbb,0x3c,0x66,0xd7,0xb8,
    0x3c,0x66,0xd7,0xba,0x3c,0x66,0xd7,0xba,0x3c,0x66,0xd7,0xba,0x3c,0x66,0xd7,0xba,0x3c,0x66,0xd7,0xba,
    0x3c,0x66,0xd7,0xba,0x3c,0x66,0xd7,0xba,0x3c,0x66,0xd7,0xba,0x3c,0x66,0xd7,0xba,0x3c,0x66,0xd7,0xba,
    0x3c,0x66,0xd7,0xb8,0x3c,0x66,0xd7,0xba,0x3c,0x66,0xd7,0x88,0x3c,0x66,0xd7,0x00,0x3c,0x66,0xd7,0x02,
    0x3c,0x66,0xd7,0x00,0x3c,0x66,0xd7,0x00,0x3c,0x66,0xd7,0x00,0x3c,0x66,0xd7,0x00,0x3c,0x66,0xd7,0x00,
    0x3c,0x66,0xd7,0x00,0x3c,0x66,0xd7,0x00,0x3c,0x66,0xd7,0x00,0x3c,0x66,0xd7,0x00,0x3c,0x66,0xd7,0x00,
    0x3c,0x66,0xd7,0x00,0x3c,0x66,0xd7,0x00,0x3c,0x66,0xd7,0x00,0x3c,0x66,0xd7,0x00,0x3c,0x66,0xd7,0x00,
    0x3c,0x66,0xd7,0x00,0x3c,0x66,0xd7,0x00,0x3c,0x66,0xd7,0x00,0x3c,0x66,0xd7,0x00,0x3c,0x66,0xd7,0x00,
    0x3c,0x66,0xd7,0x00,0x3c,0x66,0xd7,0x00,0x3c,0x66,0xd7,0x00,0x3c,0x66,0xd7,0x00,0x3c,0x66,0xd7,0x00,
    0x3c,0x66,0xd7,0x00,0x3c,0x66,0xd7,0x00,0x3c,0x66,0xd7,0x00,0x3c,0x66,0xd7,0x00,0x3c,0x66,0xd7,0x00,
    0x3c,0x66,0xd7,0x00,0x3c,0x66,0xd7,0x00,0x3c,0x66,0xd7,0x00,0x3c,0x66,0xd7,0x00,0x3c,0x66,0xd7,0x00,
    0x3c,0x66,0xd7,0x00,0x3c,0x66,0xd7,0x00,0x3c,0x66,0xd7,0x00,0x3c,0x66,0xd7,0x00,0x3c,0x66,0xd7,0x00,
    0x3c,0x66,0xd7,0x00,0x3c,0x66,0xd7,0x00,0x3c,0x66,0xd7,0x00,0x3c,0x66,0xd7,0x00,0x3c,0x66,0xd7,0x00,
    0x3c,0x66,0xd7,0x00,0x3c,0x66,0xd7,0x00,0x3c,0x66,0xd7,0x00,0x3c,0x66,0xd7,0x00,0x3c,0x66,0xd7,0x00,
    0x3c,0x66,0xd7,0x00,0x3c,0x66,0xd7,0x00,0x3c,0x66,0xd7,0x00,0x3c,0x66,0xd7,0x00,0x3c,0x66,0xd7,0x00,
    0x3c,0x66,0xd7,0x00,0x3c,0x66,0xd7,0x00,0x3c,0x66,0xd7,0x00,0x3c,0x66,0xd7,0x00,0x3c,0x66,0xd7,0x00,
    0x3c,0x66,0xd7,0x00,0x3c,0x66,0xd7,0x00,0x3c,0x66,0xd7,0x00,0x3c,0x66,0xd7,0x00,0x3c,0x66,0xd7,0x00,
    0x3c,0x66,0xd7,0x00,0x3c,0x66,0xd7,0x00,0x3c,0x66,0xd7,0x00,0x3c,0x66,0xd7,0x00,0x3c,0x66,0xd7,0x00,
    0x3c,0x66,0xd7,0x00,0x3c,0x66,0xd7,0x00,0x3c,0x66,0xd7,0x00,0x3c,0x66,0xd7,0x00,0x3c,0x66,0xd7,0x00,
    0x3c,0x66,0xd7,0x00,0x3c,0x66,0xd7,0x00,0x3c,0x66,0xd7,0x00,0x3c,0x66,0xd7,0x00,0x3c,0x66,0xd7,0x00,
    0x3c,0x66,0xd7,0x00,0x3c,0x66,0xd7,0x00,0x3c,0x66,0xd7,0x00,0x3c,0x66,0xd7,0x00,0x3c,0x66,0xd7,0x00,
    0x3c,0x66,0xd7,0x00,0x3c,0x66,0xd7,0x00,0x3c,0x66,0xd7,0x00,0x3c,0x66,0xd7,0x00,0x3c,0x66,0xd7,0x00,
    0x3c,0x66,0xd7,0x00,0x3c,0x66,0xd7,0x00,0x3c,0x66,0xd7,0x00,0x3c,0x66,0xd7,0x00,0x3c,0x66,0xd7,0x00,
    0x3c,0x66,0xd7,0x00,0x3c,0x66,0xd7,0x00,0x3c,0x66,0xd7,0x00,0x3c,0x66,0xd7,0x00,0x3c,0x66,0xd7,0x00,
    0x3c,0x66,0xd7,0x00,0x3c,0x66,0xd7,0x00,0x3c,0x66,0xd7,0x00,0x3c,0x66,0xd7,0x00,0x3c,0x66,0xd7,0x00,
    0x3c,0x66,0xd7,0x00,0x3c,0x66,0xd7,0x00,0x3c,0x66,0xd7,0x00,0x3c,0x66,0xd7,0x00,0x3c,0x66,0xd7,0x00,
    0x3c,0x66,0xd7,0x00,0x3c,0x66,0xd7,0x00,0x3c,0x66,0xd7,0x00,0x3c,0x66,0xd7,0x00,0x3c,0x66,0xd7,0x00,
    0x3c,0x66,0xd7,0x00,0x3c,0x66,0xd7,0x00,0x3c,0x66,0xd7,0x00,0x3c,0x66,0xd7,0x00,0x3c,0x66,0xd7,0x00,
    0x3c,0x66,0xd7,0x00,0x3c,0x66,0xd7,0x00,0x3c,0x66,0xd7,0x00,0x3c,0x66,0xd7,0x00,0x3c,0x66,0xd7,0x00,
    0x3c,0x66,0xd7,0x00,0x3c,0x66,0xd7,0x00,0x3c,0x66,0xd7,0x00,0x3c,0x66,0xd7,0x00,0x3c,0x66,0xd7,0x00,
    0x3c,0x66,0xd7,0x00,0x3c,0x66,0xd7,0x00,0x3c,0x66,0xd7,0x00,0x3c,0x66,0xd7,0x00,0x3c,0x66,0xd7,0x00,
    0x3c,0x66,0xd7,0x00,0x3c,0x66,0xd7,0x00,0x3c,0x66,0xd7,0x00,0x3c,0x66,0xd7,0x00,0x3c,0x66,0xd7,0x00,
    0x3c,0x66,0xd7,0x00,0x3c,0x66,0xd7,0x00,0x3c,0x66,0xd7,0x00,0x3c,0x66,0xd7,0x00,0x3c,0x66,0xd7,0x00,
    0x3c,0x66,0xd7,0x00,0x3c,0x66,0xd7,0x00,0x3c,0x66,0xd7,0x00,0x3c,0x66,0xd7,0x00,0x3c,0x66,0xd7,0x00,
    0x3c,0x66,0xd7,0x00,0x3c,0x66,0xd7,0x00,0x3c,0x66,0xd7,0x00,0x3c,0x66,0xd7,0x00,0x3c,0x66,0xd7,0x00,
    0x3c,0x66,0xd7,0x00,0x3c,0x66,0xd7,0x00,0x3c,0x66,0xd7,0x00,0x3c,0x66,0xd7,0x00,0x3c,0x66,0xd7,0x00,
    0x3c,0x66,0xd7,0x00,0x3c,0x66,0xd7,0x00,0x3c,0x66,0xd7,0x00,0x3c,0x66,0xd7,0x00,0x3c,0x66,0xd7,0x00,
    0x3c,0x66,0xd7,0x00,0x3c,0x66,0xd7,0x00,0x3c,0x66,0xd7,0x00,0x3c,0x66,0xd7,0x00,0x3c,0x66,0xd7,0x00,
    0x3c,0x66,0xd7,0x00,0x3c,0x66,0xd7,0x00,0x3c,0x66,0xd7,0x00,0x3c,0x66,0xd7,0x00,0x3c,0x66,0xd7,0x00,
    0x3c,0x66,0xd7,0x00,0x3c,0x66,0xd7,0x00,0x3c,0x66,0xd7,0x00,0x3c,0x66,0xd7,0x00,0x3c,0x66,0xd7,0x00,
    0x3c,0x66,0xd7,0x00,0x3c,0x66,0xd7,0x00,0x3c,0x66,0xd7,0x00,0x3c,0x66,0xd7,0x00,0x3c,0x66,0xd7,0x00,
    0x3c,0x66,0xd7,0x00,0x3c,0x66,0xd7,0x00,0x3c,0x66,0xd7,0x00,0x3c,0x66,0xd7,0x00,0x3c,0x66,0xd7,0x00,
    0x3c,0x66,0xd7,0x00,0x3c,0x66,0xd7,0x00,0x3c,0x66,0xd7,0x00,0x3c,0x66,0xd7,0x00,0x3c,0x66,0xd7,0x00,
    0x3c,0x66,0xd7,0x00,0x3c,0x66,0xd7,0x00,0x3c,0x66,0xd7,0x00,0x3c,0x66,0xd7,0x00,0x3c,0x66,0xd7,0x00,
    0x3c,0x66,0xd7,0x00,0x3c,0x66,0xd7,0x00,0x3c,0x66,0xd7,0x00,0x3c,0x66,0xd7,0x00,0x3c,0x66,0xd7,0x00,
    0x3c,0x66,0xd7,0x00,0x3c,0x66,0xd7,0x00,0x3c,0x66,0xd7,0x00,0x3c,0x66,0xd7,0x00,0x3c,0x66,0xd7,0x00,
    0x3c,0x66,0xd7,0x00,0x3c,0x66,0xd7,0x00,0x3c,0x66,0xd7,0x00,0x3c,0x66,0xd7,0x00,0x3c,0x66,0xd7,0x00,
    0x3c,0x66,0xd7,0x00,0x3c,0x66,0xd7,0x00,0x3c,0x66,0xd7,0x00,0x3c,0x66,0xd7,0x00,0x3c,0x66,0xd7,0x00,
    0x3c,0x66,0xd7,0x00,0x3c,0x66,0xd7,0x00,0x3c,0x66,0xd7,0x00,0x3c,0x66,0xd7,0x00,0x3c,0x66,0xd7,0x00,
    0x3c,0x66,0xd7,0x00,0x3c,0x66,0xd7,0x00,0x3c,0x66,0xd7,0x00,0x3c,0x66,0xd7,0x00,0x3c,0x66,0xd7,0x00,
    0x3c,0x66,0xd7,0x00,0x3c,0x66,0xd7,0x00,0x3c,0x66,0xd7,0x00,0x3c,0x66,0xd7,0x00,0x3c,0x66,0xd7,0x00,
    0x3c,0x66,0xd7,0x00,0x3c,0x66,0xd7,0x00,0x3c,0x66,0xd7,0x00,0x3c,0x66,0xd7,0x00,0x3c,0x66,0xd7,0x00,
    0x3c,0x66,0xd7,0x00,0x3c,0x66,0xd7,0x00,0x3c,0x66,0xd7,0x00,0x3c,0x66,0xd7,0x00,0x3c,0x66,0xd7,0x00,
    0x3c,0x66,0xd7,0x00,0x3c,0x66,0xd7,0x00,0x3c,0x66,0xd7,0x00,0x3c,0x66,0xd7,0x00,0x3c,0x66,0xd7,0x00,
    0x3c,0x66,0xd7,0x00,0x3c,0x66,0xd7,0x00,0x3c,0x66,0xd7,0x00,0x3c,0x66,0xd7,0x00,0x3c,0x66,0xd7,0x00,
    0x3c,0x66,0xd7,0x00,0x3c,0x66,0xd7,0x00,0x3c,0x66,0xd7,0x00,0x3c,0x66,0xd7,0x00,0x3c,0x66,0xd7,0x00,
    0x3c,0x66,0xd7,0x00,0x3c,0x66,0xd7,0x00,0x3c,0x66,0xd7,0x00,0x3c,0x66,0xd7,0x00,0x3c,0x66,0xd7,0x00,
    0x3c,0x66,0xd7,0x00,0x3c,0x66,0xd7,0x00,0x3c,0x66,0xd7,0x00,0x3c,0x66,0xd7,0x00,0x3c,0x66,0xd7,0x00,
    0x3c,0x66,0xd7,0x00,0x3c,0x66,0xd7,0x00,0x3c,0x66,0xd7,0x00,0x3c,0x66,0xd7,0x00,0x3c,0x66,0xd7,0x00,
    0x3c,0x66,0xd7,0x00,0x3c,0x66,0xd7,0x00,0x3c,0x66,0xd7,0x00,0x3c,0x66,0xd7,0x00,0x3c,0x66,0xd7,0x00,
    0x3c,0x66,0xd7,0x00,0x3c,0x66,0xd7,0x00,0x3c,0x66,0xd7,0x00,0x3c,0x66,0xd7,0x00,0x3c,0x66,0xd7,0x00,
    0x3c,0x66,0xd7,0x00,0x3c,0x66,0xd7,0x00,0x3c,0x66,0xd7,0x00,0x3c,0x66,0xd7,0x00,0x3c,0x66,0xd7,0x00,
    0x3c,0x66,0xd7,0x00,0x3c,0x66,0xd7,0x00,0x3c,0x66,0xd7,0x00,0x3c,0x66,0xd7,0x00,0x3c,0x66,0xd7,0x00,
    0x3c,0x66,0xd7,0x00,0x3c,0x66,0xd7,0x00,0x3c,0x66,0xd7,0x00,0x3c,0x66,0xd7,0x00,0x3c,0x66,0xd7,0x00,
    0x3c,0x66,0xd7,0x00,0x3c,0x66,0xd7,0x00,0x3c,0x66,0xd7,0x00,0x3c,0x66,0xd7,0x00,0x3c,0x66,0xd7,0x00,
    0x3c,0x66,0xd7,0x00,0x3c,0x66,0xd7,0x00,0x3c,0x66,0xd7,0x00,0x3c,0x66,0xd7,0x00,0x3c,0x66,0xd7,0x00,
    0x3c,0x66,0xd7,0x00,0x3c,0x66,0xd7,0x00,0x3c,0x66,0xd7,0x00,0x3c,0x66,0xd7,0x00,0x3c,0x66,0xd7,0x00,
    0x3c,0x66,0xd7,0x00,0x3c,0x66,0xd7,0x00,0x3c,0x66,0xd7,0x00,0x3c,0x66,0xd7,0x00,0x3c,0x66,0xd7,0x00,
};

const lv_image_dsc_t party_img_dsc = {
    .header = { .magic = LV_IMAGE_HEADER_MAGIC,
                .cf = LV_COLOR_FORMAT_ARGB8888,
               .w = 300, .h = 62 },
    .data_size = sizeof(party_img_data),
    .data = party_img_data,
};
